fetched_at,race_date,race_no,horse_no,horse_name,source,tipster,title,url,kind,note
2026-09-13 01:38:52,2026-09-13,1,,星之願,東網馬經,兆文,兆文專欄,https://racing.on.cc/racing/fav/current/rjfavi0101x0.html,news,oncc
2026-09-13 01:38:52,2026-09-13,4,,幸運大夫,東網馬經,兆文,兆文專欄,https://racing.on.cc/racing/fav/current/rjfavi0101x0.html,news,oncc
2026-09-13 01:38:52,2026-09-13,8,,實力股,東網馬經,兆文,兆文專欄,https://racing.on.cc/racing/fav/current/rjfavi0101x0.html,news,oncc
2026-09-13 01:38:52,2026-09-13,,,後無來者,星島頭條,亨利拆局,亨利拆局│練馬師王吼姚本輝,https://www.stheadline.com/racing-tips/3614609/亨利拆局練馬師王吼姚本輝,news,
2026-09-13 01:38:52,2026-09-13,,,深心星,星島頭條,亨利拆局,亨利拆局│練馬師王吼姚本輝,https://www.stheadline.com/racing-tips/3614609/亨利拆局練馬師王吼姚本輝,news,
2026-09-13 01:38:52,2026-09-13,,,正本唐心,星島頭條,亨利拆局,亨利拆局│練馬師王吼姚本輝,https://www.stheadline.com/racing-tips/3614609/亨利拆局練馬師王吼姚本輝,news,
2026-09-13 01:38:52,2026-09-13,,,路路勁,星島頭條,亨利拆局,亨利拆局│練馬師王吼姚本輝,https://www.stheadline.com/racing-tips/3614609/亨利拆局練馬師王吼姚本輝,news,
2026-09-13 01:38:52,2026-09-13,,,快樂高球,星島頭條,亨利拆局,亨利拆局│練馬師王吼姚本輝,https://www.stheadline.com/racing-tips/3614609/亨利拆局練馬師王吼姚本輝,news,
2026-09-13 01:38:52,2026-09-13,,,實力股,星島頭條,亨利拆局,亨利拆局│練馬師王吼姚本輝,https://www.stheadline.com/racing-tips/3614609/亨利拆局練馬師王吼姚本輝,news,
2026-09-13 01:38:52,2026-09-13,,,捷威,星島頭條,亨利拆局,亨利拆局│練馬師王吼姚本輝,https://www.stheadline.com/racing-tips/3614609/亨利拆局練馬師王吼姚本輝,news,
2026-09-13 01:38:52,2026-09-13,,,輕功猛男,星島頭條,亨利拆局,亨利拆局│練馬師王吼姚本輝,https://www.stheadline.com/racing-tips/3614609/亨利拆局練馬師王吼姚本輝,news,
2026-09-13 01:38:52,2026-09-13,,,超寫意,星島頭條,亨利拆局,亨利拆局│練馬師王吼姚本輝,https://www.stheadline.com/racing-tips/3614609/亨利拆局練馬師王吼姚本輝,news,
2026-09-13 01:38:52,2026-09-13,,,㩒住贏,星島頭條,亨利拆局,亨利拆局│練馬師王吼姚本輝,https://www.stheadline.com/racing-tips/3614609/亨利拆局練馬師王吼姚本輝,news,
2026-09-13 01:38:52,2026-09-13,,,劍無情,星島頭條,廖事如神,廖事如神│「劍無情」出鞘告捷,https://www.stheadline.com/racing-tips/3614585/廖事如神劍無情出鞘告捷,news,
2026-09-13 01:38:52,2026-09-13,,,確好勁,星島頭條,廖事如神,廖事如神│「劍無情」出鞘告捷,https://www.stheadline.com/racing-tips/3614585/廖事如神劍無情出鞘告捷,news,
2026-09-13 01:38:52,2026-09-13,,,盈俊天下,星島頭條,廖事如神,廖事如神│「劍無情」出鞘告捷,https://www.stheadline.com/racing-tips/3614585/廖事如神劍無情出鞘告捷,news,
2026-09-13 01:38:52,2026-09-13,,,路路勁,星島頭條,廖事如神,廖事如神│「劍無情」出鞘告捷,https://www.stheadline.com/racing-tips/3614585/廖事如神劍無情出鞘告捷,news,
2026-09-13 01:38:52,2026-09-13,,,至合拍,星島頭條,廖事如神,廖事如神│「劍無情」出鞘告捷,https://www.stheadline.com/racing-tips/3614585/廖事如神劍無情出鞘告捷,news,
2026-09-13 01:38:52,2026-09-13,,,電子好好,星島頭條,廖事如神,廖事如神│「劍無情」出鞘告捷,https://www.stheadline.com/racing-tips/3614585/廖事如神劍無情出鞘告捷,news,
2026-09-13 01:38:52,2026-09-13,,,杭至尊,星島頭條,廖事如神,廖事如神│「劍無情」出鞘告捷,https://www.stheadline.com/racing-tips/3614585/廖事如神劍無情出鞘告捷,news,
2026-09-13 01:38:52,2026-09-13,,,東方寶寶,星島頭條,廖事如神,廖事如神│「劍無情」出鞘告捷,https://www.stheadline.com/racing-tips/3614585/廖事如神劍無情出鞘告捷,news,
2026-09-13 01:38:52,2026-09-13,,,明亮光輝,星島頭條,廖事如神,廖事如神│「劍無情」出鞘告捷,https://www.stheadline.com/racing-tips/3614585/廖事如神劍無情出鞘告捷,news,
2026-09-13 01:38:52,2026-09-13,,,發財金戈,星島頭條,廖事如神,廖事如神│「劍無情」出鞘告捷,https://www.stheadline.com/racing-tips/3614585/廖事如神劍無情出鞘告捷,news,
2026-09-13 01:38:52,2026-09-13,,,盈俊天下,星島頭條,波仔至醒靈活玩,波仔至醒靈活玩│「盈俊天下」試準出擊,https://www.stheadline.com/racing-tips/3614571/波仔至醒靈活玩盈俊天下試準出擊,news,
2026-09-13 01:38:52,2026-09-13,,,嘉應耀昇,星島頭條,波仔至醒靈活玩,波仔至醒靈活玩│「盈俊天下」試準出擊,https://www.stheadline.com/racing-tips/3614571/波仔至醒靈活玩盈俊天下試準出擊,news,
2026-09-13 01:38:52,2026-09-13,,,堅先生,星島頭條,波仔至醒靈活玩,波仔至醒靈活玩│「盈俊天下」試準出擊,https://www.stheadline.com/racing-tips/3614571/波仔至醒靈活玩盈俊天下試準出擊,news,
2026-09-13 01:38:52,2026-09-13,,,共建世界,星島頭條,波仔至醒靈活玩,波仔至醒靈活玩│「盈俊天下」試準出擊,https://www.stheadline.com/racing-tips/3614571/波仔至醒靈活玩盈俊天下試準出擊,news,
2026-09-13 01:38:52,2026-09-13,,,發財金戈,星島頭條,波仔至醒靈活玩,波仔至醒靈活玩│「盈俊天下」試準出擊,https://www.stheadline.com/racing-tips/3614571/波仔至醒靈活玩盈俊天下試準出擊,news,
2026-09-13 01:38:52,2026-09-13,,,風火恆雲,星島頭條,波仔至醒靈活玩,波仔至醒靈活玩│「盈俊天下」試準出擊,https://www.stheadline.com/racing-tips/3614571/波仔至醒靈活玩盈俊天下試準出擊,news,
2026-09-13 01:38:52,2026-09-13,,,家樂寶駒,星島頭條,波仔至醒靈活玩,波仔至醒靈活玩│「盈俊天下」試準出擊,https://www.stheadline.com/racing-tips/3614571/波仔至醒靈活玩盈俊天下試準出擊,news,
2026-09-13 01:38:52,2026-09-13,,,飛躍成就,星島頭條,波仔至醒靈活玩,波仔至醒靈活玩│「盈俊天下」試準出擊,https://www.stheadline.com/racing-tips/3614571/波仔至醒靈活玩盈俊天下試準出擊,news,
2026-09-13 01:38:52,2026-09-13,,,傑出雷霆,星島頭條,波仔至醒靈活玩,波仔至醒靈活玩│「盈俊天下」試準出擊,https://www.stheadline.com/racing-tips/3614571/波仔至醒靈活玩盈俊天下試準出擊,news,
2026-09-13 01:38:52,2026-09-13,,,金勝名駒,星島頭條,馬觀微全日心水,馬觀微全日心水│「金勝名駒」樂展賢能,https://www.stheadline.com/racing-tips/3614603/馬觀微全日心水金勝名駒樂展賢能,news,
2026-09-13 01:38:52,2026-09-13,,,友瑩仁,星島頭條,馬觀微全日心水,馬觀微全日心水│「金勝名駒」樂展賢能,https://www.stheadline.com/racing-tips/3614603/馬觀微全日心水金勝名駒樂展賢能,news,
2026-09-13 01:38:52,2026-09-12,,,你知我寶,星島頭條,Dickson心水,Dickson心水│「你知我寶」前仗走光,https://www.stheadline.com/racing-tips/3614601/Dickson心水你知我寶前仗走光,news,
2026-09-13 01:38:52,2026-09-12,,,樂勝天下,星島頭條,Dickson心水,Dickson心水│「你知我寶」前仗走光,https://www.stheadline.com/racing-tips/3614601/Dickson心水你知我寶前仗走光,news,
2026-09-13 01:38:52,2026-09-12,,,明德輝煌,星島頭條,Dickson心水,Dickson心水│「你知我寶」前仗走光,https://www.stheadline.com/racing-tips/3614601/Dickson心水你知我寶前仗走光,news,
2026-09-13 01:38:52,2026-09-12,,,捷威,星島頭條,Dickson心水,Dickson心水│「你知我寶」前仗走光,https://www.stheadline.com/racing-tips/3614601/Dickson心水你知我寶前仗走光,news,
2026-09-13 01:38:52,2026-09-12,,,風起雲湧,星島頭條,Dickson心水,Dickson心水│「你知我寶」前仗走光,https://www.stheadline.com/racing-tips/3614601/Dickson心水你知我寶前仗走光,news,
2026-09-13 01:38:52,2026-09-12,,,創科群英,星島頭條,Dickson心水,Dickson心水│「你知我寶」前仗走光,https://www.stheadline.com/racing-tips/3614601/Dickson心水你知我寶前仗走光,news,
2026-09-14 05:19:50,2026-09-13,1,14,星之願,東網馬經,西門獨,西門獨貼士,https://racing.on.cc/racing/fav/current/rjfavf0101x0.html,news,oncc
2026-09-14 05:19:50,2026-09-13,1,10,籐王駒,東網馬經,西門獨,西門獨貼士,https://racing.on.cc/racing/fav/current/rjfavf0101x0.html,news,oncc
2026-09-14 05:19:50,2026-09-13,1,11,巴閉佬,東網馬經,西門獨,西門獨貼士,https://racing.on.cc/racing/fav/current/rjfavf0101x0.html,news,oncc
2026-09-14 05:19:50,2026-09-13,1,12,紅旺繽紛,東網馬經,西門獨,西門獨貼士,https://racing.on.cc/racing/fav/current/rjfavf0101x0.html,news,oncc
2026-09-14 05:19:50,2026-09-13,1,13,常常感恩,東網馬經,西門獨,西門獨貼士,https://racing.on.cc/racing/fav/current/rjfavf0101x0.html,news,oncc
2026-09-14 05:19:50,2026-09-13,2,8,紅海旺,東網馬經,西門獨,西門獨貼士,https://racing.on.cc/racing/fav/current/rjfavf0101x0.html,news,oncc
2026-09-14 05:19:50,2026-09-13,2,13,杭至尊,東網馬經,西門獨,西門獨貼士,https://racing.on.cc/racing/fav/current/rjfavf0101x0.html,news,oncc
2026-09-14 05:19:50,2026-09-13,2,2,路路勁,東網馬經,西門獨,西門獨貼士,https://racing.on.cc/racing/fav/current/rjfavf0101x0.html,news,oncc
2026-09-14 05:19:50,2026-09-13,2,5,盈俊天下,東網馬經,西門獨,西門獨貼士,https://racing.on.cc/racing/fav/current/rjfavf0101x0.html,news,oncc
2026-09-14 05:19:50,2026-09-13,2,10,電子好好,東網馬經,西門獨,西門獨貼士,https://racing.on.cc/racing/fav/current/rjfavf0101x0.html,news,oncc
2026-09-14 05:19:50,2026-09-13,3,4,明亮光輝,東網馬經,西門獨,西門獨貼士,https://racing.on.cc/racing/fav/current/rjfavf0101x0.html,news,oncc
2026-09-14 05:19:50,2026-09-13,3,10,發財金戈,東網馬經,西門獨,西門獨貼士,https://racing.on.cc/racing/fav/current/rjfavf0101x0.html,news,oncc
2026-09-14 05:19:50,2026-09-13,3,5,朗日雪峰,東網馬經,西門獨,西門獨貼士,https://racing.on.cc/racing/fav/current/rjfavf0101x0.html,news,oncc
2026-09-14 05:19:50,2026-09-13,3,12,輕鬆大少,東網馬經,西門獨,西門獨貼士,https://racing.on.cc/racing/fav/current/rjfavf0101x0.html,news,oncc
2026-09-14 05:19:50,2026-09-13,3,3,東方寶寶,東網馬經,西門獨,西門獨貼士,https://racing.on.cc/racing/fav/current/rjfavf0101x0.html,news,oncc
2026-09-14 05:19:50,2026-09-13,4,8,錶之梵星,東網馬經,西門獨,西門獨貼士,https://racing.on.cc/racing/fav/current/rjfavf0101x0.html,news,oncc
2026-09-14 05:19:50,2026-09-13,4,9,綠茵明珠,東網馬經,西門獨,西門獨貼士,https://racing.on.cc/racing/fav/current/rjfavf0101x0.html,news,oncc
2026-09-14 05:19:50,2026-09-13,4,12,快樂高球,東網馬經,西門獨,西門獨貼士,https://racing.on.cc/racing/fav/current/rjfavf0101x0.html,news,oncc
2026-09-14 05:19:50,2026-09-13,4,7,幸運大夫,東網馬經,西門獨,西門獨貼士,https://racing.on.cc/racing/fav/current/rjfavf0101x0.html,news,oncc
2026-09-14 05:19:50,2026-09-13,4,6,小魔怪,東網馬經,西門獨,西門獨貼士,https://racing.on.cc/racing/fav/current/rjfavf0101x0.html,news,oncc
2026-09-14 05:19:50,2026-09-13,5,5,鋁神,東網馬經,西門獨,西門獨貼士,https://racing.on.cc/racing/fav/current/rjfavf0101x0.html,news,oncc
2026-09-14 05:19:50,2026-09-13,5,10,烈進駒,東網馬經,西門獨,西門獨貼士,https://racing.on.cc/racing/fav/current/rjfavf0101x0.html,news,oncc
2026-09-14 05:19:50,2026-09-13,5,11,天天更好,東網馬經,西門獨,西門獨貼士,https://racing.on.cc/racing/fav/current/rjfavf0101x0.html,news,oncc
2026-09-14 05:19:50,2026-09-13,5,14,觀萬物,東網馬經,西門獨,西門獨貼士,https://racing.on.cc/racing/fav/current/rjfavf0101x0.html,news,oncc
2026-09-14 05:19:50,2026-09-13,5,2,肯佩斯,東網馬經,西門獨,西門獨貼士,https://racing.on.cc/racing/fav/current/rjfavf0101x0.html,news,oncc
2026-09-14 05:19:50,2026-09-13,6,1,捷威,東網馬經,西門獨,西門獨貼士,https://racing.on.cc/racing/fav/current/rjfavf0101x0.html,news,oncc
2026-09-14 05:19:50,2026-09-13,6,3,幸運威龍,東網馬經,西門獨,西門獨貼士,https://racing.on.cc/racing/fav/current/rjfavf0101x0.html,news,oncc
2026-09-14 05:19:50,2026-09-13,6,5,好運年,東網馬經,西門獨,西門獨貼士,https://racing.on.cc/racing/fav/current/rjfavf0101x0.html,news,oncc
2026-09-14 05:19:50,2026-09-13,6,11,,東網馬經,西門獨,西門獨貼士,https://racing.on.cc/racing/fav/current/rjfavf0101x0.html,news,oncc
2026-09-14 05:19:50,2026-09-13,6,4,勤德天下,東網馬經,西門獨,西門獨貼士,https://racing.on.cc/racing/fav/current/rjfavf0101x0.html,news,oncc
2026-09-14 05:19:50,2026-09-13,7,1,準輝煌,東網馬經,西門獨,西門獨貼士,https://racing.on.cc/racing/fav/current/rjfavf0101x0.html,news,oncc
2026-09-14 05:19:50,2026-09-13,7,4,加州熱浪,東網馬經,西門獨,西門獨貼士,https://racing.on.cc/racing/fav/current/rjfavf0101x0.html,news,oncc
2026-09-14 05:19:50,2026-09-13,7,5,步風影,東網馬經,西門獨,西門獨貼士,https://racing.on.cc/racing/fav/current/rjfavf0101x0.html,news,oncc
2026-09-14 05:19:50,2026-09-13,7,12,活力精神,東網馬經,西門獨,西門獨貼士,https://racing.on.cc/racing/fav/current/rjfavf0101x0.html,news,oncc
2026-09-14 05:19:50,2026-09-13,7,8,龍城強將,東網馬經,西門獨,西門獨貼士,https://racing.on.cc/racing/fav/current/rjfavf0101x0.html,news,oncc
2026-09-14 05:19:50,2026-09-13,8,1,實力股,東網馬經,西門獨,西門獨貼士,https://racing.on.cc/racing/fav/current/rjfavf0101x0.html,news,oncc
2026-09-14 05:19:50,2026-09-13,8,8,米奇,東網馬經,西門獨,西門獨貼士,https://racing.on.cc/racing/fav/current/rjfavf0101x0.html,news,oncc
2026-09-14 05:19:50,2026-09-13,8,4,團結勇士,東網馬經,西門獨,西門獨貼士,https://racing.on.cc/racing/fav/current/rjfavf0101x0.html,news,oncc
2026-09-14 05:19:50,2026-09-13,8,10,星運傳奇,東網馬經,西門獨,西門獨貼士,https://racing.on.cc/racing/fav/current/rjfavf0101x0.html,news,oncc
2026-09-14 05:19:50,2026-09-13,8,13,幸運糖,東網馬經,西門獨,西門獨貼士,https://racing.on.cc/racing/fav/current/rjfavf0101x0.html,news,oncc
2026-09-14 05:19:50,2026-09-13,9,8,傑出雷霆,東網馬經,西門獨,西門獨貼士,https://racing.on.cc/racing/fav/current/rjfavf0101x0.html,news,oncc
2026-09-14 05:19:50,2026-09-13,9,1,超寫意,東網馬經,西門獨,西門獨貼士,https://racing.on.cc/racing/fav/current/rjfavf0101x0.html,news,oncc
2026-09-14 05:19:50,2026-09-13,9,5,鑽石星空,東網馬經,西門獨,西門獨貼士,https://racing.on.cc/racing/fav/current/rjfavf0101x0.html,news,oncc
2026-09-14 05:19:50,2026-09-13,9,6,星月飛雲,東網馬經,西門獨,西門獨貼士,https://racing.on.cc/racing/fav/current/rjfavf0101x0.html,news,oncc
2026-09-14 05:19:50,2026-09-13,9,2,錶之極光,東網馬經,西門獨,西門獨貼士,https://racing.on.cc/racing/fav/current/rjfavf0101x0.html,news,oncc
2026-09-14 05:19:50,2026-09-13,10,10,金勝名駒,東網馬經,西門獨,西門獨貼士,https://racing.on.cc/racing/fav/current/rjfavf0101x0.html,news,oncc
2026-09-14 05:19:50,2026-09-13,10,12,嵐臣,東網馬經,西門獨,西門獨貼士,https://racing.on.cc/racing/fav/current/rjfavf0101x0.html,news,oncc
2026-09-14 05:19:50,2026-09-13,10,8,仁仁有餘,東網馬經,西門獨,西門獨貼士,https://racing.on.cc/racing/fav/current/rjfavf0101x0.html,news,oncc
2026-09-14 05:19:50,2026-09-13,10,4,細水長流,東網馬經,西門獨,西門獨貼士,https://racing.on.cc/racing/fav/current/rjfavf0101x0.html,news,oncc
2026-09-14 05:19:50,2026-09-13,10,2,友瑩亮,東網馬經,西門獨,西門獨貼士,https://racing.on.cc/racing/fav/current/rjfavf0101x0.html,news,oncc
2026-09-14 05:19:50,2026-09-13,1,7,增旺,東網馬經,諸葛數,西門獨貼士,https://racing.on.cc/racing/fav/current/rjfavf0101x0.html,news,oncc
2026-09-14 05:19:50,2026-09-13,1,3,海鑽石,東網馬經,諸葛數,西門獨貼士,https://racing.on.cc/racing/fav/current/rjfavf0101x0.html,news,oncc
2026-09-14 05:19:50,2026-09-13,1,9,文武全能,東網馬經,諸葛數,西門獨貼士,https://racing.on.cc/racing/fav/current/rjfavf0101x0.html,news,oncc
2026-09-14 05:19:50,2026-09-13,1,11,巴閉佬,東網馬經,諸葛數,西門獨貼士,https://racing.on.cc/racing/fav/current/rjfavf0101x0.html,news,oncc
2026-09-14 05:19:50,2026-09-13,1,1,暴風一族,東網馬經,諸葛數,西門獨貼士,https://racing.on.cc/racing/fav/current/rjfavf0101x0.html,news,oncc
2026-09-14 05:19:50,2026-09-13,2,2,路路勁,東網馬經,諸葛數,西門獨貼士,https://racing.on.cc/racing/fav/current/rjfavf0101x0.html,news,oncc
2026-09-14 05:19:50,2026-09-13,2,8,紅海旺,東網馬經,諸葛數,西門獨貼士,https://racing.on.cc/racing/fav/current/rjfavf0101x0.html,news,oncc
2026-09-14 05:19:50,2026-09-13,2,10,電子好好,東網馬經,諸葛數,西門獨貼士,https://racing.on.cc/racing/fav/current/rjfavf0101x0.html,news,oncc
2026-09-14 05:19:50,2026-09-13,2,13,杭至尊,東網馬經,諸葛數,西門獨貼士,https://racing.on.cc/racing/fav/current/rjfavf0101x0.html,news,oncc
2026-09-14 05:19:50,2026-09-13,2,11,雷神太保,東網馬經,諸葛數,西門獨貼士,https://racing.on.cc/racing/fav/current/rjfavf0101x0.html,news,oncc
2026-09-14 05:19:50,2026-09-13,3,4,明亮光輝,東網馬經,諸葛數,西門獨貼士,https://racing.on.cc/racing/fav/current/rjfavf0101x0.html,news,oncc
2026-09-14 05:19:50,2026-09-13,3,3,東方寶寶,東網馬經,諸葛數,西門獨貼士,https://racing.on.cc/racing/fav/current/rjfavf0101x0.html,news,oncc
2026-09-14 05:19:50,2026-09-13,3,6,銀騰,東網馬經,諸葛數,西門獨貼士,https://racing.on.cc/racing/fav/current/rjfavf0101x0.html,news,oncc
2026-09-14 05:19:50,2026-09-13,3,5,朗日雪峰,東網馬經,諸葛數,西門獨貼士,https://racing.on.cc/racing/fav/current/rjfavf0101x0.html,news,oncc
2026-09-14 05:19:50,2026-09-13,3,2,榮耀盛甲,東網馬經,諸葛數,西門獨貼士,https://racing.on.cc/racing/fav/current/rjfavf0101x0.html,news,oncc
2026-09-14 05:19:50,2026-09-13,4,11,你知我寶,東網馬經,諸葛數,西門獨貼士,https://racing.on.cc/racing/fav/current/rjfavf0101x0.html,news,oncc
2026-09-14 05:19:50,2026-09-13,4,2,逍遙人生,東網馬經,諸葛數,西門獨貼士,https://racing.on.cc/racing/fav/current/rjfavf0101x0.html,news,oncc
2026-09-14 05:19:50,2026-09-13,4,6,小魔怪,東網馬經,諸葛數,西門獨貼士,https://racing.on.cc/racing/fav/current/rjfavf0101x0.html,news,oncc
2026-09-14 05:19:50,2026-09-13,4,1,川河帥駒,東網馬經,諸葛數,西門獨貼士,https://racing.on.cc/racing/fav/current/rjfavf0101x0.html,news,oncc
2026-09-14 05:19:50,2026-09-13,4,8,錶之梵星,東網馬經,諸葛數,西門獨貼士,https://racing.on.cc/racing/fav/current/rjfavf0101x0.html,news,oncc
2026-09-14 05:19:50,2026-09-13,5,10,烈進駒,東網馬經,諸葛數,西門獨貼士,https://racing.on.cc/racing/fav/current/rjfavf0101x0.html,news,oncc
2026-09-14 05:19:50,2026-09-13,5,2,肯佩斯,東網馬經,諸葛數,西門獨貼士,https://racing.on.cc/racing/fav/current/rjfavf0101x0.html,news,oncc
2026-09-14 05:19:50,2026-09-13,5,5,鋁神,東網馬經,諸葛數,西門獨貼士,https://racing.on.cc/racing/fav/current/rjfavf0101x0.html,news,oncc
2026-09-14 05:19:50,2026-09-13,5,7,確好勁,東網馬經,諸葛數,西門獨貼士,https://racing.on.cc/racing/fav/current/rjfavf0101x0.html,news,oncc
2026-09-14 05:19:50,2026-09-13,5,3,渡月橋,東網馬經,諸葛數,西門獨貼士,https://racing.on.cc/racing/fav/current/rjfavf0101x0.html,news,oncc
2026-09-14 05:19:50,2026-09-13,6,1,捷威,東網馬經,諸葛數,西門獨貼士,https://racing.on.cc/racing/fav/current/rjfavf0101x0.html,news,oncc
2026-09-14 05:19:50,2026-09-13,6,4,勤德天下,東網馬經,諸葛數,西門獨貼士,https://racing.on.cc/racing/fav/current/rjfavf0101x0.html,news,oncc
2026-09-14 05:19:50,2026-09-13,6,11,,東網馬經,諸葛數,西門獨貼士,https://racing.on.cc/racing/fav/current/rjfavf0101x0.html,news,oncc
2026-09-14 05:19:50,2026-09-13,6,3,幸運威龍,東網馬經,諸葛數,西門獨貼士,https://racing.on.cc/racing/fav/current/rjfavf0101x0.html,news,oncc
2026-09-14 05:19:50,2026-09-13,6,6,新力飆,東網馬經,諸葛數,西門獨貼士,https://racing.on.cc/racing/fav/current/rjfavf0101x0.html,news,oncc
2026-09-14 05:19:50,2026-09-13,7,2,睿智多寶,東網馬經,諸葛數,西門獨貼士,https://racing.on.cc/racing/fav/current/rjfavf0101x0.html,news,oncc
2026-09-14 05:19:50,2026-09-13,7,4,加州熱浪,東網馬經,諸葛數,西門獨貼士,https://racing.on.cc/racing/fav/current/rjfavf0101x0.html,news,oncc
2026-09-14 05:19:50,2026-09-13,7,5,步風影,東網馬經,諸葛數,西門獨貼士,https://racing.on.cc/racing/fav/current/rjfavf0101x0.html,news,oncc
2026-09-14 05:19:50,2026-09-13,7,13,天比高,東網馬經,諸葛數,西門獨貼士,https://racing.on.cc/racing/fav/current/rjfavf0101x0.html,news,oncc
2026-09-14 05:19:50,2026-09-13,7,1,準輝煌,東網馬經,諸葛數,西門獨貼士,https://racing.on.cc/racing/fav/current/rjfavf0101x0.html,news,oncc
2026-09-14 05:19:50,2026-09-13,8,1,實力股,東網馬經,諸葛數,西門獨貼士,https://racing.on.cc/racing/fav/current/rjfavf0101x0.html,news,oncc
2026-09-14 05:19:50,2026-09-13,8,9,大愛無疆,東網馬經,諸葛數,西門獨貼士,https://racing.on.cc/racing/fav/current/rjfavf0101x0.html,news,oncc
2026-09-14 05:19:50,2026-09-13,8,13,幸運糖,東網馬經,諸葛數,西門獨貼士,https://racing.on.cc/racing/fav/current/rjfavf0101x0.html,news,oncc
2026-09-14 05:19:50,2026-09-13,8,12,無敵好瑪,東網馬經,諸葛數,西門獨貼士,https://racing.on.cc/racing/fav/current/rjfavf0101x0.html,news,oncc
2026-09-14 05:19:50,2026-09-13,8,2,會長之寶,東網馬經,諸葛數,西門獨貼士,https://racing.on.cc/racing/fav/current/rjfavf0101x0.html,news,oncc
2026-09-14 05:19:50,2026-09-13,9,1,超寫意,東網馬經,諸葛數,西門獨貼士,https://racing.on.cc/racing/fav/current/rjfavf0101x0.html,news,oncc
2026-09-14 05:19:50,2026-09-13,9,5,鑽石星空,東網馬經,諸葛數,西門獨貼士,https://racing.on.cc/racing/fav/current/rjfavf0101x0.html,news,oncc
2026-09-14 05:19:50,2026-09-13,9,6,星月飛雲,東網馬經,諸葛數,西門獨貼士,https://racing.on.cc/racing/fav/current/rjfavf0101x0.html,news,oncc
2026-09-14 05:19:50,2026-09-13,9,8,傑出雷霆,東網馬經,諸葛數,西門獨貼士,https://racing.on.cc/racing/fav/current/rjfavf0101x0.html,news,oncc
2026-09-14 05:19:50,2026-09-13,9,9,耀寶,東網馬經,諸葛數,西門獨貼士,https://racing.on.cc/racing/fav/current/rjfavf0101x0.html,news,oncc
2026-09-14 05:19:50,2026-09-13,10,10,金勝名駒,東網馬經,諸葛數,西門獨貼士,https://racing.on.cc/racing/fav/current/rjfavf0101x0.html,news,oncc
2026-09-14 05:19:50,2026-09-13,10,5,潮州精神,東網馬經,諸葛數,西門獨貼士,https://racing.on.cc/racing/fav/current/rjfavf0101x0.html,news,oncc
2026-09-14 05:19:50,2026-09-13,10,7,百勝威龍,東網馬經,諸葛數,西門獨貼士,https://racing.on.cc/racing/fav/current/rjfavf0101x0.html,news,oncc
2026-09-14 05:19:50,2026-09-13,10,11,大回報,東網馬經,諸葛數,西門獨貼士,https://racing.on.cc/racing/fav/current/rjfavf0101x0.html,news,oncc
2026-09-14 05:19:50,2026-09-13,10,1,金牌活力,東網馬經,諸葛數,西門獨貼士,https://racing.on.cc/racing/fav/current/rjfavf0101x0.html,news,oncc
2026-09-14 05:19:50,2026-09-13,1,2,悠然常勝,東網馬經,陳志懷,西門獨貼士,https://racing.on.cc/racing/fav/current/rjfavf0101x0.html,news,oncc
2026-09-14 05:19:50,2026-09-13,1,5,全神貫注,東網馬經,陳志懷,西門獨貼士,https://racing.on.cc/racing/fav/current/rjfavf0101x0.html,news,oncc
2026-09-14 05:19:50,2026-09-13,1,3,海鑽石,東網馬經,陳志懷,西門獨貼士,https://racing.on.cc/racing/fav/current/rjfavf0101x0.html,news,oncc
2026-09-14 05:19:50,2026-09-13,1,10,籐王駒,東網馬經,陳志懷,西門獨貼士,https://racing.on.cc/racing/fav/current/rjfavf0101x0.html,news,oncc
2026-09-14 05:19:50,2026-09-13,1,6,萬事勝利,東網馬經,陳志懷,西門獨貼士,https://racing.on.cc/racing/fav/current/rjfavf0101x0.html,news,oncc
2026-09-14 05:19:50,2026-09-13,2,8,紅海旺,東網馬經,陳志懷,西門獨貼士,https://racing.on.cc/racing/fav/current/rjfavf0101x0.html,news,oncc
2026-09-14 05:19:50,2026-09-13,2,11,雷神太保,東網馬經,陳志懷,西門獨貼士,https://racing.on.cc/racing/fav/current/rjfavf0101x0.html,news,oncc
2026-09-14 05:19:50,2026-09-13,2,5,盈俊天下,東網馬經,陳志懷,西門獨貼士,https://racing.on.cc/racing/fav/current/rjfavf0101x0.html,news,oncc
2026-09-14 05:19:50,2026-09-13,2,2,路路勁,東網馬經,陳志懷,西門獨貼士,https://racing.on.cc/racing/fav/current/rjfavf0101x0.html,news,oncc
2026-09-14 05:19:50,2026-09-13,2,10,電子好好,東網馬經,陳志懷,西門獨貼士,https://racing.on.cc/racing/fav/current/rjfavf0101x0.html,news,oncc
2026-09-14 05:19:50,2026-09-13,3,8,劍無情,東網馬經,陳志懷,西門獨貼士,https://racing.on.cc/racing/fav/current/rjfavf0101x0.html,news,oncc
2026-09-14 05:19:50,2026-09-13,3,14,海洋帝君,東網馬經,陳志懷,西門獨貼士,https://racing.on.cc/racing/fav/current/rjfavf0101x0.html,news,oncc
2026-09-14 05:19:50,2026-09-13,3,4,明亮光輝,東網馬經,陳志懷,西門獨貼士,https://racing.on.cc/racing/fav/current/rjfavf0101x0.html,news,oncc
2026-09-14 05:19:50,2026-09-13,3,7,勝在當下,東網馬經,陳志懷,西門獨貼士,https://racing.on.cc/racing/fav/current/rjfavf0101x0.html,news,oncc
2026-09-14 05:19:50,2026-09-13,3,12,輕鬆大少,東網馬經,陳志懷,西門獨貼士,https://racing.on.cc/racing/fav/current/rjfavf0101x0.html,news,oncc
2026-09-14 05:19:50,2026-09-13,4,1,川河帥駒,東網馬經,陳志懷,西門獨貼士,https://racing.on.cc/racing/fav/current/rjfavf0101x0.html,news,oncc
2026-09-14 05:19:50,2026-09-13,4,8,錶之梵星,東網馬經,陳志懷,西門獨貼士,https://racing.on.cc/racing/fav/current/rjfavf0101x0.html,news,oncc
2026-09-14 05:19:50,2026-09-13,4,14,安定神駒,東網馬經,陳志懷,西門獨貼士,https://racing.on.cc/racing/fav/current/rjfavf0101x0.html,news,oncc
2026-09-14 05:19:50,2026-09-13,4,2,逍遙人生,東網馬經,陳志懷,西門獨貼士,https://racing.on.cc/racing/fav/current/rjfavf0101x0.html,news,oncc
2026-09-14 05:19:50,2026-09-13,4,9,綠茵明珠,東網馬經,陳志懷,西門獨貼士,https://racing.on.cc/racing/fav/current/rjfavf0101x0.html,news,oncc
2026-09-14 05:19:50,2026-09-13,5,13,領駿輝煌,東網馬經,陳志懷,西門獨貼士,https://racing.on.cc/racing/fav/current/rjfavf0101x0.html,news,oncc
2026-09-14 05:19:50,2026-09-13,5,11,天天更好,東網馬經,陳志懷,西門獨貼士,https://racing.on.cc/racing/fav/current/rjfavf0101x0.html,news,oncc
2026-09-14 05:19:50,2026-09-13,5,14,觀萬物,東網馬經,陳志懷,西門獨貼士,https://racing.on.cc/racing/fav/current/rjfavf0101x0.html,news,oncc
2026-09-14 05:19:50,2026-09-13,5,9,龍文正道,東網馬經,陳志懷,西門獨貼士,https://racing.on.cc/racing/fav/current/rjfavf0101x0.html,news,oncc
2026-09-14 05:19:50,2026-09-13,5,2,肯佩斯,東網馬經,陳志懷,西門獨貼士,https://racing.on.cc/racing/fav/current/rjfavf0101x0.html,news,oncc
2026-09-14 05:19:50,2026-09-13,6,5,好運年,東網馬經,陳志懷,西門獨貼士,https://racing.on.cc/racing/fav/current/rjfavf0101x0.html,news,oncc
2026-09-14 05:19:50,2026-09-13,6,8,小飛俠,東網馬經,陳志懷,西門獨貼士,https://racing.on.cc/racing/fav/current/rjfavf0101x0.html,news,oncc
2026-09-14 05:19:50,2026-09-13,6,11,,東網馬經,陳志懷,西門獨貼士,https://racing.on.cc/racing/fav/current/rjfavf0101x0.html,news,oncc
2026-09-14 05:19:50,2026-09-13,6,3,幸運威龍,東網馬經,陳志懷,西門獨貼士,https://racing.on.cc/racing/fav/current/rjfavf0101x0.html,news,oncc
2026-09-14 05:19:50,2026-09-13,6,1,捷威,東網馬經,陳志懷,西門獨貼士,https://racing.on.cc/racing/fav/current/rjfavf0101x0.html,news,oncc
2026-09-14 05:19:50,2026-09-13,7,5,步風影,東網馬經,陳志懷,西門獨貼士,https://racing.on.cc/racing/fav/current/rjfavf0101x0.html,news,oncc
2026-09-14 05:19:50,2026-09-13,7,1,準輝煌,東網馬經,陳志懷,西門獨貼士,https://racing.on.cc/racing/fav/current/rjfavf0101x0.html,news,oncc
2026-09-14 05:19:50,2026-09-13,7,6,愛馬心,東網馬經,陳志懷,西門獨貼士,https://racing.on.cc/racing/fav/current/rjfavf0101x0.html,news,oncc
2026-09-14 05:19:50,2026-09-13,7,3,部族高手,東網馬經,陳志懷,西門獨貼士,https://racing.on.cc/racing/fav/current/rjfavf0101x0.html,news,oncc
2026-09-14 05:19:50,2026-09-13,7,13,天比高,東網馬經,陳志懷,西門獨貼士,https://racing.on.cc/racing/fav/current/rjfavf0101x0.html,news,oncc
2026-09-14 05:19:50,2026-09-13,8,1,實力股,東網馬經,陳志懷,西門獨貼士,https://racing.on.cc/racing/fav/current/rjfavf0101x0.html,news,oncc
2026-09-14 05:19:50,2026-09-13,8,10,星運傳奇,東網馬經,陳志懷,西門獨貼士,https://racing.on.cc/racing/fav/current/rjfavf0101x0.html,news,oncc
2026-09-14 05:19:50,2026-09-13,8,13,幸運糖,東網馬經,陳志懷,西門獨貼士,https://racing.on.cc/racing/fav/current/rjfavf0101x0.html,news,oncc
2026-09-14 05:19:50,2026-09-13,8,2,會長之寶,東網馬經,陳志懷,西門獨貼士,https://racing.on.cc/racing/fav/current/rjfavf0101x0.html,news,oncc
2026-09-14 05:19:50,2026-09-13,8,12,無敵好瑪,東網馬經,陳志懷,西門獨貼士,https://racing.on.cc/racing/fav/current/rjfavf0101x0.html,news,oncc
2026-09-14 05:19:50,2026-09-13,9,8,傑出雷霆,東網馬經,陳志懷,西門獨貼士,https://racing.on.cc/racing/fav/current/rjfavf0101x0.html,news,oncc
2026-09-14 05:19:50,2026-09-13,9,1,超寫意,東網馬經,陳志懷,西門獨貼士,https://racing.on.cc/racing/fav/current/rjfavf0101x0.html,news,oncc
2026-09-14 05:19:50,2026-09-13,9,2,錶之極光,東網馬經,陳志懷,西門獨貼士,https://racing.on.cc/racing/fav/current/rjfavf0101x0.html,news,oncc
2026-09-14 05:19:50,2026-09-13,9,5,鑽石星空,東網馬經,陳志懷,西門獨貼士,https://racing.on.cc/racing/fav/current/rjfavf0101x0.html,news,oncc
2026-09-14 05:19:50,2026-09-13,9,9,耀寶,東網馬經,陳志懷,西門獨貼士,https://racing.on.cc/racing/fav/current/rjfavf0101x0.html,news,oncc
2026-09-14 05:19:50,2026-09-13,10,4,細水長流,東網馬經,陳志懷,西門獨貼士,https://racing.on.cc/racing/fav/current/rjfavf0101x0.html,news,oncc
2026-09-14 05:19:50,2026-09-13,10,5,潮州精神,東網馬經,陳志懷,西門獨貼士,https://racing.on.cc/racing/fav/current/rjfavf0101x0.html,news,oncc
2026-09-14 05:19:50,2026-09-13,10,12,嵐臣,東網馬經,陳志懷,西門獨貼士,https://racing.on.cc/racing/fav/current/rjfavf0101x0.html,news,oncc
2026-09-14 05:19:50,2026-09-13,10,9,金錢遊戲,東網馬經,陳志懷,西門獨貼士,https://racing.on.cc/racing/fav/current/rjfavf0101x0.html,news,oncc
2026-09-14 05:19:50,2026-09-13,10,1,金牌活力,東網馬經,陳志懷,西門獨貼士,https://racing.on.cc/racing/fav/current/rjfavf0101x0.html,news,oncc
2026-09-14 05:19:50,2026-09-13,1,2,悠然常勝,東網馬經,明治朗,西門獨貼士,https://racing.on.cc/racing/fav/current/rjfavf0101x0.html,news,oncc
2026-09-14 05:19:50,2026-09-13,1,3,海鑽石,東網馬經,明治朗,西門獨貼士,https://racing.on.cc/racing/fav/current/rjfavf0101x0.html,news,oncc
2026-09-14 05:19:50,2026-09-13,1,10,籐王駒,東網馬經,明治朗,西門獨貼士,https://racing.on.cc/racing/fav/current/rjfavf0101x0.html,news,oncc
2026-09-14 05:19:50,2026-09-13,1,11,巴閉佬,東網馬經,明治朗,西門獨貼士,https://racing.on.cc/racing/fav/current/rjfavf0101x0.html,news,oncc
2026-09-14 05:19:50,2026-09-13,1,9,文武全能,東網馬經,明治朗,西門獨貼士,https://racing.on.cc/racing/fav/current/rjfavf0101x0.html,news,oncc
2026-09-14 05:19:50,2026-09-13,2,5,盈俊天下,東網馬經,明治朗,西門獨貼士,https://racing.on.cc/racing/fav/current/rjfavf0101x0.html,news,oncc
2026-09-14 05:19:50,2026-09-13,2,8,紅海旺,東網馬經,明治朗,西門獨貼士,https://racing.on.cc/racing/fav/current/rjfavf0101x0.html,news,oncc
2026-09-14 05:19:50,2026-09-13,2,2,路路勁,東網馬經,明治朗,西門獨貼士,https://racing.on.cc/racing/fav/current/rjfavf0101x0.html,news,oncc
2026-09-14 05:19:50,2026-09-13,2,9,舞林盛宴,東網馬經,明治朗,西門獨貼士,https://racing.on.cc/racing/fav/current/rjfavf0101x0.html,news,oncc
2026-09-14 05:19:50,2026-09-13,2,11,雷神太保,東網馬經,明治朗,西門獨貼士,https://racing.on.cc/racing/fav/current/rjfavf0101x0.html,news,oncc
2026-09-14 05:19:50,2026-09-13,3,13,快樂老撾,東網馬經,明治朗,西門獨貼士,https://racing.on.cc/racing/fav/current/rjfavf0101x0.html,news,oncc
2026-09-14 05:19:50,2026-09-13,3,14,海洋帝君,東網馬經,明治朗,西門獨貼士,https://racing.on.cc/racing/fav/current/rjfavf0101x0.html,news,oncc
2026-09-14 05:19:50,2026-09-13,3,4,明亮光輝,東網馬經,明治朗,西門獨貼士,https://racing.on.cc/racing/fav/current/rjfavf0101x0.html,news,oncc
2026-09-14 05:19:50,2026-09-13,3,3,東方寶寶,東網馬經,明治朗,西門獨貼士,https://racing.on.cc/racing/fav/current/rjfavf0101x0.html,news,oncc
2026-09-14 05:19:50,2026-09-13,3,6,銀騰,東網馬經,明治朗,西門獨貼士,https://racing.on.cc/racing/fav/current/rjfavf0101x0.html,news,oncc
2026-09-14 05:19:50,2026-09-13,4,12,快樂高球,東網馬經,明治朗,西門獨貼士,https://racing.on.cc/racing/fav/current/rjfavf0101x0.html,news,oncc
2026-09-14 05:19:50,2026-09-13,4,4,八玲瓏,東網馬經,明治朗,西門獨貼士,https://racing.on.cc/racing/fav/current/rjfavf0101x0.html,news,oncc
2026-09-14 05:19:50,2026-09-13,4,3,砂漿麒星,東網馬經,明治朗,西門獨貼士,https://racing.on.cc/racing/fav/current/rjfavf0101x0.html,news,oncc
2026-09-14 05:19:50,2026-09-13,4,8,錶之梵星,東網馬經,明治朗,西門獨貼士,https://racing.on.cc/racing/fav/current/rjfavf0101x0.html,news,oncc
2026-09-14 05:19:50,2026-09-13,4,11,你知我寶,東網馬經,明治朗,西門獨貼士,https://racing.on.cc/racing/fav/current/rjfavf0101x0.html,news,oncc
2026-09-14 05:19:50,2026-09-13,5,11,天天更好,東網馬經,明治朗,西門獨貼士,https://racing.on.cc/racing/fav/current/rjfavf0101x0.html,news,oncc
2026-09-14 05:19:50,2026-09-13,5,7,確好勁,東網馬經,明治朗,西門獨貼士,https://racing.on.cc/racing/fav/current/rjfavf0101x0.html,news,oncc
2026-09-14 05:19:50,2026-09-13,5,10,烈進駒,東網馬經,明治朗,西門獨貼士,https://racing.on.cc/racing/fav/current/rjfavf0101x0.html,news,oncc
2026-09-14 05:19:50,2026-09-13,5,2,肯佩斯,東網馬經,明治朗,西門獨貼士,https://racing.on.cc/racing/fav/current/rjfavf0101x0.html,news,oncc
2026-09-14 05:19:50,2026-09-13,5,8,澄心知遇,東網馬經,明治朗,西門獨貼士,https://racing.on.cc/racing/fav/current/rjfavf0101x0.html,news,oncc
2026-09-14 05:19:50,2026-09-13,6,7,特別美麗,東網馬經,明治朗,西門獨貼士,https://racing.on.cc/racing/fav/current/rjfavf0101x0.html,news,oncc
2026-09-14 05:19:50,2026-09-13,6,6,新力飆,東網馬經,明治朗,西門獨貼士,https://racing.on.cc/racing/fav/current/rjfavf0101x0.html,news,oncc
2026-09-14 05:19:50,2026-09-13,6,3,幸運威龍,東網馬經,明治朗,西門獨貼士,https://racing.on.cc/racing/fav/current/rjfavf0101x0.html,news,oncc
2026-09-14 05:19:50,2026-09-13,6,9,華麗再贏,東網馬經,明治朗,西門獨貼士,https://racing.on.cc/racing/fav/current/rjfavf0101x0.html,news,oncc
2026-09-14 05:19:50,2026-09-13,6,1,捷威,東網馬經,明治朗,西門獨貼士,https://racing.on.cc/racing/fav/current/rjfavf0101x0.html,news,oncc
2026-09-14 05:19:50,2026-09-13,7,4,加州熱浪,東網馬經,明治朗,西門獨貼士,https://racing.on.cc/racing/fav/current/rjfavf0101x0.html,news,oncc
2026-09-14 05:19:50,2026-09-13,7,7,量子猴王,東網馬經,明治朗,西門獨貼士,https://racing.on.cc/racing/fav/current/rjfavf0101x0.html,news,oncc
2026-09-14 05:19:50,2026-09-13,7,1,準輝煌,東網馬經,明治朗,西門獨貼士,https://racing.on.cc/racing/fav/current/rjfavf0101x0.html,news,oncc
2026-09-14 05:19:50,2026-09-13,7,2,睿智多寶,東網馬經,明治朗,西門獨貼士,https://racing.on.cc/racing/fav/current/rjfavf0101x0.html,news,oncc
2026-09-14 05:19:50,2026-09-13,7,3,部族高手,東網馬經,明治朗,西門獨貼士,https://racing.on.cc/racing/fav/current/rjfavf0101x0.html,news,oncc
2026-09-14 05:19:50,2026-09-13,8,1,實力股,東網馬經,明治朗,西門獨貼士,https://racing.on.cc/racing/fav/current/rjfavf0101x0.html,news,oncc
2026-09-14 05:19:50,2026-09-13,8,4,團結勇士,東網馬經,明治朗,西門獨貼士,https://racing.on.cc/racing/fav/current/rjfavf0101x0.html,news,oncc
2026-09-14 05:19:50,2026-09-13,8,2,會長之寶,東網馬經,明治朗,西門獨貼士,https://racing.on.cc/racing/fav/current/rjfavf0101x0.html,news,oncc
2026-09-14 05:19:50,2026-09-13,8,13,幸運糖,東網馬經,明治朗,西門獨貼士,https://racing.on.cc/racing/fav/current/rjfavf0101x0.html,news,oncc
2026-09-14 05:19:50,2026-09-13,8,10,星運傳奇,東網馬經,明治朗,西門獨貼士,https://racing.on.cc/racing/fav/current/rjfavf0101x0.html,news,oncc
2026-09-14 05:19:50,2026-09-13,9,5,鑽石星空,東網馬經,明治朗,西門獨貼士,https://racing.on.cc/racing/fav/current/rjfavf0101x0.html,news,oncc
2026-09-14 05:19:50,2026-09-13,9,8,傑出雷霆,東網馬經,明治朗,西門獨貼士,https://racing.on.cc/racing/fav/current/rjfavf0101x0.html,news,oncc
2026-09-14 05:19:50,2026-09-13,9,1,超寫意,東網馬經,明治朗,西門獨貼士,https://racing.on.cc/racing/fav/current/rjfavf0101x0.html,news,oncc
2026-09-14 05:19:50,2026-09-13,9,13,正極,東網馬經,明治朗,西門獨貼士,https://racing.on.cc/racing/fav/current/rjfavf0101x0.html,news,oncc
2026-09-14 05:19:50,2026-09-13,9,2,錶之極光,東網馬經,明治朗,西門獨貼士,https://racing.on.cc/racing/fav/current/rjfavf0101x0.html,news,oncc
2026-09-14 05:19:50,2026-09-13,10,12,嵐臣,東網馬經,明治朗,西門獨貼士,https://racing.on.cc/racing/fav/current/rjfavf0101x0.html,news,oncc
2026-09-14 05:19:50,2026-09-13,10,11,大回報,東網馬經,明治朗,西門獨貼士,https://racing.on.cc/racing/fav/current/rjfavf0101x0.html,news,oncc
2026-09-14 05:19:50,2026-09-13,10,3,馭跑得,東網馬經,明治朗,西門獨貼士,https://racing.on.cc/racing/fav/current/rjfavf0101x0.html,news,oncc
2026-09-14 05:19:50,2026-09-13,10,9,金錢遊戲,東網馬經,明治朗,西門獨貼士,https://racing.on.cc/racing/fav/current/rjfavf0101x0.html,news,oncc
2026-09-14 05:19:50,2026-09-13,10,8,仁仁有餘,東網馬經,明治朗,西門獨貼士,https://racing.on.cc/racing/fav/current/rjfavf0101x0.html,news,oncc
2026-09-14 05:19:50,2026-09-13,1,10,籐王駒,東網馬經,兆文,西門獨貼士,https://racing.on.cc/racing/fav/current/rjfavf0101x0.html,news,oncc
2026-09-14 05:19:50,2026-09-13,1,11,巴閉佬,東網馬經,兆文,西門獨貼士,https://racing.on.cc/racing/fav/current/rjfavf0101x0.html,news,oncc
2026-09-14 05:19:50,2026-09-13,1,14,星之願,東網馬經,兆文,西門獨貼士,https://racing.on.cc/racing/fav/current/rjfavf0101x0.html,news,oncc
2026-09-14 05:19:50,2026-09-13,1,1,暴風一族,東網馬經,兆文,西門獨貼士,https://racing.on.cc/racing/fav/current/rjfavf0101x0.html,news,oncc
2026-09-14 05:19:50,2026-09-13,1,12,紅旺繽紛,東網馬經,兆文,西門獨貼士,https://racing.on.cc/racing/fav/current/rjfavf0101x0.html,news,oncc
2026-09-14 05:19:50,2026-09-13,2,2,路路勁,東網馬經,兆文,西門獨貼士,https://racing.on.cc/racing/fav/current/rjfavf0101x0.html,news,oncc
2026-09-14 05:19:50,2026-09-13,2,8,紅海旺,東網馬經,兆文,西門獨貼士,https://racing.on.cc/racing/fav/current/rjfavf0101x0.html,news,oncc
2026-09-14 05:19:50,2026-09-13,2,5,盈俊天下,東網馬經,兆文,西門獨貼士,https://racing.on.cc/racing/fav/current/rjfavf0101x0.html,news,oncc
2026-09-14 05:19:50,2026-09-13,2,9,舞林盛宴,東網馬經,兆文,西門獨貼士,https://racing.on.cc/racing/fav/current/rjfavf0101x0.html,news,oncc
2026-09-14 05:19:50,2026-09-13,2,11,雷神太保,東網馬經,兆文,西門獨貼士,https://racing.on.cc/racing/fav/current/rjfavf0101x0.html,news,oncc
2026-09-14 05:19:50,2026-09-13,3,6,銀騰,東網馬經,兆文,西門獨貼士,https://racing.on.cc/racing/fav/current/rjfavf0101x0.html,news,oncc
2026-09-14 05:19:50,2026-09-13,3,4,明亮光輝,東網馬經,兆文,西門獨貼士,https://racing.on.cc/racing/fav/current/rjfavf0101x0.html,news,oncc
2026-09-14 05:19:50,2026-09-13,3,3,東方寶寶,東網馬經,兆文,西門獨貼士,https://racing.on.cc/racing/fav/current/rjfavf0101x0.html,news,oncc
2026-09-14 05:19:50,2026-09-13,3,13,快樂老撾,東網馬經,兆文,西門獨貼士,https://racing.on.cc/racing/fav/current/rjfavf0101x0.html,news,oncc
2026-09-14 05:19:50,2026-09-13,3,14,海洋帝君,東網馬經,兆文,西門獨貼士,https://racing.on.cc/racing/fav/current/rjfavf0101x0.html,news,oncc
2026-09-14 05:19:50,2026-09-13,4,7,幸運大夫,東網馬經,兆文,西門獨貼士,https://racing.on.cc/racing/fav/current/rjfavf0101x0.html,news,oncc
2026-09-14 05:19:50,2026-09-13,4,12,快樂高球,東網馬經,兆文,西門獨貼士,https://racing.on.cc/racing/fav/current/rjfavf0101x0.html,news,oncc
2026-09-14 05:19:50,2026-09-13,4,11,你知我寶,東網馬經,兆文,西門獨貼士,https://racing.on.cc/racing/fav/current/rjfavf0101x0.html,news,oncc
2026-09-14 05:19:50,2026-09-13,4,4,八玲瓏,東網馬經,兆文,西門獨貼士,https://racing.on.cc/racing/fav/current/rjfavf0101x0.html,news,oncc
2026-09-14 05:19:50,2026-09-13,4,8,錶之梵星,東網馬經,兆文,西門獨貼士,https://racing.on.cc/racing/fav/current/rjfavf0101x0.html,news,oncc
2026-09-14 05:19:50,2026-09-13,5,13,領駿輝煌,東網馬經,兆文,西門獨貼士,https://racing.on.cc/racing/fav/current/rjfavf0101x0.html,news,oncc
2026-09-14 05:19:50,2026-09-13,5,2,肯佩斯,東網馬經,兆文,西門獨貼士,https://racing.on.cc/racing/fav/current/rjfavf0101x0.html,news,oncc
2026-09-14 05:19:50,2026-09-13,5,9,龍文正道,東網馬經,兆文,西門獨貼士,https://racing.on.cc/racing/fav/current/rjfavf0101x0.html,news,oncc
2026-09-14 05:19:50,2026-09-13,5,11,天天更好,東網馬經,兆文,西門獨貼士,https://racing.on.cc/racing/fav/current/rjfavf0101x0.html,news,oncc
2026-09-14 05:19:50,2026-09-13,5,7,確好勁,東網馬經,兆文,西門獨貼士,https://racing.on.cc/racing/fav/current/rjfavf0101x0.html,news,oncc
2026-09-14 05:19:50,2026-09-13,6,1,捷威,東網馬經,兆文,西門獨貼士,https://racing.on.cc/racing/fav/current/rjfavf0101x0.html,news,oncc
2026-09-14 05:19:50,2026-09-13,6,9,華麗再贏,東網馬經,兆文,西門獨貼士,https://racing.on.cc/racing/fav/current/rjfavf0101x0.html,news,oncc
2026-09-14 05:19:50,2026-09-13,6,4,勤德天下,東網馬經,兆文,西門獨貼士,https://racing.on.cc/racing/fav/current/rjfavf0101x0.html,news,oncc
2026-09-14 05:19:50,2026-09-13,6,5,好運年,東網馬經,兆文,西門獨貼士,https://racing.on.cc/racing/fav/current/rjfavf0101x0.html,news,oncc
2026-09-14 05:19:50,2026-09-13,6,6,新力飆,東網馬經,兆文,西門獨貼士,https://racing.on.cc/racing/fav/current/rjfavf0101x0.html,news,oncc
2026-09-14 05:19:50,2026-09-13,7,13,天比高,東網馬經,兆文,西門獨貼士,https://racing.on.cc/racing/fav/current/rjfavf0101x0.html,news,oncc
2026-09-14 05:19:50,2026-09-13,7,3,部族高手,東網馬經,兆文,西門獨貼士,https://racing.on.cc/racing/fav/current/rjfavf0101x0.html,news,oncc
2026-09-14 05:19:50,2026-09-13,7,5,步風影,東網馬經,兆文,西門獨貼士,https://racing.on.cc/racing/fav/current/rjfavf0101x0.html,news,oncc
2026-09-14 05:19:50,2026-09-13,7,1,準輝煌,東網馬經,兆文,西門獨貼士,https://racing.on.cc/racing/fav/current/rjfavf0101x0.html,news,oncc
2026-09-14 05:19:50,2026-09-13,7,2,睿智多寶,東網馬經,兆文,西門獨貼士,https://racing.on.cc/racing/fav/current/rjfavf0101x0.html,news,oncc
2026-09-14 05:19:50,2026-09-13,8,1,實力股,東網馬經,兆文,西門獨貼士,https://racing.on.cc/racing/fav/current/rjfavf0101x0.html,news,oncc
2026-09-14 05:19:50,2026-09-13,8,4,團結勇士,東網馬經,兆文,西門獨貼士,https://racing.on.cc/racing/fav/current/rjfavf0101x0.html,news,oncc
2026-09-14 05:19:50,2026-09-13,8,13,幸運糖,東網馬經,兆文,西門獨貼士,https://racing.on.cc/racing/fav/current/rjfavf0101x0.html,news,oncc
2026-09-14 05:19:50,2026-09-13,8,12,無敵好瑪,東網馬經,兆文,西門獨貼士,https://racing.on.cc/racing/fav/current/rjfavf0101x0.html,news,oncc
2026-09-14 05:19:50,2026-09-13,8,2,會長之寶,東網馬經,兆文,西門獨貼士,https://racing.on.cc/racing/fav/current/rjfavf0101x0.html,news,oncc
2026-09-14 05:19:50,2026-09-13,9,5,鑽石星空,東網馬經,兆文,西門獨貼士,https://racing.on.cc/racing/fav/current/rjfavf0101x0.html,news,oncc
2026-09-14 05:19:50,2026-09-13,9,8,傑出雷霆,東網馬經,兆文,西門獨貼士,https://racing.on.cc/racing/fav/current/rjfavf0101x0.html,news,oncc
2026-09-14 05:19:50,2026-09-13,9,1,超寫意,東網馬經,兆文,西門獨貼士,https://racing.on.cc/racing/fav/current/rjfavf0101x0.html,news,oncc
2026-09-14 05:19:50,2026-09-13,9,12,爆發,東網馬經,兆文,西門獨貼士,https://racing.on.cc/racing/fav/current/rjfavf0101x0.html,news,oncc
2026-09-14 05:19:50,2026-09-13,9,9,耀寶,東網馬經,兆文,西門獨貼士,https://racing.on.cc/racing/fav/current/rjfavf0101x0.html,news,oncc
2026-09-14 05:19:50,2026-09-13,10,10,金勝名駒,東網馬經,兆文,西門獨貼士,https://racing.on.cc/racing/fav/current/rjfavf0101x0.html,news,oncc
2026-09-14 05:19:50,2026-09-13,10,12,嵐臣,東網馬經,兆文,西門獨貼士,https://racing.on.cc/racing/fav/current/rjfavf0101x0.html,news,oncc
2026-09-14 05:19:50,2026-09-13,10,14,逍遙騎士,東網馬經,兆文,西門獨貼士,https://racing.on.cc/racing/fav/current/rjfavf0101x0.html,news,oncc
2026-09-14 05:19:50,2026-09-13,10,6,自動自覺,東網馬經,兆文,西門獨貼士,https://racing.on.cc/racing/fav/current/rjfavf0101x0.html,news,oncc
2026-09-14 05:19:50,2026-09-13,10,2,友瑩亮,東網馬經,兆文,西門獨貼士,https://racing.on.cc/racing/fav/current/rjfavf0101x0.html,news,oncc
2026-09-15 05:11:23,2026-09-13,5,11,天天更好,東網馬經,卡洛斯,名家推介,https://racing.on.cc/racing/fav/current/rjfavg0001x0.html,news,oncc
2026-09-15 05:11:23,2026-09-13,5,2,肯佩斯,東網馬經,卡洛斯,名家推介,https://racing.on.cc/racing/fav/current/rjfavg0001x0.html,news,oncc
2026-09-15 05:11:23,2026-09-13,5,9,龍文正道,東網馬經,卡洛斯,名家推介,https://racing.on.cc/racing/fav/current/rjfavg0001x0.html,news,oncc
2026-09-15 05:11:23,2026-09-13,5,3,渡月橋,東網馬經,卡洛斯,名家推介,https://racing.on.cc/racing/fav/current/rjfavg0001x0.html,news,oncc
2026-09-15 05:11:23,2026-09-13,9,2,錶之極光,東網馬經,卡洛斯,名家推介,https://racing.on.cc/racing/fav/current/rjfavg0001x0.html,news,oncc
2026-09-15 05:11:23,2026-09-13,9,5,鑽石星空,東網馬經,卡洛斯,名家推介,https://racing.on.cc/racing/fav/current/rjfavg0001x0.html,news,oncc
2026-09-15 05:11:23,2026-09-13,9,8,傑出雷霆,東網馬經,卡洛斯,名家推介,https://racing.on.cc/racing/fav/current/rjfavg0001x0.html,news,oncc
2026-09-15 05:11:23,2026-09-13,9,6,星月飛雲,東網馬經,卡洛斯,名家推介,https://racing.on.cc/racing/fav/current/rjfavg0001x0.html,news,oncc
2026-09-15 05:11:23,2026-09-13,4,11,你知我寶,東網馬經,匡公,名家推介,https://racing.on.cc/racing/fav/current/rjfavg0001x0.html,news,oncc
2026-09-15 05:11:23,2026-09-13,4,12,快樂高球,東網馬經,匡公,名家推介,https://racing.on.cc/racing/fav/current/rjfavg0001x0.html,news,oncc
2026-09-15 05:11:23,2026-09-13,4,7,幸運大夫,東網馬經,匡公,名家推介,https://racing.on.cc/racing/fav/current/rjfavg0001x0.html,news,oncc
2026-09-15 05:11:23,2026-09-13,4,8,錶之梵星,東網馬經,匡公,名家推介,https://racing.on.cc/racing/fav/current/rjfavg0001x0.html,news,oncc
2026-09-15 05:11:23,2026-09-13,8,4,團結勇士,東網馬經,匡公,名家推介,https://racing.on.cc/racing/fav/current/rjfavg0001x0.html,news,oncc
2026-09-15 05:11:23,2026-09-13,8,1,實力股,東網馬經,匡公,名家推介,https://racing.on.cc/racing/fav/current/rjfavg0001x0.html,news,oncc
2026-09-15 05:11:23,2026-09-13,8,13,幸運糖,東網馬經,匡公,名家推介,https://racing.on.cc/racing/fav/current/rjfavg0001x0.html,news,oncc
2026-09-15 05:11:23,2026-09-13,8,6,精彩福星,東網馬經,匡公,名家推介,https://racing.on.cc/racing/fav/current/rjfavg0001x0.html,news,oncc
2026-09-15 05:11:23,2026-09-13,2,5,盈俊天下,東網馬經,金駒,名家推介,https://racing.on.cc/racing/fav/current/rjfavg0001x0.html,news,oncc
2026-09-15 05:11:23,2026-09-13,2,8,紅海旺,東網馬經,金駒,名家推介,https://racing.on.cc/racing/fav/current/rjfavg0001x0.html,news,oncc
2026-09-15 05:11:23,2026-09-13,2,2,路路勁,東網馬經,金駒,名家推介,https://racing.on.cc/racing/fav/current/rjfavg0001x0.html,news,oncc
2026-09-15 05:11:23,2026-09-13,2,13,杭至尊,東網馬經,金駒,名家推介,https://racing.on.cc/racing/fav/current/rjfavg0001x0.html,news,oncc
2026-09-15 05:11:23,2026-09-13,4,12,快樂高球,東網馬經,金駒,名家推介,https://racing.on.cc/racing/fav/current/rjfavg0001x0.html,news,oncc
2026-09-15 05:11:23,2026-09-13,4,8,錶之梵星,東網馬經,金駒,名家推介,https://racing.on.cc/racing/fav/current/rjfavg0001x0.html,news,oncc
2026-09-15 05:11:23,2026-09-13,4,1,川河帥駒,東網馬經,金駒,名家推介,https://racing.on.cc/racing/fav/current/rjfavg0001x0.html,news,oncc
2026-09-15 05:11:23,2026-09-13,4,10,鸚姿威鵡,東網馬經,金駒,名家推介,https://racing.on.cc/racing/fav/current/rjfavg0001x0.html,news,oncc
2026-09-15 05:11:23,2026-09-13,3,4,明亮光輝,東網馬經,西門獨,名家推介,https://racing.on.cc/racing/fav/current/rjfavg0001x0.html,news,oncc
2026-09-15 05:11:23,2026-09-13,3,10,發財金戈,東網馬經,西門獨,名家推介,https://racing.on.cc/racing/fav/current/rjfavg0001x0.html,news,oncc
2026-09-15 05:11:23,2026-09-13,3,5,朗日雪峰,東網馬經,西門獨,名家推介,https://racing.on.cc/racing/fav/current/rjfavg0001x0.html,news,oncc
2026-09-15 05:11:23,2026-09-13,3,12,輕鬆大少,東網馬經,西門獨,名家推介,https://racing.on.cc/racing/fav/current/rjfavg0001x0.html,news,oncc
2026-09-15 05:11:23,2026-09-13,5,5,鋁神,東網馬經,西門獨,名家推介,https://racing.on.cc/racing/fav/current/rjfavg0001x0.html,news,oncc
2026-09-15 05:11:23,2026-09-13,5,10,烈進駒,東網馬經,西門獨,名家推介,https://racing.on.cc/racing/fav/current/rjfavg0001x0.html,news,oncc
2026-09-15 05:11:23,2026-09-13,5,11,天天更好,東網馬經,西門獨,名家推介,https://racing.on.cc/racing/fav/current/rjfavg0001x0.html,news,oncc
2026-09-15 05:11:23,2026-09-13,5,14,觀萬物,東網馬經,西門獨,名家推介,https://racing.on.cc/racing/fav/current/rjfavg0001x0.html,news,oncc
2026-09-15 05:11:23,2026-09-13,4,11,你知我寶,東網馬經,諸葛數,名家推介,https://racing.on.cc/racing/fav/current/rjfavg0001x0.html,news,oncc
2026-09-15 05:11:23,2026-09-13,4,12,快樂高球,東網馬經,諸葛數,名家推介,https://racing.on.cc/racing/fav/current/rjfavg0001x0.html,news,oncc
2026-09-15 05:11:23,2026-09-13,4,1,川河帥駒,東網馬經,諸葛數,名家推介,https://racing.on.cc/racing/fav/current/rjfavg0001x0.html,news,oncc
2026-09-15 05:11:23,2026-09-13,4,6,小魔怪,東網馬經,諸葛數,名家推介,https://racing.on.cc/racing/fav/current/rjfavg0001x0.html,news,oncc
2026-09-15 05:11:23,2026-09-13,9,5,鑽石星空,東網馬經,諸葛數,名家推介,https://racing.on.cc/racing/fav/current/rjfavg0001x0.html,news,oncc
2026-09-15 05:11:23,2026-09-13,9,1,超寫意,東網馬經,諸葛數,名家推介,https://racing.on.cc/racing/fav/current/rjfavg0001x0.html,news,oncc
2026-09-15 05:11:23,2026-09-13,9,8,傑出雷霆,東網馬經,諸葛數,名家推介,https://racing.on.cc/racing/fav/current/rjfavg0001x0.html,news,oncc
2026-09-15 05:11:23,2026-09-13,9,13,正極,東網馬經,諸葛數,名家推介,https://racing.on.cc/racing/fav/current/rjfavg0001x0.html,news,oncc
2026-09-15 05:11:23,2026-09-13,3,6,銀騰,東網馬經,長風,名家推介,https://racing.on.cc/racing/fav/current/rjfavg0001x0.html,news,oncc
2026-09-15 05:11:23,2026-09-13,3,8,劍無情,東網馬經,長風,名家推介,https://racing.on.cc/racing/fav/current/rjfavg0001x0.html,news,oncc
2026-09-15 05:11:23,2026-09-13,3,13,快樂老撾,東網馬經,長風,名家推介,https://racing.on.cc/racing/fav/current/rjfavg0001x0.html,news,oncc
2026-09-15 05:11:23,2026-09-13,3,14,海洋帝君,東網馬經,長風,名家推介,https://racing.on.cc/racing/fav/current/rjfavg0001x0.html,news,oncc
2026-09-15 05:11:23,2026-09-13,5,10,烈進駒,東網馬經,長風,名家推介,https://racing.on.cc/racing/fav/current/rjfavg0001x0.html,news,oncc
2026-09-15 05:11:23,2026-09-13,5,11,天天更好,東網馬經,長風,名家推介,https://racing.on.cc/racing/fav/current/rjfavg0001x0.html,news,oncc
2026-09-15 05:11:23,2026-09-13,5,9,龍文正道,東網馬經,長風,名家推介,https://racing.on.cc/racing/fav/current/rjfavg0001x0.html,news,oncc
2026-09-15 05:11:23,2026-09-13,5,3,渡月橋,東網馬經,長風,名家推介,https://racing.on.cc/racing/fav/current/rjfavg0001x0.html,news,oncc
2026-09-15 05:11:23,2026-09-13,5,13,領駿輝煌,東網馬經,陳志懷,名家推介,https://racing.on.cc/racing/fav/current/rjfavg0001x0.html,news,oncc
2026-09-15 05:11:23,2026-09-13,5,11,天天更好,東網馬經,陳志懷,名家推介,https://racing.on.cc/racing/fav/current/rjfavg0001x0.html,news,oncc
2026-09-15 05:11:23,2026-09-13,5,14,觀萬物,東網馬經,陳志懷,名家推介,https://racing.on.cc/racing/fav/current/rjfavg0001x0.html,news,oncc
2026-09-15 05:11:23,2026-09-13,5,9,龍文正道,東網馬經,陳志懷,名家推介,https://racing.on.cc/racing/fav/current/rjfavg0001x0.html,news,oncc
2026-09-15 05:11:23,2026-09-13,9,8,傑出雷霆,東網馬經,陳志懷,名家推介,https://racing.on.cc/racing/fav/current/rjfavg0001x0.html,news,oncc
2026-09-15 05:11:23,2026-09-13,9,1,超寫意,東網馬經,陳志懷,名家推介,https://racing.on.cc/racing/fav/current/rjfavg0001x0.html,news,oncc
2026-09-15 05:11:23,2026-09-13,9,2,錶之極光,東網馬經,陳志懷,名家推介,https://racing.on.cc/racing/fav/current/rjfavg0001x0.html,news,oncc
2026-09-15 05:11:23,2026-09-13,9,5,鑽石星空,東網馬經,陳志懷,名家推介,https://racing.on.cc/racing/fav/current/rjfavg0001x0.html,news,oncc
2026-09-15 05:11:23,2026-09-13,3,13,快樂老撾,東網馬經,明治朗,名家推介,https://racing.on.cc/racing/fav/current/rjfavg0001x0.html,news,oncc
2026-09-15 05:11:23,2026-09-13,3,14,海洋帝君,東網馬經,明治朗,名家推介,https://racing.on.cc/racing/fav/current/rjfavg0001x0.html,news,oncc
2026-09-15 05:11:23,2026-09-13,3,4,明亮光輝,東網馬經,明治朗,名家推介,https://racing.on.cc/racing/fav/current/rjfavg0001x0.html,news,oncc
2026-09-15 05:11:23,2026-09-13,3,3,東方寶寶,東網馬經,明治朗,名家推介,https://racing.on.cc/racing/fav/current/rjfavg0001x0.html,news,oncc
2026-09-15 05:11:23,2026-09-13,6,7,特別美麗,東網馬經,明治朗,名家推介,https://racing.on.cc/racing/fav/current/rjfavg0001x0.html,news,oncc
2026-09-15 05:11:23,2026-09-13,6,6,新力飆,東網馬經,明治朗,名家推介,https://racing.on.cc/racing/fav/current/rjfavg0001x0.html,news,oncc
2026-09-15 05:11:23,2026-09-13,6,3,幸運威龍,東網馬經,明治朗,名家推介,https://racing.on.cc/racing/fav/current/rjfavg0001x0.html,news,oncc
2026-09-15 05:11:23,2026-09-13,6,9,華麗再贏,東網馬經,明治朗,名家推介,https://racing.on.cc/racing/fav/current/rjfavg0001x0.html,news,oncc
2026-09-15 05:11:23,2026-09-13,2,2,路路勁,東網馬經,內幕料,名家推介,https://racing.on.cc/racing/fav/current/rjfavg0001x0.html,news,oncc
2026-09-15 05:11:23,2026-09-13,2,6,好力,東網馬經,內幕料,名家推介,https://racing.on.cc/racing/fav/current/rjfavg0001x0.html,news,oncc
2026-09-15 05:11:23,2026-09-13,2,8,紅海旺,東網馬經,內幕料,名家推介,https://racing.on.cc/racing/fav/current/rjfavg0001x0.html,news,oncc
2026-09-15 05:11:23,2026-09-13,2,13,杭至尊,東網馬經,內幕料,名家推介,https://racing.on.cc/racing/fav/current/rjfavg0001x0.html,news,oncc
2026-09-15 05:11:23,2026-09-13,10,2,友瑩亮,東網馬經,內幕料,名家推介,https://racing.on.cc/racing/fav/current/rjfavg0001x0.html,news,oncc
2026-09-15 05:11:23,2026-09-13,10,6,自動自覺,東網馬經,內幕料,名家推介,https://racing.on.cc/racing/fav/current/rjfavg0001x0.html,news,oncc
2026-09-15 05:11:23,2026-09-13,10,10,金勝名駒,東網馬經,內幕料,名家推介,https://racing.on.cc/racing/fav/current/rjfavg0001x0.html,news,oncc
2026-09-15 05:11:23,2026-09-13,10,12,嵐臣,東網馬經,內幕料,名家推介,https://racing.on.cc/racing/fav/current/rjfavg0001x0.html,news,oncc
2026-09-15 05:11:23,2026-09-13,3,4,明亮光輝,東網馬經,網中神,名家推介,https://racing.on.cc/racing/fav/current/rjfavg0001x0.html,news,oncc
2026-09-15 05:11:23,2026-09-13,3,5,朗日雪峰,東網馬經,網中神,名家推介,https://racing.on.cc/racing/fav/current/rjfavg0001x0.html,news,oncc
2026-09-15 05:11:23,2026-09-13,3,6,銀騰,東網馬經,網中神,名家推介,https://racing.on.cc/racing/fav/current/rjfavg0001x0.html,news,oncc
2026-09-15 05:11:23,2026-09-13,3,10,發財金戈,東網馬經,網中神,名家推介,https://racing.on.cc/racing/fav/current/rjfavg0001x0.html,news,oncc
2026-09-15 05:11:23,2026-09-13,7,1,準輝煌,東網馬經,網中神,名家推介,https://racing.on.cc/racing/fav/current/rjfavg0001x0.html,news,oncc
2026-09-15 05:11:23,2026-09-13,7,5,步風影,東網馬經,網中神,名家推介,https://racing.on.cc/racing/fav/current/rjfavg0001x0.html,news,oncc
2026-09-15 05:11:23,2026-09-13,7,8,龍城強將,東網馬經,網中神,名家推介,https://racing.on.cc/racing/fav/current/rjfavg0001x0.html,news,oncc
2026-09-15 05:11:23,2026-09-13,7,12,活力精神,東網馬經,網中神,名家推介,https://racing.on.cc/racing/fav/current/rjfavg0001x0.html,news,oncc
2026-09-15 05:11:23,2026-09-13,5,2,肯佩斯,東網馬經,洛飛,名家推介,https://racing.on.cc/racing/fav/current/rjfavg0001x0.html,news,oncc
2026-09-15 05:11:23,2026-09-13,5,3,渡月橋,東網馬經,洛飛,名家推介,https://racing.on.cc/racing/fav/current/rjfavg0001x0.html,news,oncc
2026-09-15 05:11:23,2026-09-13,5,5,鋁神,東網馬經,洛飛,名家推介,https://racing.on.cc/racing/fav/current/rjfavg0001x0.html,news,oncc
2026-09-15 05:11:23,2026-09-13,5,10,烈進駒,東網馬經,洛飛,名家推介,https://racing.on.cc/racing/fav/current/rjfavg0001x0.html,news,oncc
2026-09-15 05:11:23,2026-09-13,6,1,捷威,東網馬經,洛飛,名家推介,https://racing.on.cc/racing/fav/current/rjfavg0001x0.html,news,oncc
2026-09-15 05:11:23,2026-09-13,6,3,幸運威龍,東網馬經,洛飛,名家推介,https://racing.on.cc/racing/fav/current/rjfavg0001x0.html,news,oncc
2026-09-15 05:11:23,2026-09-13,6,5,好運年,東網馬經,洛飛,名家推介,https://racing.on.cc/racing/fav/current/rjfavg0001x0.html,news,oncc
2026-09-15 05:11:23,2026-09-13,6,9,華麗再贏,東網馬經,洛飛,名家推介,https://racing.on.cc/racing/fav/current/rjfavg0001x0.html,news,oncc
2026-09-15 05:11:23,2026-09-13,1,14,星之願,東網馬經,西門獨,西門獨／諸葛數貼士,https://racing.on.cc/racing/fav/current/rjfavf0201x0.html,news,oncc
2026-09-15 05:11:23,2026-09-13,1,10,籐王駒,東網馬經,西門獨,西門獨／諸葛數貼士,https://racing.on.cc/racing/fav/current/rjfavf0201x0.html,news,oncc
2026-09-15 05:11:23,2026-09-13,1,11,巴閉佬,東網馬經,西門獨,西門獨／諸葛數貼士,https://racing.on.cc/racing/fav/current/rjfavf0201x0.html,news,oncc
2026-09-15 05:11:23,2026-09-13,1,12,紅旺繽紛,東網馬經,西門獨,西門獨／諸葛數貼士,https://racing.on.cc/racing/fav/current/rjfavf0201x0.html,news,oncc
2026-09-15 05:11:23,2026-09-13,2,8,紅海旺,東網馬經,西門獨,西門獨／諸葛數貼士,https://racing.on.cc/racing/fav/current/rjfavf0201x0.html,news,oncc
2026-09-15 05:11:23,2026-09-13,2,13,杭至尊,東網馬經,西門獨,西門獨／諸葛數貼士,https://racing.on.cc/racing/fav/current/rjfavf0201x0.html,news,oncc
2026-09-15 05:11:23,2026-09-13,2,2,路路勁,東網馬經,西門獨,西門獨／諸葛數貼士,https://racing.on.cc/racing/fav/current/rjfavf0201x0.html,news,oncc
2026-09-15 05:11:23,2026-09-13,2,5,盈俊天下,東網馬經,西門獨,西門獨／諸葛數貼士,https://racing.on.cc/racing/fav/current/rjfavf0201x0.html,news,oncc
2026-09-15 05:11:23,2026-09-13,3,4,明亮光輝,東網馬經,西門獨,西門獨／諸葛數貼士,https://racing.on.cc/racing/fav/current/rjfavf0201x0.html,news,oncc
2026-09-15 05:11:23,2026-09-13,3,10,發財金戈,東網馬經,西門獨,西門獨／諸葛數貼士,https://racing.on.cc/racing/fav/current/rjfavf0201x0.html,news,oncc
2026-09-15 05:11:23,2026-09-13,3,5,朗日雪峰,東網馬經,西門獨,西門獨／諸葛數貼士,https://racing.on.cc/racing/fav/current/rjfavf0201x0.html,news,oncc
2026-09-15 05:11:23,2026-09-13,3,12,輕鬆大少,東網馬經,西門獨,西門獨／諸葛數貼士,https://racing.on.cc/racing/fav/current/rjfavf0201x0.html,news,oncc
2026-09-15 05:11:23,2026-09-13,4,8,錶之梵星,東網馬經,西門獨,西門獨／諸葛數貼士,https://racing.on.cc/racing/fav/current/rjfavf0201x0.html,news,oncc
2026-09-15 05:11:23,2026-09-13,4,9,綠茵明珠,東網馬經,西門獨,西門獨／諸葛數貼士,https://racing.on.cc/racing/fav/current/rjfavf0201x0.html,news,oncc
2026-09-15 05:11:23,2026-09-13,4,12,快樂高球,東網馬經,西門獨,西門獨／諸葛數貼士,https://racing.on.cc/racing/fav/current/rjfavf0201x0.html,news,oncc
2026-09-15 05:11:23,2026-09-13,4,7,幸運大夫,東網馬經,西門獨,西門獨／諸葛數貼士,https://racing.on.cc/racing/fav/current/rjfavf0201x0.html,news,oncc
2026-09-15 05:11:23,2026-09-13,5,5,鋁神,東網馬經,西門獨,西門獨／諸葛數貼士,https://racing.on.cc/racing/fav/current/rjfavf0201x0.html,news,oncc
2026-09-15 05:11:23,2026-09-13,5,10,烈進駒,東網馬經,西門獨,西門獨／諸葛數貼士,https://racing.on.cc/racing/fav/current/rjfavf0201x0.html,news,oncc
2026-09-15 05:11:23,2026-09-13,5,11,天天更好,東網馬經,西門獨,西門獨／諸葛數貼士,https://racing.on.cc/racing/fav/current/rjfavf0201x0.html,news,oncc
2026-09-15 05:11:23,2026-09-13,5,14,觀萬物,東網馬經,西門獨,西門獨／諸葛數貼士,https://racing.on.cc/racing/fav/current/rjfavf0201x0.html,news,oncc
2026-09-15 05:11:23,2026-09-13,6,1,捷威,東網馬經,西門獨,西門獨／諸葛數貼士,https://racing.on.cc/racing/fav/current/rjfavf0201x0.html,news,oncc
2026-09-15 05:11:23,2026-09-13,6,3,幸運威龍,東網馬經,西門獨,西門獨／諸葛數貼士,https://racing.on.cc/racing/fav/current/rjfavf0201x0.html,news,oncc
2026-09-15 05:11:23,2026-09-13,6,5,好運年,東網馬經,西門獨,西門獨／諸葛數貼士,https://racing.on.cc/racing/fav/current/rjfavf0201x0.html,news,oncc
2026-09-15 05:11:23,2026-09-13,6,11,,東網馬經,西門獨,西門獨／諸葛數貼士,https://racing.on.cc/racing/fav/current/rjfavf0201x0.html,news,oncc
2026-09-15 05:11:23,2026-09-13,7,1,準輝煌,東網馬經,西門獨,西門獨／諸葛數貼士,https://racing.on.cc/racing/fav/current/rjfavf0201x0.html,news,oncc
2026-09-15 05:11:23,2026-09-13,7,4,加州熱浪,東網馬經,西門獨,西門獨／諸葛數貼士,https://racing.on.cc/racing/fav/current/rjfavf0201x0.html,news,oncc
2026-09-15 05:11:23,2026-09-13,7,5,步風影,東網馬經,西門獨,西門獨／諸葛數貼士,https://racing.on.cc/racing/fav/current/rjfavf0201x0.html,news,oncc
2026-09-15 05:11:23,2026-09-13,7,12,活力精神,東網馬經,西門獨,西門獨／諸葛數貼士,https://racing.on.cc/racing/fav/current/rjfavf0201x0.html,news,oncc
2026-09-15 05:11:23,2026-09-13,8,1,實力股,東網馬經,西門獨,西門獨／諸葛數貼士,https://racing.on.cc/racing/fav/current/rjfavf0201x0.html,news,oncc
2026-09-15 05:11:23,2026-09-13,8,8,米奇,東網馬經,西門獨,西門獨／諸葛數貼士,https://racing.on.cc/racing/fav/current/rjfavf0201x0.html,news,oncc
2026-09-15 05:11:23,2026-09-13,8,4,團結勇士,東網馬經,西門獨,西門獨／諸葛數貼士,https://racing.on.cc/racing/fav/current/rjfavf0201x0.html,news,oncc
2026-09-15 05:11:23,2026-09-13,8,10,星運傳奇,東網馬經,西門獨,西門獨／諸葛數貼士,https://racing.on.cc/racing/fav/current/rjfavf0201x0.html,news,oncc
2026-09-15 05:11:23,2026-09-13,9,8,傑出雷霆,東網馬經,西門獨,西門獨／諸葛數貼士,https://racing.on.cc/racing/fav/current/rjfavf0201x0.html,news,oncc
2026-09-15 05:11:23,2026-09-13,9,1,超寫意,東網馬經,西門獨,西門獨／諸葛數貼士,https://racing.on.cc/racing/fav/current/rjfavf0201x0.html,news,oncc
2026-09-15 05:11:23,2026-09-13,9,5,鑽石星空,東網馬經,西門獨,西門獨／諸葛數貼士,https://racing.on.cc/racing/fav/current/rjfavf0201x0.html,news,oncc
2026-09-15 05:11:23,2026-09-13,9,6,星月飛雲,東網馬經,西門獨,西門獨／諸葛數貼士,https://racing.on.cc/racing/fav/current/rjfavf0201x0.html,news,oncc
2026-09-15 05:11:23,2026-09-13,10,10,金勝名駒,東網馬經,西門獨,西門獨／諸葛數貼士,https://racing.on.cc/racing/fav/current/rjfavf0201x0.html,news,oncc
2026-09-15 05:11:23,2026-09-13,10,12,嵐臣,東網馬經,西門獨,西門獨／諸葛數貼士,https://racing.on.cc/racing/fav/current/rjfavf0201x0.html,news,oncc
2026-09-15 05:11:23,2026-09-13,10,8,仁仁有餘,東網馬經,西門獨,西門獨／諸葛數貼士,https://racing.on.cc/racing/fav/current/rjfavf0201x0.html,news,oncc
2026-09-15 05:11:23,2026-09-13,10,4,細水長流,東網馬經,西門獨,西門獨／諸葛數貼士,https://racing.on.cc/racing/fav/current/rjfavf0201x0.html,news,oncc
2026-09-15 05:11:23,2026-09-13,1,7,增旺,東網馬經,諸葛數,西門獨／諸葛數貼士,https://racing.on.cc/racing/fav/current/rjfavf0201x0.html,news,oncc
2026-09-15 05:11:23,2026-09-13,1,9,文武全能,東網馬經,諸葛數,西門獨／諸葛數貼士,https://racing.on.cc/racing/fav/current/rjfavf0201x0.html,news,oncc
2026-09-15 05:11:23,2026-09-13,1,11,巴閉佬,東網馬經,諸葛數,西門獨／諸葛數貼士,https://racing.on.cc/racing/fav/current/rjfavf0201x0.html,news,oncc
2026-09-15 05:11:23,2026-09-13,1,10,籐王駒,東網馬經,諸葛數,西門獨／諸葛數貼士,https://racing.on.cc/racing/fav/current/rjfavf0201x0.html,news,oncc
2026-09-15 05:11:23,2026-09-13,2,2,路路勁,東網馬經,諸葛數,西門獨／諸葛數貼士,https://racing.on.cc/racing/fav/current/rjfavf0201x0.html,news,oncc
2026-09-15 05:11:23,2026-09-13,2,8,紅海旺,東網馬經,諸葛數,西門獨／諸葛數貼士,https://racing.on.cc/racing/fav/current/rjfavf0201x0.html,news,oncc
2026-09-15 05:11:23,2026-09-13,2,13,杭至尊,東網馬經,諸葛數,西門獨／諸葛數貼士,https://racing.on.cc/racing/fav/current/rjfavf0201x0.html,news,oncc
2026-09-15 05:11:23,2026-09-13,2,11,雷神太保,東網馬經,諸葛數,西門獨／諸葛數貼士,https://racing.on.cc/racing/fav/current/rjfavf0201x0.html,news,oncc
2026-09-15 05:11:23,2026-09-13,3,4,明亮光輝,東網馬經,諸葛數,西門獨／諸葛數貼士,https://racing.on.cc/racing/fav/current/rjfavf0201x0.html,news,oncc
2026-09-15 05:11:23,2026-09-13,3,3,東方寶寶,東網馬經,諸葛數,西門獨／諸葛數貼士,https://racing.on.cc/racing/fav/current/rjfavf0201x0.html,news,oncc
2026-09-15 05:11:23,2026-09-13,3,6,銀騰,東網馬經,諸葛數,西門獨／諸葛數貼士,https://racing.on.cc/racing/fav/current/rjfavf0201x0.html,news,oncc
2026-09-15 05:11:23,2026-09-13,3,13,快樂老撾,東網馬經,諸葛數,西門獨／諸葛數貼士,https://racing.on.cc/racing/fav/current/rjfavf0201x0.html,news,oncc
2026-09-15 05:11:23,2026-09-13,4,11,你知我寶,東網馬經,諸葛數,西門獨／諸葛數貼士,https://racing.on.cc/racing/fav/current/rjfavf0201x0.html,news,oncc
2026-09-15 05:11:23,2026-09-13,4,12,快樂高球,東網馬經,諸葛數,西門獨／諸葛數貼士,https://racing.on.cc/racing/fav/current/rjfavf0201x0.html,news,oncc
2026-09-15 05:11:23,2026-09-13,4,1,川河帥駒,東網馬經,諸葛數,西門獨／諸葛數貼士,https://racing.on.cc/racing/fav/current/rjfavf0201x0.html,news,oncc
2026-09-15 05:11:23,2026-09-13,4,6,小魔怪,東網馬經,諸葛數,西門獨／諸葛數貼士,https://racing.on.cc/racing/fav/current/rjfavf0201x0.html,news,oncc
2026-09-15 05:11:23,2026-09-13,5,10,烈進駒,東網馬經,諸葛數,西門獨／諸葛數貼士,https://racing.on.cc/racing/fav/current/rjfavf0201x0.html,news,oncc
2026-09-15 05:11:23,2026-09-13,5,2,肯佩斯,東網馬經,諸葛數,西門獨／諸葛數貼士,https://racing.on.cc/racing/fav/current/rjfavf0201x0.html,news,oncc
2026-09-15 05:11:23,2026-09-13,5,7,確好勁,東網馬經,諸葛數,西門獨／諸葛數貼士,https://racing.on.cc/racing/fav/current/rjfavf0201x0.html,news,oncc
2026-09-15 05:11:23,2026-09-13,5,5,鋁神,東網馬經,諸葛數,西門獨／諸葛數貼士,https://racing.on.cc/racing/fav/current/rjfavf0201x0.html,news,oncc
2026-09-15 05:11:23,2026-09-13,6,1,捷威,東網馬經,諸葛數,西門獨／諸葛數貼士,https://racing.on.cc/racing/fav/current/rjfavf0201x0.html,news,oncc
2026-09-15 05:11:23,2026-09-13,6,4,勤德天下,東網馬經,諸葛數,西門獨／諸葛數貼士,https://racing.on.cc/racing/fav/current/rjfavf0201x0.html,news,oncc
2026-09-15 05:11:23,2026-09-13,6,3,幸運威龍,東網馬經,諸葛數,西門獨／諸葛數貼士,https://racing.on.cc/racing/fav/current/rjfavf0201x0.html,news,oncc
2026-09-15 05:11:23,2026-09-13,6,6,新力飆,東網馬經,諸葛數,西門獨／諸葛數貼士,https://racing.on.cc/racing/fav/current/rjfavf0201x0.html,news,oncc
2026-09-15 05:11:23,2026-09-13,7,2,睿智多寶,東網馬經,諸葛數,西門獨／諸葛數貼士,https://racing.on.cc/racing/fav/current/rjfavf0201x0.html,news,oncc
2026-09-15 05:11:23,2026-09-13,7,4,加州熱浪,東網馬經,諸葛數,西門獨／諸葛數貼士,https://racing.on.cc/racing/fav/current/rjfavf0201x0.html,news,oncc
2026-09-15 05:11:23,2026-09-13,7,5,步風影,東網馬經,諸葛數,西門獨／諸葛數貼士,https://racing.on.cc/racing/fav/current/rjfavf0201x0.html,news,oncc
2026-09-15 05:11:23,2026-09-13,7,13,天比高,東網馬經,諸葛數,西門獨／諸葛數貼士,https://racing.on.cc/racing/fav/current/rjfavf0201x0.html,news,oncc
2026-09-15 05:11:23,2026-09-13,8,1,實力股,東網馬經,諸葛數,西門獨／諸葛數貼士,https://racing.on.cc/racing/fav/current/rjfavf0201x0.html,news,oncc
2026-09-15 05:11:23,2026-09-13,8,13,幸運糖,東網馬經,諸葛數,西門獨／諸葛數貼士,https://racing.on.cc/racing/fav/current/rjfavf0201x0.html,news,oncc
2026-09-15 05:11:23,2026-09-13,8,9,大愛無疆,東網馬經,諸葛數,西門獨／諸葛數貼士,https://racing.on.cc/racing/fav/current/rjfavf0201x0.html,news,oncc
2026-09-15 05:11:23,2026-09-13,8,2,會長之寶,東網馬經,諸葛數,西門獨／諸葛數貼士,https://racing.on.cc/racing/fav/current/rjfavf0201x0.html,news,oncc
2026-09-15 05:11:23,2026-09-13,9,5,鑽石星空,東網馬經,諸葛數,西門獨／諸葛數貼士,https://racing.on.cc/racing/fav/current/rjfavf0201x0.html,news,oncc
2026-09-15 05:11:23,2026-09-13,9,1,超寫意,東網馬經,諸葛數,西門獨／諸葛數貼士,https://racing.on.cc/racing/fav/current/rjfavf0201x0.html,news,oncc
2026-09-15 05:11:23,2026-09-13,9,8,傑出雷霆,東網馬經,諸葛數,西門獨／諸葛數貼士,https://racing.on.cc/racing/fav/current/rjfavf0201x0.html,news,oncc
2026-09-15 05:11:23,2026-09-13,9,13,正極,東網馬經,諸葛數,西門獨／諸葛數貼士,https://racing.on.cc/racing/fav/current/rjfavf0201x0.html,news,oncc
2026-09-15 05:11:23,2026-09-13,10,10,金勝名駒,東網馬經,諸葛數,西門獨／諸葛數貼士,https://racing.on.cc/racing/fav/current/rjfavf0201x0.html,news,oncc
2026-09-15 05:11:23,2026-09-13,10,12,嵐臣,東網馬經,諸葛數,西門獨／諸葛數貼士,https://racing.on.cc/racing/fav/current/rjfavf0201x0.html,news,oncc
2026-09-15 05:11:23,2026-09-13,10,5,潮州精神,東網馬經,諸葛數,西門獨／諸葛數貼士,https://racing.on.cc/racing/fav/current/rjfavf0201x0.html,news,oncc
2026-09-15 05:11:23,2026-09-13,10,7,百勝威龍,東網馬經,諸葛數,西門獨／諸葛數貼士,https://racing.on.cc/racing/fav/current/rjfavf0201x0.html,news,oncc
2026-09-15 05:11:23,2026-09-13,1,2,悠然常勝,東網馬經,陳志懷,西門獨／諸葛數貼士,https://racing.on.cc/racing/fav/current/rjfavf0201x0.html,news,oncc
2026-09-15 05:11:23,2026-09-13,1,5,全神貫注,東網馬經,陳志懷,西門獨／諸葛數貼士,https://racing.on.cc/racing/fav/current/rjfavf0201x0.html,news,oncc
2026-09-15 05:11:23,2026-09-13,1,3,海鑽石,東網馬經,陳志懷,西門獨／諸葛數貼士,https://racing.on.cc/racing/fav/current/rjfavf0201x0.html,news,oncc
2026-09-15 05:11:23,2026-09-13,1,10,籐王駒,東網馬經,陳志懷,西門獨／諸葛數貼士,https://racing.on.cc/racing/fav/current/rjfavf0201x0.html,news,oncc
2026-09-15 05:11:23,2026-09-13,2,8,紅海旺,東網馬經,陳志懷,西門獨／諸葛數貼士,https://racing.on.cc/racing/fav/current/rjfavf0201x0.html,news,oncc
2026-09-15 05:11:23,2026-09-13,2,11,雷神太保,東網馬經,陳志懷,西門獨／諸葛數貼士,https://racing.on.cc/racing/fav/current/rjfavf0201x0.html,news,oncc
2026-09-15 05:11:23,2026-09-13,2,5,盈俊天下,東網馬經,陳志懷,西門獨／諸葛數貼士,https://racing.on.cc/racing/fav/current/rjfavf0201x0.html,news,oncc
2026-09-15 05:11:23,2026-09-13,2,2,路路勁,東網馬經,陳志懷,西門獨／諸葛數貼士,https://racing.on.cc/racing/fav/current/rjfavf0201x0.html,news,oncc
2026-09-15 05:11:23,2026-09-13,3,8,劍無情,東網馬經,陳志懷,西門獨／諸葛數貼士,https://racing.on.cc/racing/fav/current/rjfavf0201x0.html,news,oncc
2026-09-15 05:11:23,2026-09-13,3,14,海洋帝君,東網馬經,陳志懷,西門獨／諸葛數貼士,https://racing.on.cc/racing/fav/current/rjfavf0201x0.html,news,oncc
2026-09-15 05:11:23,2026-09-13,3,4,明亮光輝,東網馬經,陳志懷,西門獨／諸葛數貼士,https://racing.on.cc/racing/fav/current/rjfavf0201x0.html,news,oncc
2026-09-15 05:11:23,2026-09-13,3,7,勝在當下,東網馬經,陳志懷,西門獨／諸葛數貼士,https://racing.on.cc/racing/fav/current/rjfavf0201x0.html,news,oncc
2026-09-15 05:11:23,2026-09-13,4,1,川河帥駒,東網馬經,陳志懷,西門獨／諸葛數貼士,https://racing.on.cc/racing/fav/current/rjfavf0201x0.html,news,oncc
2026-09-15 05:11:23,2026-09-13,4,8,錶之梵星,東網馬經,陳志懷,西門獨／諸葛數貼士,https://racing.on.cc/racing/fav/current/rjfavf0201x0.html,news,oncc
2026-09-15 05:11:23,2026-09-13,4,14,安定神駒,東網馬經,陳志懷,西門獨／諸葛數貼士,https://racing.on.cc/racing/fav/current/rjfavf0201x0.html,news,oncc
2026-09-15 05:11:23,2026-09-13,4,2,逍遙人生,東網馬經,陳志懷,西門獨／諸葛數貼士,https://racing.on.cc/racing/fav/current/rjfavf0201x0.html,news,oncc
2026-09-15 05:11:23,2026-09-13,5,13,領駿輝煌,東網馬經,陳志懷,西門獨／諸葛數貼士,https://racing.on.cc/racing/fav/current/rjfavf0201x0.html,news,oncc
2026-09-15 05:11:23,2026-09-13,5,11,天天更好,東網馬經,陳志懷,西門獨／諸葛數貼士,https://racing.on.cc/racing/fav/current/rjfavf0201x0.html,news,oncc
2026-09-15 05:11:23,2026-09-13,5,14,觀萬物,東網馬經,陳志懷,西門獨／諸葛數貼士,https://racing.on.cc/racing/fav/current/rjfavf0201x0.html,news,oncc
2026-09-15 05:11:23,2026-09-13,5,9,龍文正道,東網馬經,陳志懷,西門獨／諸葛數貼士,https://racing.on.cc/racing/fav/current/rjfavf0201x0.html,news,oncc
2026-09-15 05:11:23,2026-09-13,6,5,好運年,東網馬經,陳志懷,西門獨／諸葛數貼士,https://racing.on.cc/racing/fav/current/rjfavf0201x0.html,news,oncc
2026-09-15 05:11:23,2026-09-13,6,8,小飛俠,東網馬經,陳志懷,西門獨／諸葛數貼士,https://racing.on.cc/racing/fav/current/rjfavf0201x0.html,news,oncc
2026-09-15 05:11:23,2026-09-13,6,11,,東網馬經,陳志懷,西門獨／諸葛數貼士,https://racing.on.cc/racing/fav/current/rjfavf0201x0.html,news,oncc
2026-09-15 05:11:23,2026-09-13,6,3,幸運威龍,東網馬經,陳志懷,西門獨／諸葛數貼士,https://racing.on.cc/racing/fav/current/rjfavf0201x0.html,news,oncc
2026-09-15 05:11:23,2026-09-13,7,5,步風影,東網馬經,陳志懷,西門獨／諸葛數貼士,https://racing.on.cc/racing/fav/current/rjfavf0201x0.html,news,oncc
2026-09-15 05:11:23,2026-09-13,7,1,準輝煌,東網馬經,陳志懷,西門獨／諸葛數貼士,https://racing.on.cc/racing/fav/current/rjfavf0201x0.html,news,oncc
2026-09-15 05:11:23,2026-09-13,7,6,愛馬心,東網馬經,陳志懷,西門獨／諸葛數貼士,https://racing.on.cc/racing/fav/current/rjfavf0201x0.html,news,oncc
2026-09-15 05:11:23,2026-09-13,7,3,部族高手,東網馬經,陳志懷,西門獨／諸葛數貼士,https://racing.on.cc/racing/fav/current/rjfavf0201x0.html,news,oncc
2026-09-15 05:11:23,2026-09-13,8,1,實力股,東網馬經,陳志懷,西門獨／諸葛數貼士,https://racing.on.cc/racing/fav/current/rjfavf0201x0.html,news,oncc
2026-09-15 05:11:23,2026-09-13,8,10,星運傳奇,東網馬經,陳志懷,西門獨／諸葛數貼士,https://racing.on.cc/racing/fav/current/rjfavf0201x0.html,news,oncc
2026-09-15 05:11:23,2026-09-13,8,13,幸運糖,東網馬經,陳志懷,西門獨／諸葛數貼士,https://racing.on.cc/racing/fav/current/rjfavf0201x0.html,news,oncc
2026-09-15 05:11:23,2026-09-13,8,2,會長之寶,東網馬經,陳志懷,西門獨／諸葛數貼士,https://racing.on.cc/racing/fav/current/rjfavf0201x0.html,news,oncc
2026-09-15 05:11:23,2026-09-13,9,8,傑出雷霆,東網馬經,陳志懷,西門獨／諸葛數貼士,https://racing.on.cc/racing/fav/current/rjfavf0201x0.html,news,oncc
2026-09-15 05:11:23,2026-09-13,9,1,超寫意,東網馬經,陳志懷,西門獨／諸葛數貼士,https://racing.on.cc/racing/fav/current/rjfavf0201x0.html,news,oncc
2026-09-15 05:11:23,2026-09-13,9,2,錶之極光,東網馬經,陳志懷,西門獨／諸葛數貼士,https://racing.on.cc/racing/fav/current/rjfavf0201x0.html,news,oncc
2026-09-15 05:11:23,2026-09-13,9,5,鑽石星空,東網馬經,陳志懷,西門獨／諸葛數貼士,https://racing.on.cc/racing/fav/current/rjfavf0201x0.html,news,oncc
2026-09-15 05:11:23,2026-09-13,10,4,細水長流,東網馬經,陳志懷,西門獨／諸葛數貼士,https://racing.on.cc/racing/fav/current/rjfavf0201x0.html,news,oncc
2026-09-15 05:11:23,2026-09-13,10,5,潮州精神,東網馬經,陳志懷,西門獨／諸葛數貼士,https://racing.on.cc/racing/fav/current/rjfavf0201x0.html,news,oncc
2026-09-15 05:11:23,2026-09-13,10,12,嵐臣,東網馬經,陳志懷,西門獨／諸葛數貼士,https://racing.on.cc/racing/fav/current/rjfavf0201x0.html,news,oncc
2026-09-15 05:11:23,2026-09-13,10,9,金錢遊戲,東網馬經,陳志懷,西門獨／諸葛數貼士,https://racing.on.cc/racing/fav/current/rjfavf0201x0.html,news,oncc
2026-09-15 05:11:23,2026-09-13,1,2,悠然常勝,東網馬經,明治朗,西門獨／諸葛數貼士,https://racing.on.cc/racing/fav/current/rjfavf0201x0.html,news,oncc
2026-09-15 05:11:23,2026-09-13,1,3,海鑽石,東網馬經,明治朗,西門獨／諸葛數貼士,https://racing.on.cc/racing/fav/current/rjfavf0201x0.html,news,oncc
2026-09-15 05:11:23,2026-09-13,1,10,籐王駒,東網馬經,明治朗,西門獨／諸葛數貼士,https://racing.on.cc/racing/fav/current/rjfavf0201x0.html,news,oncc
2026-09-15 05:11:23,2026-09-13,1,11,巴閉佬,東網馬經,明治朗,西門獨／諸葛數貼士,https://racing.on.cc/racing/fav/current/rjfavf0201x0.html,news,oncc
2026-09-15 05:11:23,2026-09-13,2,5,盈俊天下,東網馬經,明治朗,西門獨／諸葛數貼士,https://racing.on.cc/racing/fav/current/rjfavf0201x0.html,news,oncc
2026-09-15 05:11:23,2026-09-13,2,8,紅海旺,東網馬經,明治朗,西門獨／諸葛數貼士,https://racing.on.cc/racing/fav/current/rjfavf0201x0.html,news,oncc
2026-09-15 05:11:23,2026-09-13,2,2,路路勁,東網馬經,明治朗,西門獨／諸葛數貼士,https://racing.on.cc/racing/fav/current/rjfavf0201x0.html,news,oncc
2026-09-15 05:11:23,2026-09-13,2,9,舞林盛宴,東網馬經,明治朗,西門獨／諸葛數貼士,https://racing.on.cc/racing/fav/current/rjfavf0201x0.html,news,oncc
2026-09-15 05:11:23,2026-09-13,3,13,快樂老撾,東網馬經,明治朗,西門獨／諸葛數貼士,https://racing.on.cc/racing/fav/current/rjfavf0201x0.html,news,oncc
2026-09-15 05:11:23,2026-09-13,3,14,海洋帝君,東網馬經,明治朗,西門獨／諸葛數貼士,https://racing.on.cc/racing/fav/current/rjfavf0201x0.html,news,oncc
2026-09-15 05:11:23,2026-09-13,3,4,明亮光輝,東網馬經,明治朗,西門獨／諸葛數貼士,https://racing.on.cc/racing/fav/current/rjfavf0201x0.html,news,oncc
2026-09-15 05:11:23,2026-09-13,3,3,東方寶寶,東網馬經,明治朗,西門獨／諸葛數貼士,https://racing.on.cc/racing/fav/current/rjfavf0201x0.html,news,oncc
2026-09-15 05:11:23,2026-09-13,4,12,快樂高球,東網馬經,明治朗,西門獨／諸葛數貼士,https://racing.on.cc/racing/fav/current/rjfavf0201x0.html,news,oncc
2026-09-15 05:11:23,2026-09-13,4,4,八玲瓏,東網馬經,明治朗,西門獨／諸葛數貼士,https://racing.on.cc/racing/fav/current/rjfavf0201x0.html,news,oncc
2026-09-15 05:11:23,2026-09-13,4,3,砂漿麒星,東網馬經,明治朗,西門獨／諸葛數貼士,https://racing.on.cc/racing/fav/current/rjfavf0201x0.html,news,oncc
2026-09-15 05:11:23,2026-09-13,4,8,錶之梵星,東網馬經,明治朗,西門獨／諸葛數貼士,https://racing.on.cc/racing/fav/current/rjfavf0201x0.html,news,oncc
2026-09-15 05:11:23,2026-09-13,5,11,天天更好,東網馬經,明治朗,西門獨／諸葛數貼士,https://racing.on.cc/racing/fav/current/rjfavf0201x0.html,news,oncc
2026-09-15 05:11:23,2026-09-13,5,7,確好勁,東網馬經,明治朗,西門獨／諸葛數貼士,https://racing.on.cc/racing/fav/current/rjfavf0201x0.html,news,oncc
2026-09-15 05:11:23,2026-09-13,5,10,烈進駒,東網馬經,明治朗,西門獨／諸葛數貼士,https://racing.on.cc/racing/fav/current/rjfavf0201x0.html,news,oncc
2026-09-15 05:11:23,2026-09-13,5,2,肯佩斯,東網馬經,明治朗,西門獨／諸葛數貼士,https://racing.on.cc/racing/fav/current/rjfavf0201x0.html,news,oncc
2026-09-15 05:11:23,2026-09-13,6,7,特別美麗,東網馬經,明治朗,西門獨／諸葛數貼士,https://racing.on.cc/racing/fav/current/rjfavf0201x0.html,news,oncc
2026-09-15 05:11:23,2026-09-13,6,6,新力飆,東網馬經,明治朗,西門獨／諸葛數貼士,https://racing.on.cc/racing/fav/current/rjfavf0201x0.html,news,oncc
2026-09-15 05:11:23,2026-09-13,6,3,幸運威龍,東網馬經,明治朗,西門獨／諸葛數貼士,https://racing.on.cc/racing/fav/current/rjfavf0201x0.html,news,oncc
2026-09-15 05:11:23,2026-09-13,6,9,華麗再贏,東網馬經,明治朗,西門獨／諸葛數貼士,https://racing.on.cc/racing/fav/current/rjfavf0201x0.html,news,oncc
2026-09-15 05:11:23,2026-09-13,7,4,加州熱浪,東網馬經,明治朗,西門獨／諸葛數貼士,https://racing.on.cc/racing/fav/current/rjfavf0201x0.html,news,oncc
2026-09-15 05:11:23,2026-09-13,7,7,量子猴王,東網馬經,明治朗,西門獨／諸葛數貼士,https://racing.on.cc/racing/fav/current/rjfavf0201x0.html,news,oncc
2026-09-15 05:11:23,2026-09-13,7,1,準輝煌,東網馬經,明治朗,西門獨／諸葛數貼士,https://racing.on.cc/racing/fav/current/rjfavf0201x0.html,news,oncc
2026-09-15 05:11:23,2026-09-13,7,2,睿智多寶,東網馬經,明治朗,西門獨／諸葛數貼士,https://racing.on.cc/racing/fav/current/rjfavf0201x0.html,news,oncc
2026-09-15 05:11:23,2026-09-13,8,1,實力股,東網馬經,明治朗,西門獨／諸葛數貼士,https://racing.on.cc/racing/fav/current/rjfavf0201x0.html,news,oncc
2026-09-15 05:11:23,2026-09-13,8,4,團結勇士,東網馬經,明治朗,西門獨／諸葛數貼士,https://racing.on.cc/racing/fav/current/rjfavf0201x0.html,news,oncc
2026-09-15 05:11:23,2026-09-13,8,2,會長之寶,東網馬經,明治朗,西門獨／諸葛數貼士,https://racing.on.cc/racing/fav/current/rjfavf0201x0.html,news,oncc
2026-09-15 05:11:23,2026-09-13,8,13,幸運糖,東網馬經,明治朗,西門獨／諸葛數貼士,https://racing.on.cc/racing/fav/current/rjfavf0201x0.html,news,oncc
2026-09-15 05:11:23,2026-09-13,9,5,鑽石星空,東網馬經,明治朗,西門獨／諸葛數貼士,https://racing.on.cc/racing/fav/current/rjfavf0201x0.html,news,oncc
2026-09-15 05:11:23,2026-09-13,9,8,傑出雷霆,東網馬經,明治朗,西門獨／諸葛數貼士,https://racing.on.cc/racing/fav/current/rjfavf0201x0.html,news,oncc
2026-09-15 05:11:23,2026-09-13,9,1,超寫意,東網馬經,明治朗,西門獨／諸葛數貼士,https://racing.on.cc/racing/fav/current/rjfavf0201x0.html,news,oncc
2026-09-15 05:11:23,2026-09-13,9,13,正極,東網馬經,明治朗,西門獨／諸葛數貼士,https://racing.on.cc/racing/fav/current/rjfavf0201x0.html,news,oncc
2026-09-15 05:11:23,2026-09-13,10,12,嵐臣,東網馬經,明治朗,西門獨／諸葛數貼士,https://racing.on.cc/racing/fav/current/rjfavf0201x0.html,news,oncc
2026-09-15 05:11:23,2026-09-13,10,11,大回報,東網馬經,明治朗,西門獨／諸葛數貼士,https://racing.on.cc/racing/fav/current/rjfavf0201x0.html,news,oncc
2026-09-15 05:11:23,2026-09-13,10,3,馭跑得,東網馬經,明治朗,西門獨／諸葛數貼士,https://racing.on.cc/racing/fav/current/rjfavf0201x0.html,news,oncc
2026-09-15 05:11:23,2026-09-13,10,9,金錢遊戲,東網馬經,明治朗,西門獨／諸葛數貼士,https://racing.on.cc/racing/fav/current/rjfavf0201x0.html,news,oncc
2026-09-15 05:11:23,2026-09-13,1,14,星之願,東網馬經,兆文,西門獨／諸葛數貼士,https://racing.on.cc/racing/fav/current/rjfavf0201x0.html,news,oncc
2026-09-15 05:11:23,2026-09-13,1,10,籐王駒,東網馬經,兆文,西門獨／諸葛數貼士,https://racing.on.cc/racing/fav/current/rjfavf0201x0.html,news,oncc
2026-09-15 05:11:23,2026-09-13,1,11,巴閉佬,東網馬經,兆文,西門獨／諸葛數貼士,https://racing.on.cc/racing/fav/current/rjfavf0201x0.html,news,oncc
2026-09-15 05:11:23,2026-09-13,1,1,暴風一族,東網馬經,兆文,西門獨／諸葛數貼士,https://racing.on.cc/racing/fav/current/rjfavf0201x0.html,news,oncc
2026-09-15 05:11:23,2026-09-13,2,2,路路勁,東網馬經,兆文,西門獨／諸葛數貼士,https://racing.on.cc/racing/fav/current/rjfavf0201x0.html,news,oncc
2026-09-15 05:11:23,2026-09-13,2,8,紅海旺,東網馬經,兆文,西門獨／諸葛數貼士,https://racing.on.cc/racing/fav/current/rjfavf0201x0.html,news,oncc
2026-09-15 05:11:23,2026-09-13,2,5,盈俊天下,東網馬經,兆文,西門獨／諸葛數貼士,https://racing.on.cc/racing/fav/current/rjfavf0201x0.html,news,oncc
2026-09-15 05:11:23,2026-09-13,2,9,舞林盛宴,東網馬經,兆文,西門獨／諸葛數貼士,https://racing.on.cc/racing/fav/current/rjfavf0201x0.html,news,oncc
2026-09-15 05:11:23,2026-09-13,3,6,銀騰,東網馬經,兆文,西門獨／諸葛數貼士,https://racing.on.cc/racing/fav/current/rjfavf0201x0.html,news,oncc
2026-09-15 05:11:23,2026-09-13,3,4,明亮光輝,東網馬經,兆文,西門獨／諸葛數貼士,https://racing.on.cc/racing/fav/current/rjfavf0201x0.html,news,oncc
2026-09-15 05:11:23,2026-09-13,3,13,快樂老撾,東網馬經,兆文,西門獨／諸葛數貼士,https://racing.on.cc/racing/fav/current/rjfavf0201x0.html,news,oncc
2026-09-15 05:11:23,2026-09-13,3,14,海洋帝君,東網馬經,兆文,西門獨／諸葛數貼士,https://racing.on.cc/racing/fav/current/rjfavf0201x0.html,news,oncc
2026-09-15 05:11:23,2026-09-13,4,7,幸運大夫,東網馬經,兆文,西門獨／諸葛數貼士,https://racing.on.cc/racing/fav/current/rjfavf0201x0.html,news,oncc
2026-09-15 05:11:23,2026-09-13,4,12,快樂高球,東網馬經,兆文,西門獨／諸葛數貼士,https://racing.on.cc/racing/fav/current/rjfavf0201x0.html,news,oncc
2026-09-15 05:11:23,2026-09-13,4,11,你知我寶,東網馬經,兆文,西門獨／諸葛數貼士,https://racing.on.cc/racing/fav/current/rjfavf0201x0.html,news,oncc
2026-09-15 05:11:23,2026-09-13,4,4,八玲瓏,東網馬經,兆文,西門獨／諸葛數貼士,https://racing.on.cc/racing/fav/current/rjfavf0201x0.html,news,oncc
2026-09-15 05:11:23,2026-09-13,5,13,領駿輝煌,東網馬經,兆文,西門獨／諸葛數貼士,https://racing.on.cc/racing/fav/current/rjfavf0201x0.html,news,oncc
2026-09-15 05:11:23,2026-09-13,5,2,肯佩斯,東網馬經,兆文,西門獨／諸葛數貼士,https://racing.on.cc/racing/fav/current/rjfavf0201x0.html,news,oncc
2026-09-15 05:11:23,2026-09-13,5,9,龍文正道,東網馬經,兆文,西門獨／諸葛數貼士,https://racing.on.cc/racing/fav/current/rjfavf0201x0.html,news,oncc
2026-09-15 05:11:23,2026-09-13,5,11,天天更好,東網馬經,兆文,西門獨／諸葛數貼士,https://racing.on.cc/racing/fav/current/rjfavf0201x0.html,news,oncc
2026-09-15 05:11:23,2026-09-13,6,1,捷威,東網馬經,兆文,西門獨／諸葛數貼士,https://racing.on.cc/racing/fav/current/rjfavf0201x0.html,news,oncc
2026-09-15 05:11:23,2026-09-13,6,9,華麗再贏,東網馬經,兆文,西門獨／諸葛數貼士,https://racing.on.cc/racing/fav/current/rjfavf0201x0.html,news,oncc
2026-09-15 05:11:23,2026-09-13,6,4,勤德天下,東網馬經,兆文,西門獨／諸葛數貼士,https://racing.on.cc/racing/fav/current/rjfavf0201x0.html,news,oncc
2026-09-15 05:11:23,2026-09-13,6,5,好運年,東網馬經,兆文,西門獨／諸葛數貼士,https://racing.on.cc/racing/fav/current/rjfavf0201x0.html,news,oncc
2026-09-15 05:11:23,2026-09-13,7,13,天比高,東網馬經,兆文,西門獨／諸葛數貼士,https://racing.on.cc/racing/fav/current/rjfavf0201x0.html,news,oncc
2026-09-15 05:11:23,2026-09-13,7,3,部族高手,東網馬經,兆文,西門獨／諸葛數貼士,https://racing.on.cc/racing/fav/current/rjfavf0201x0.html,news,oncc
2026-09-15 05:11:23,2026-09-13,7,5,步風影,東網馬經,兆文,西門獨／諸葛數貼士,https://racing.on.cc/racing/fav/current/rjfavf0201x0.html,news,oncc
2026-09-15 05:11:23,2026-09-13,7,1,準輝煌,東網馬經,兆文,西門獨／諸葛數貼士,https://racing.on.cc/racing/fav/current/rjfavf0201x0.html,news,oncc
2026-09-15 05:11:23,2026-09-13,8,1,實力股,東網馬經,兆文,西門獨／諸葛數貼士,https://racing.on.cc/racing/fav/current/rjfavf0201x0.html,news,oncc
2026-09-15 05:11:23,2026-09-13,8,4,團結勇士,東網馬經,兆文,西門獨／諸葛數貼士,https://racing.on.cc/racing/fav/current/rjfavf0201x0.html,news,oncc
2026-09-15 05:11:23,2026-09-13,8,13,幸運糖,東網馬經,兆文,西門獨／諸葛數貼士,https://racing.on.cc/racing/fav/current/rjfavf0201x0.html,news,oncc
2026-09-15 05:11:23,2026-09-13,8,12,無敵好瑪,東網馬經,兆文,西門獨／諸葛數貼士,https://racing.on.cc/racing/fav/current/rjfavf0201x0.html,news,oncc
2026-09-15 05:11:23,2026-09-13,9,5,鑽石星空,東網馬經,兆文,西門獨／諸葛數貼士,https://racing.on.cc/racing/fav/current/rjfavf0201x0.html,news,oncc
2026-09-15 05:11:23,2026-09-13,9,8,傑出雷霆,東網馬經,兆文,西門獨／諸葛數貼士,https://racing.on.cc/racing/fav/current/rjfavf0201x0.html,news,oncc
2026-09-15 05:11:23,2026-09-13,9,1,超寫意,東網馬經,兆文,西門獨／諸葛數貼士,https://racing.on.cc/racing/fav/current/rjfavf0201x0.html,news,oncc
2026-09-15 05:11:23,2026-09-13,9,12,爆發,東網馬經,兆文,西門獨／諸葛數貼士,https://racing.on.cc/racing/fav/current/rjfavf0201x0.html,news,oncc
2026-09-15 05:11:23,2026-09-13,10,12,嵐臣,東網馬經,兆文,西門獨／諸葛數貼士,https://racing.on.cc/racing/fav/current/rjfavf0201x0.html,news,oncc
2026-09-15 05:11:23,2026-09-13,10,10,金勝名駒,東網馬經,兆文,西門獨／諸葛數貼士,https://racing.on.cc/racing/fav/current/rjfavf0201x0.html,news,oncc
2026-09-15 05:11:23,2026-09-13,10,14,逍遙騎士,東網馬經,兆文,西門獨／諸葛數貼士,https://racing.on.cc/racing/fav/current/rjfavf0201x0.html,news,oncc
2026-09-15 05:11:23,2026-09-13,10,6,自動自覺,東網馬經,兆文,西門獨／諸葛數貼士,https://racing.on.cc/racing/fav/current/rjfavf0201x0.html,news,oncc
2026-09-15 05:11:23,2026-09-13,1,5,全神貫注,東網馬經,東網馬經,東網馬經,https://racing.on.cc/racing/fav/current/rjfavf0301x0.html,news,oncc
2026-09-15 05:11:23,2026-09-13,1,10,籐王駒,東網馬經,東網馬經,東網馬經,https://racing.on.cc/racing/fav/current/rjfavf0301x0.html,news,oncc
2026-09-15 05:11:23,2026-09-13,1,11,巴閉佬,東網馬經,東網馬經,東網馬經,https://racing.on.cc/racing/fav/current/rjfavf0301x0.html,news,oncc
2026-09-15 05:11:23,2026-09-13,1,14,星之願,東網馬經,東網馬經,東網馬經,https://racing.on.cc/racing/fav/current/rjfavf0301x0.html,news,oncc
2026-09-15 05:11:23,2026-09-13,2,2,路路勁,東網馬經,東網馬經,東網馬經,https://racing.on.cc/racing/fav/current/rjfavf0301x0.html,news,oncc
2026-09-15 05:11:23,2026-09-13,2,8,紅海旺,東網馬經,東網馬經,東網馬經,https://racing.on.cc/racing/fav/current/rjfavf0301x0.html,news,oncc
2026-09-15 05:11:23,2026-09-13,2,13,杭至尊,東網馬經,東網馬經,東網馬經,https://racing.on.cc/racing/fav/current/rjfavf0301x0.html,news,oncc
2026-09-15 05:11:23,2026-09-13,2,3,輕功猛男,東網馬經,東網馬經,東網馬經,https://racing.on.cc/racing/fav/current/rjfavf0301x0.html,news,oncc
2026-09-15 05:11:23,2026-09-13,3,3,東方寶寶,東網馬經,東網馬經,東網馬經,https://racing.on.cc/racing/fav/current/rjfavf0301x0.html,news,oncc
2026-09-15 05:11:23,2026-09-13,3,4,明亮光輝,東網馬經,東網馬經,東網馬經,https://racing.on.cc/racing/fav/current/rjfavf0301x0.html,news,oncc
2026-09-15 05:11:23,2026-09-13,3,14,海洋帝君,東網馬經,東網馬經,東網馬經,https://racing.on.cc/racing/fav/current/rjfavf0301x0.html,news,oncc
2026-09-15 05:11:23,2026-09-13,3,13,快樂老撾,東網馬經,東網馬經,東網馬經,https://racing.on.cc/racing/fav/current/rjfavf0301x0.html,news,oncc
2026-09-15 05:11:23,2026-09-13,4,8,錶之梵星,東網馬經,東網馬經,東網馬經,https://racing.on.cc/racing/fav/current/rjfavf0301x0.html,news,oncc
2026-09-15 05:11:23,2026-09-13,4,2,逍遙人生,東網馬經,東網馬經,東網馬經,https://racing.on.cc/racing/fav/current/rjfavf0301x0.html,news,oncc
2026-09-15 05:11:23,2026-09-13,4,11,你知我寶,東網馬經,東網馬經,東網馬經,https://racing.on.cc/racing/fav/current/rjfavf0301x0.html,news,oncc
2026-09-15 05:11:23,2026-09-13,4,12,快樂高球,東網馬經,東網馬經,東網馬經,https://racing.on.cc/racing/fav/current/rjfavf0301x0.html,news,oncc
2026-09-15 05:11:23,2026-09-13,5,7,確好勁,東網馬經,東網馬經,東網馬經,https://racing.on.cc/racing/fav/current/rjfavf0301x0.html,news,oncc
2026-09-15 05:11:23,2026-09-13,5,2,肯佩斯,東網馬經,東網馬經,東網馬經,https://racing.on.cc/racing/fav/current/rjfavf0301x0.html,news,oncc
2026-09-15 05:11:23,2026-09-13,5,3,渡月橋,東網馬經,東網馬經,東網馬經,https://racing.on.cc/racing/fav/current/rjfavf0301x0.html,news,oncc
2026-09-15 05:11:23,2026-09-13,5,5,鋁神,東網馬經,東網馬經,東網馬經,https://racing.on.cc/racing/fav/current/rjfavf0301x0.html,news,oncc
2026-09-15 05:11:23,2026-09-13,6,3,幸運威龍,東網馬經,東網馬經,東網馬經,https://racing.on.cc/racing/fav/current/rjfavf0301x0.html,news,oncc
2026-09-15 05:11:23,2026-09-13,6,1,捷威,東網馬經,東網馬經,東網馬經,https://racing.on.cc/racing/fav/current/rjfavf0301x0.html,news,oncc
2026-09-15 05:11:23,2026-09-13,6,4,勤德天下,東網馬經,東網馬經,東網馬經,https://racing.on.cc/racing/fav/current/rjfavf0301x0.html,news,oncc
2026-09-15 05:11:23,2026-09-13,6,5,好運年,東網馬經,東網馬經,東網馬經,https://racing.on.cc/racing/fav/current/rjfavf0301x0.html,news,oncc
2026-09-15 05:11:23,2026-09-13,7,5,步風影,東網馬經,東網馬經,東網馬經,https://racing.on.cc/racing/fav/current/rjfavf0301x0.html,news,oncc
2026-09-15 05:11:23,2026-09-13,7,1,準輝煌,東網馬經,東網馬經,東網馬經,https://racing.on.cc/racing/fav/current/rjfavf0301x0.html,news,oncc
2026-09-15 05:11:23,2026-09-13,7,3,部族高手,東網馬經,東網馬經,東網馬經,https://racing.on.cc/racing/fav/current/rjfavf0301x0.html,news,oncc
2026-09-15 05:11:23,2026-09-13,7,12,活力精神,東網馬經,東網馬經,東網馬經,https://racing.on.cc/racing/fav/current/rjfavf0301x0.html,news,oncc
2026-09-15 05:11:23,2026-09-13,8,1,實力股,東網馬經,東網馬經,東網馬經,https://racing.on.cc/racing/fav/current/rjfavf0301x0.html,news,oncc
2026-09-15 05:11:23,2026-09-13,8,4,團結勇士,東網馬經,東網馬經,東網馬經,https://racing.on.cc/racing/fav/current/rjfavf0301x0.html,news,oncc
2026-09-15 05:11:23,2026-09-13,8,13,幸運糖,東網馬經,東網馬經,東網馬經,https://racing.on.cc/racing/fav/current/rjfavf0301x0.html,news,oncc
2026-09-15 05:11:23,2026-09-13,8,10,星運傳奇,東網馬經,東網馬經,東網馬經,https://racing.on.cc/racing/fav/current/rjfavf0301x0.html,news,oncc
2026-09-15 05:11:23,2026-09-13,9,1,超寫意,東網馬經,東網馬經,東網馬經,https://racing.on.cc/racing/fav/current/rjfavf0301x0.html,news,oncc
2026-09-15 05:11:23,2026-09-13,9,5,鑽石星空,東網馬經,東網馬經,東網馬經,https://racing.on.cc/racing/fav/current/rjfavf0301x0.html,news,oncc
2026-09-15 05:11:23,2026-09-13,9,2,錶之極光,東網馬經,東網馬經,東網馬經,https://racing.on.cc/racing/fav/current/rjfavf0301x0.html,news,oncc
2026-09-15 05:11:23,2026-09-13,9,8,傑出雷霆,東網馬經,東網馬經,東網馬經,https://racing.on.cc/racing/fav/current/rjfavf0301x0.html,news,oncc
2026-09-15 05:11:23,2026-09-13,10,2,友瑩亮,東網馬經,東網馬經,東網馬經,https://racing.on.cc/racing/fav/current/rjfavf0301x0.html,news,oncc
2026-09-15 05:11:23,2026-09-13,10,4,細水長流,東網馬經,東網馬經,東網馬經,https://racing.on.cc/racing/fav/current/rjfavf0301x0.html,news,oncc
2026-09-15 05:11:23,2026-09-13,10,6,自動自覺,東網馬經,東網馬經,東網馬經,https://racing.on.cc/racing/fav/current/rjfavf0301x0.html,news,oncc
2026-09-15 05:11:23,2026-09-13,10,7,百勝威龍,東網馬經,東網馬經,東網馬經,https://racing.on.cc/racing/fav/current/rjfavf0301x0.html,news,oncc
2026-09-16 05:06:33,2026-09-16,,,好評如潮,星島頭條,黃寶妮「好評如潮」故劍重逢,黃寶妮「好評如潮」故劍重逢,https://www.stheadline.com/racing-tips/3615855/黃寶妮好評如潮故劍重逢,news,
2026-09-16 05:06:33,2026-09-16,,,極上紗瓏,星島頭條,黃寶妮「好評如潮」故劍重逢,黃寶妮「好評如潮」故劍重逢,https://www.stheadline.com/racing-tips/3615855/黃寶妮好評如潮故劍重逢,news,
2026-09-16 05:06:33,2026-09-16,,,堅有利,星島頭條,黃寶妮「好評如潮」故劍重逢,黃寶妮「好評如潮」故劍重逢,https://www.stheadline.com/racing-tips/3615855/黃寶妮好評如潮故劍重逢,news,
2026-09-16 05:06:33,2026-09-16,,,星價,星島頭條,黃寶妮「好評如潮」故劍重逢,黃寶妮「好評如潮」故劍重逢,https://www.stheadline.com/racing-tips/3615855/黃寶妮好評如潮故劍重逢,news,
2026-09-16 15:19:14,2026-09-16,3,,優才,東網馬經,兆文,兆文專欄,https://racing.on.cc/racing/fav/current/rjfavi0101x0.html,news,oncc
2026-09-16 15:19:14,2026-09-16,4,,日馳千里,東網馬經,兆文,兆文專欄,https://racing.on.cc/racing/fav/current/rjfavi0101x0.html,news,oncc
2026-09-16 15:19:14,2026-09-16,4,,勇者為皇,東網馬經,兆文,兆文專欄,https://racing.on.cc/racing/fav/current/rjfavi0101x0.html,news,oncc
2026-09-16 15:19:14,2026-09-16,4,,沙井之友,東網馬經,兆文,兆文專欄,https://racing.on.cc/racing/fav/current/rjfavi0101x0.html,news,oncc
2026-09-16 15:19:14,2026-09-16,4,,棒棒糖,東網馬經,兆文,兆文專欄,https://racing.on.cc/racing/fav/current/rjfavi0101x0.html,news,oncc
2026-09-16 15:19:14,2026-09-16,4,,烈焰光芒,東網馬經,兆文,兆文專欄,https://racing.on.cc/racing/fav/current/rjfavi0101x0.html,news,oncc
2026-09-16 15:19:14,2026-09-16,5,,幸運愉快,東網馬經,兆文,兆文專欄,https://racing.on.cc/racing/fav/current/rjfavi0101x0.html,news,oncc
2026-09-16 15:19:14,2026-09-16,5,,小霸王,東網馬經,兆文,兆文專欄,https://racing.on.cc/racing/fav/current/rjfavi0101x0.html,news,oncc
2026-09-19 14:09:19,2026-09-19,,,鑽石星空,星島頭條,甜甜小記,甜甜小記│黃嘉雯下周三入場打氣,https://www.stheadline.com/racing-tips/3617141/甜甜小記黃嘉雯下周三入場打氣,news,
2026-09-19 14:09:19,2026-09-19,,,幸運派彩,星島頭條,甜甜小記,甜甜小記│黃嘉雯下周三入場打氣,https://www.stheadline.com/racing-tips/3617141/甜甜小記黃嘉雯下周三入場打氣,news,
2026-09-19 14:09:19,2026-09-19,,,丞匡掠影,星島頭條,甜甜小記,甜甜小記│黃嘉雯下周三入場打氣,https://www.stheadline.com/racing-tips/3617141/甜甜小記黃嘉雯下周三入場打氣,news,
2026-09-19 14:09:19,2026-09-19,,,飛馬座,星島頭條,甜甜小記,甜甜小記│黃嘉雯下周三入場打氣,https://www.stheadline.com/racing-tips/3617141/甜甜小記黃嘉雯下周三入場打氣,news,
2026-09-20 14:27:44,2026-09-16,4,2,棒棒糖,東網馬經,卡洛斯,名家推介,https://racing.on.cc/racing/fav/current/rjfavg0001x0.html,news,oncc
2026-09-20 14:27:44,2026-09-16,4,3,烈焰光芒,東網馬經,卡洛斯,名家推介,https://racing.on.cc/racing/fav/current/rjfavg0001x0.html,news,oncc
2026-09-20 14:27:44,2026-09-16,4,4,日馳千里,東網馬經,卡洛斯,名家推介,https://racing.on.cc/racing/fav/current/rjfavg0001x0.html,news,oncc
2026-09-20 14:27:44,2026-09-16,4,11,頑童,東網馬經,卡洛斯,名家推介,https://racing.on.cc/racing/fav/current/rjfavg0001x0.html,news,oncc
2026-09-20 14:27:44,2026-09-16,6,1,一定超,東網馬經,卡洛斯,名家推介,https://racing.on.cc/racing/fav/current/rjfavg0001x0.html,news,oncc
2026-09-20 14:27:44,2026-09-16,6,2,幸運派彩,東網馬經,卡洛斯,名家推介,https://racing.on.cc/racing/fav/current/rjfavg0001x0.html,news,oncc
2026-09-20 14:27:44,2026-09-16,6,8,勁好運,東網馬經,卡洛斯,名家推介,https://racing.on.cc/racing/fav/current/rjfavg0001x0.html,news,oncc
2026-09-20 14:27:44,2026-09-16,6,10,北斗福星,東網馬經,卡洛斯,名家推介,https://racing.on.cc/racing/fav/current/rjfavg0001x0.html,news,oncc
2026-09-20 14:27:44,2026-09-16,4,3,烈焰光芒,東網馬經,匡公,名家推介,https://racing.on.cc/racing/fav/current/rjfavg0001x0.html,news,oncc
2026-09-20 14:27:44,2026-09-16,4,4,日馳千里,東網馬經,匡公,名家推介,https://racing.on.cc/racing/fav/current/rjfavg0001x0.html,news,oncc
2026-09-20 14:27:44,2026-09-16,4,2,棒棒糖,東網馬經,匡公,名家推介,https://racing.on.cc/racing/fav/current/rjfavg0001x0.html,news,oncc
2026-09-20 14:27:44,2026-09-16,4,5,星威心得,東網馬經,匡公,名家推介,https://racing.on.cc/racing/fav/current/rjfavg0001x0.html,news,oncc
2026-09-20 14:27:44,2026-09-16,6,1,一定超,東網馬經,匡公,名家推介,https://racing.on.cc/racing/fav/current/rjfavg0001x0.html,news,oncc
2026-09-20 14:27:44,2026-09-16,6,2,幸運派彩,東網馬經,匡公,名家推介,https://racing.on.cc/racing/fav/current/rjfavg0001x0.html,news,oncc
2026-09-20 14:27:44,2026-09-16,6,3,浪漫鬥士,東網馬經,匡公,名家推介,https://racing.on.cc/racing/fav/current/rjfavg0001x0.html,news,oncc
2026-09-20 14:27:44,2026-09-16,6,8,勁好運,東網馬經,匡公,名家推介,https://racing.on.cc/racing/fav/current/rjfavg0001x0.html,news,oncc
2026-09-20 14:27:44,2026-09-16,2,11,天下寵兒,東網馬經,金駒,名家推介,https://racing.on.cc/racing/fav/current/rjfavg0001x0.html,news,oncc
2026-09-20 14:27:44,2026-09-16,2,5,風火猴王,東網馬經,金駒,名家推介,https://racing.on.cc/racing/fav/current/rjfavg0001x0.html,news,oncc
2026-09-20 14:27:44,2026-09-16,2,7,加州勇勝,東網馬經,金駒,名家推介,https://racing.on.cc/racing/fav/current/rjfavg0001x0.html,news,oncc
2026-09-20 14:27:44,2026-09-16,2,3,朗日自強,東網馬經,金駒,名家推介,https://racing.on.cc/racing/fav/current/rjfavg0001x0.html,news,oncc
2026-09-20 14:27:44,2026-09-16,4,4,日馳千里,東網馬經,金駒,名家推介,https://racing.on.cc/racing/fav/current/rjfavg0001x0.html,news,oncc
2026-09-20 14:27:44,2026-09-16,4,3,烈焰光芒,東網馬經,金駒,名家推介,https://racing.on.cc/racing/fav/current/rjfavg0001x0.html,news,oncc
2026-09-20 14:27:44,2026-09-16,4,5,星威心得,東網馬經,金駒,名家推介,https://racing.on.cc/racing/fav/current/rjfavg0001x0.html,news,oncc
2026-09-20 14:27:44,2026-09-16,4,12,有你有我,東網馬經,金駒,名家推介,https://racing.on.cc/racing/fav/current/rjfavg0001x0.html,news,oncc
2026-09-20 14:27:44,2026-09-16,3,5,浪漫老撾,東網馬經,西門獨,名家推介,https://racing.on.cc/racing/fav/current/rjfavg0001x0.html,news,oncc
2026-09-20 14:27:44,2026-09-16,3,1,優才,東網馬經,西門獨,名家推介,https://racing.on.cc/racing/fav/current/rjfavg0001x0.html,news,oncc
2026-09-20 14:27:44,2026-09-16,3,3,八駿笑昇,東網馬經,西門獨,名家推介,https://racing.on.cc/racing/fav/current/rjfavg0001x0.html,news,oncc
2026-09-20 14:27:44,2026-09-16,3,6,捷足奔馳,東網馬經,西門獨,名家推介,https://racing.on.cc/racing/fav/current/rjfavg0001x0.html,news,oncc
2026-09-20 14:27:44,2026-09-16,4,6,維港激流,東網馬經,西門獨,名家推介,https://racing.on.cc/racing/fav/current/rjfavg0001x0.html,news,oncc
2026-09-20 14:27:44,2026-09-16,4,2,棒棒糖,東網馬經,西門獨,名家推介,https://racing.on.cc/racing/fav/current/rjfavg0001x0.html,news,oncc
2026-09-20 14:27:44,2026-09-16,4,3,烈焰光芒,東網馬經,西門獨,名家推介,https://racing.on.cc/racing/fav/current/rjfavg0001x0.html,news,oncc
2026-09-20 14:27:44,2026-09-16,4,4,日馳千里,東網馬經,西門獨,名家推介,https://racing.on.cc/racing/fav/current/rjfavg0001x0.html,news,oncc
2026-09-20 14:27:44,2026-09-16,1,4,良駒好友,東網馬經,諸葛數,名家推介,https://racing.on.cc/racing/fav/current/rjfavg0001x0.html,news,oncc
2026-09-20 14:27:44,2026-09-16,1,2,,東網馬經,諸葛數,名家推介,https://racing.on.cc/racing/fav/current/rjfavg0001x0.html,news,oncc
2026-09-20 14:27:44,2026-09-16,1,9,花香月明,東網馬經,諸葛數,名家推介,https://racing.on.cc/racing/fav/current/rjfavg0001x0.html,news,oncc
2026-09-20 14:27:44,2026-09-16,1,7,銀亮濠俠,東網馬經,諸葛數,名家推介,https://racing.on.cc/racing/fav/current/rjfavg0001x0.html,news,oncc
2026-09-20 14:27:44,2026-09-16,5,10,團結戰靈,東網馬經,諸葛數,名家推介,https://racing.on.cc/racing/fav/current/rjfavg0001x0.html,news,oncc
2026-09-20 14:27:44,2026-09-16,5,6,競駿非凡,東網馬經,諸葛數,名家推介,https://racing.on.cc/racing/fav/current/rjfavg0001x0.html,news,oncc
2026-09-20 14:27:44,2026-09-16,5,5,風采人生,東網馬經,諸葛數,名家推介,https://racing.on.cc/racing/fav/current/rjfavg0001x0.html,news,oncc
2026-09-20 14:27:44,2026-09-16,5,4,幸運愉快,東網馬經,諸葛數,名家推介,https://racing.on.cc/racing/fav/current/rjfavg0001x0.html,news,oncc
2026-09-20 14:27:44,2026-09-16,3,1,優才,東網馬經,長風,名家推介,https://racing.on.cc/racing/fav/current/rjfavg0001x0.html,news,oncc
2026-09-20 14:27:44,2026-09-16,3,5,浪漫老撾,東網馬經,長風,名家推介,https://racing.on.cc/racing/fav/current/rjfavg0001x0.html,news,oncc
2026-09-20 14:27:44,2026-09-16,3,6,捷足奔馳,東網馬經,長風,名家推介,https://racing.on.cc/racing/fav/current/rjfavg0001x0.html,news,oncc
2026-09-20 14:27:44,2026-09-16,3,9,獎星,東網馬經,長風,名家推介,https://racing.on.cc/racing/fav/current/rjfavg0001x0.html,news,oncc
2026-09-20 14:27:44,2026-09-16,8,6,包裝福星,東網馬經,長風,名家推介,https://racing.on.cc/racing/fav/current/rjfavg0001x0.html,news,oncc
2026-09-20 14:27:44,2026-09-16,8,12,極光之子,東網馬經,長風,名家推介,https://racing.on.cc/racing/fav/current/rjfavg0001x0.html,news,oncc
2026-09-20 14:27:44,2026-09-16,8,5,大浪圖田,東網馬經,長風,名家推介,https://racing.on.cc/racing/fav/current/rjfavg0001x0.html,news,oncc
2026-09-20 14:27:44,2026-09-16,8,7,銀亮奔騰,東網馬經,長風,名家推介,https://racing.on.cc/racing/fav/current/rjfavg0001x0.html,news,oncc
2026-09-20 14:27:44,2026-09-16,1,5,瑰麗人生,東網馬經,陳志懷,名家推介,https://racing.on.cc/racing/fav/current/rjfavg0001x0.html,news,oncc
2026-09-20 14:27:44,2026-09-16,1,6,,東網馬經,陳志懷,名家推介,https://racing.on.cc/racing/fav/current/rjfavg0001x0.html,news,oncc
2026-09-20 14:27:44,2026-09-16,1,9,花香月明,東網馬經,陳志懷,名家推介,https://racing.on.cc/racing/fav/current/rjfavg0001x0.html,news,oncc
2026-09-20 14:27:44,2026-09-16,1,12,洛河,東網馬經,陳志懷,名家推介,https://racing.on.cc/racing/fav/current/rjfavg0001x0.html,news,oncc
2026-09-20 14:27:44,2026-09-16,3,2,晉步贏,東網馬經,陳志懷,名家推介,https://racing.on.cc/racing/fav/current/rjfavg0001x0.html,news,oncc
2026-09-20 14:27:44,2026-09-16,3,5,浪漫老撾,東網馬經,陳志懷,名家推介,https://racing.on.cc/racing/fav/current/rjfavg0001x0.html,news,oncc
2026-09-20 14:27:44,2026-09-16,3,6,捷足奔馳,東網馬經,陳志懷,名家推介,https://racing.on.cc/racing/fav/current/rjfavg0001x0.html,news,oncc
2026-09-20 14:27:44,2026-09-16,3,7,夢照發,東網馬經,陳志懷,名家推介,https://racing.on.cc/racing/fav/current/rjfavg0001x0.html,news,oncc
2026-09-20 14:27:44,2026-09-16,2,8,花好月盈,東網馬經,明治朗,名家推介,https://racing.on.cc/racing/fav/current/rjfavg0001x0.html,news,oncc
2026-09-20 14:27:44,2026-09-16,2,5,風火猴王,東網馬經,明治朗,名家推介,https://racing.on.cc/racing/fav/current/rjfavg0001x0.html,news,oncc
2026-09-20 14:27:44,2026-09-16,2,3,朗日自強,東網馬經,明治朗,名家推介,https://racing.on.cc/racing/fav/current/rjfavg0001x0.html,news,oncc
2026-09-20 14:27:44,2026-09-16,2,12,智勝攻略,東網馬經,明治朗,名家推介,https://racing.on.cc/racing/fav/current/rjfavg0001x0.html,news,oncc
2026-09-20 14:27:44,2026-09-16,7,3,馬力,東網馬經,明治朗,名家推介,https://racing.on.cc/racing/fav/current/rjfavg0001x0.html,news,oncc
2026-09-20 14:27:44,2026-09-16,7,11,紅逸舍,東網馬經,明治朗,名家推介,https://racing.on.cc/racing/fav/current/rjfavg0001x0.html,news,oncc
2026-09-20 14:27:44,2026-09-16,7,5,品德寶寶,東網馬經,明治朗,名家推介,https://racing.on.cc/racing/fav/current/rjfavg0001x0.html,news,oncc
2026-09-20 14:27:44,2026-09-16,7,2,燭光晚餐,東網馬經,明治朗,名家推介,https://racing.on.cc/racing/fav/current/rjfavg0001x0.html,news,oncc
2026-09-20 14:27:44,2026-09-16,2,5,風火猴王,東網馬經,內幕料,名家推介,https://racing.on.cc/racing/fav/current/rjfavg0001x0.html,news,oncc
2026-09-20 14:27:44,2026-09-16,2,7,加州勇勝,東網馬經,內幕料,名家推介,https://racing.on.cc/racing/fav/current/rjfavg0001x0.html,news,oncc
2026-09-20 14:27:44,2026-09-16,2,8,花好月盈,東網馬經,內幕料,名家推介,https://racing.on.cc/racing/fav/current/rjfavg0001x0.html,news,oncc
2026-09-20 14:27:44,2026-09-16,2,11,天下寵兒,東網馬經,內幕料,名家推介,https://racing.on.cc/racing/fav/current/rjfavg0001x0.html,news,oncc
2026-09-20 14:27:44,2026-09-16,8,4,喜蓮勇感,東網馬經,內幕料,名家推介,https://racing.on.cc/racing/fav/current/rjfavg0001x0.html,news,oncc
2026-09-20 14:27:44,2026-09-16,8,7,銀亮奔騰,東網馬經,內幕料,名家推介,https://racing.on.cc/racing/fav/current/rjfavg0001x0.html,news,oncc
2026-09-20 14:27:44,2026-09-16,8,8,勁沙塵,東網馬經,內幕料,名家推介,https://racing.on.cc/racing/fav/current/rjfavg0001x0.html,news,oncc
2026-09-20 14:27:44,2026-09-16,8,12,極光之子,東網馬經,內幕料,名家推介,https://racing.on.cc/racing/fav/current/rjfavg0001x0.html,news,oncc
2026-09-20 14:27:44,2026-09-16,3,1,優才,東網馬經,網中神,名家推介,https://racing.on.cc/racing/fav/current/rjfavg0001x0.html,news,oncc
2026-09-20 14:27:44,2026-09-16,3,5,浪漫老撾,東網馬經,網中神,名家推介,https://racing.on.cc/racing/fav/current/rjfavg0001x0.html,news,oncc
2026-09-20 14:27:44,2026-09-16,3,7,夢照發,東網馬經,網中神,名家推介,https://racing.on.cc/racing/fav/current/rjfavg0001x0.html,news,oncc
2026-09-20 14:27:44,2026-09-16,3,10,禾道威,東網馬經,網中神,名家推介,https://racing.on.cc/racing/fav/current/rjfavg0001x0.html,news,oncc
2026-09-20 14:27:44,2026-09-16,7,1,好好戀愛,東網馬經,網中神,名家推介,https://racing.on.cc/racing/fav/current/rjfavg0001x0.html,news,oncc
2026-09-20 14:27:44,2026-09-16,7,3,馬力,東網馬經,網中神,名家推介,https://racing.on.cc/racing/fav/current/rjfavg0001x0.html,news,oncc
2026-09-20 14:27:44,2026-09-16,7,5,品德寶寶,東網馬經,網中神,名家推介,https://racing.on.cc/racing/fav/current/rjfavg0001x0.html,news,oncc
2026-09-20 14:27:44,2026-09-16,7,6,連連幸運,東網馬經,網中神,名家推介,https://racing.on.cc/racing/fav/current/rjfavg0001x0.html,news,oncc
2026-09-20 14:27:44,2026-09-16,4,2,棒棒糖,東網馬經,洛飛,名家推介,https://racing.on.cc/racing/fav/current/rjfavg0001x0.html,news,oncc
2026-09-20 14:27:44,2026-09-16,4,3,烈焰光芒,東網馬經,洛飛,名家推介,https://racing.on.cc/racing/fav/current/rjfavg0001x0.html,news,oncc
2026-09-20 14:27:44,2026-09-16,4,6,維港激流,東網馬經,洛飛,名家推介,https://racing.on.cc/racing/fav/current/rjfavg0001x0.html,news,oncc
2026-09-20 14:27:44,2026-09-16,4,11,頑童,東網馬經,洛飛,名家推介,https://racing.on.cc/racing/fav/current/rjfavg0001x0.html,news,oncc
2026-09-20 14:27:44,2026-09-16,6,2,幸運派彩,東網馬經,洛飛,名家推介,https://racing.on.cc/racing/fav/current/rjfavg0001x0.html,news,oncc
2026-09-20 14:27:44,2026-09-16,6,3,浪漫鬥士,東網馬經,洛飛,名家推介,https://racing.on.cc/racing/fav/current/rjfavg0001x0.html,news,oncc
2026-09-20 14:27:44,2026-09-16,6,5,智勇名駒,東網馬經,洛飛,名家推介,https://racing.on.cc/racing/fav/current/rjfavg0001x0.html,news,oncc
2026-09-20 14:27:44,2026-09-16,6,8,勁好運,東網馬經,洛飛,名家推介,https://racing.on.cc/racing/fav/current/rjfavg0001x0.html,news,oncc
2026-09-20 14:27:44,2026-09-16,1,4,良駒好友,東網馬經,西門獨,西門獨貼士,https://racing.on.cc/racing/fav/current/rjfavf0101x0.html,news,oncc
2026-09-20 14:27:44,2026-09-16,1,7,銀亮濠俠,東網馬經,西門獨,西門獨貼士,https://racing.on.cc/racing/fav/current/rjfavf0101x0.html,news,oncc
2026-09-20 14:27:44,2026-09-16,1,9,花香月明,東網馬經,西門獨,西門獨貼士,https://racing.on.cc/racing/fav/current/rjfavf0101x0.html,news,oncc
2026-09-20 14:27:44,2026-09-16,1,11,辣得金,東網馬經,西門獨,西門獨貼士,https://racing.on.cc/racing/fav/current/rjfavf0101x0.html,news,oncc
2026-09-20 14:27:44,2026-09-16,1,12,洛河,東網馬經,西門獨,西門獨貼士,https://racing.on.cc/racing/fav/current/rjfavf0101x0.html,news,oncc
2026-09-20 14:27:44,2026-09-16,2,7,加州勇勝,東網馬經,西門獨,西門獨貼士,https://racing.on.cc/racing/fav/current/rjfavf0101x0.html,news,oncc
2026-09-20 14:27:44,2026-09-16,2,8,花好月盈,東網馬經,西門獨,西門獨貼士,https://racing.on.cc/racing/fav/current/rjfavf0101x0.html,news,oncc
2026-09-20 14:27:44,2026-09-16,2,11,天下寵兒,東網馬經,西門獨,西門獨貼士,https://racing.on.cc/racing/fav/current/rjfavf0101x0.html,news,oncc
2026-09-20 14:27:44,2026-09-16,2,5,風火猴王,東網馬經,西門獨,西門獨貼士,https://racing.on.cc/racing/fav/current/rjfavf0101x0.html,news,oncc
2026-09-20 14:27:44,2026-09-16,2,12,智勝攻略,東網馬經,西門獨,西門獨貼士,https://racing.on.cc/racing/fav/current/rjfavf0101x0.html,news,oncc
2026-09-20 14:27:44,2026-09-16,3,5,浪漫老撾,東網馬經,西門獨,西門獨貼士,https://racing.on.cc/racing/fav/current/rjfavf0101x0.html,news,oncc
2026-09-20 14:27:44,2026-09-16,3,1,優才,東網馬經,西門獨,西門獨貼士,https://racing.on.cc/racing/fav/current/rjfavf0101x0.html,news,oncc
2026-09-20 14:27:44,2026-09-16,3,3,八駿笑昇,東網馬經,西門獨,西門獨貼士,https://racing.on.cc/racing/fav/current/rjfavf0101x0.html,news,oncc
2026-09-20 14:27:44,2026-09-16,3,6,捷足奔馳,東網馬經,西門獨,西門獨貼士,https://racing.on.cc/racing/fav/current/rjfavf0101x0.html,news,oncc
2026-09-20 14:27:44,2026-09-16,3,7,夢照發,東網馬經,西門獨,西門獨貼士,https://racing.on.cc/racing/fav/current/rjfavf0101x0.html,news,oncc
2026-09-20 14:27:44,2026-09-16,4,6,維港激流,東網馬經,西門獨,西門獨貼士,https://racing.on.cc/racing/fav/current/rjfavf0101x0.html,news,oncc
2026-09-20 14:27:44,2026-09-16,4,2,棒棒糖,東網馬經,西門獨,西門獨貼士,https://racing.on.cc/racing/fav/current/rjfavf0101x0.html,news,oncc
2026-09-20 14:27:44,2026-09-16,4,3,烈焰光芒,東網馬經,西門獨,西門獨貼士,https://racing.on.cc/racing/fav/current/rjfavf0101x0.html,news,oncc
2026-09-20 14:27:44,2026-09-16,4,4,日馳千里,東網馬經,西門獨,西門獨貼士,https://racing.on.cc/racing/fav/current/rjfavf0101x0.html,news,oncc
2026-09-20 14:27:44,2026-09-16,4,1,沙井之友,東網馬經,西門獨,西門獨貼士,https://racing.on.cc/racing/fav/current/rjfavf0101x0.html,news,oncc
2026-09-20 14:27:44,2026-09-16,5,7,紅錢到,東網馬經,西門獨,西門獨貼士,https://racing.on.cc/racing/fav/current/rjfavf0101x0.html,news,oncc
2026-09-20 14:27:44,2026-09-16,5,8,老鼠斑,東網馬經,西門獨,西門獨貼士,https://racing.on.cc/racing/fav/current/rjfavf0101x0.html,news,oncc
2026-09-20 14:27:44,2026-09-16,5,1,時時開心,東網馬經,西門獨,西門獨貼士,https://racing.on.cc/racing/fav/current/rjfavf0101x0.html,news,oncc
2026-09-20 14:27:44,2026-09-16,5,11,領袖勁力,東網馬經,西門獨,西門獨貼士,https://racing.on.cc/racing/fav/current/rjfavf0101x0.html,news,oncc
2026-09-20 14:27:44,2026-09-16,5,3,穿甲戰鷹,東網馬經,西門獨,西門獨貼士,https://racing.on.cc/racing/fav/current/rjfavf0101x0.html,news,oncc
2026-09-20 14:27:44,2026-09-16,6,10,北斗福星,東網馬經,西門獨,西門獨貼士,https://racing.on.cc/racing/fav/current/rjfavf0101x0.html,news,oncc
2026-09-20 14:27:44,2026-09-16,6,2,幸運派彩,東網馬經,西門獨,西門獨貼士,https://racing.on.cc/racing/fav/current/rjfavf0101x0.html,news,oncc
2026-09-20 14:27:44,2026-09-16,6,8,勁好運,東網馬經,西門獨,西門獨貼士,https://racing.on.cc/racing/fav/current/rjfavf0101x0.html,news,oncc
2026-09-20 14:27:44,2026-09-16,6,12,太子,東網馬經,西門獨,西門獨貼士,https://racing.on.cc/racing/fav/current/rjfavf0101x0.html,news,oncc
2026-09-20 14:27:44,2026-09-16,6,7,納百川,東網馬經,西門獨,西門獨貼士,https://racing.on.cc/racing/fav/current/rjfavf0101x0.html,news,oncc
2026-09-20 14:27:44,2026-09-16,7,7,領航君子,東網馬經,西門獨,西門獨貼士,https://racing.on.cc/racing/fav/current/rjfavf0101x0.html,news,oncc
2026-09-20 14:27:44,2026-09-16,7,4,舞林寶典,東網馬經,西門獨,西門獨貼士,https://racing.on.cc/racing/fav/current/rjfavf0101x0.html,news,oncc
2026-09-20 14:27:44,2026-09-16,7,3,馬力,東網馬經,西門獨,西門獨貼士,https://racing.on.cc/racing/fav/current/rjfavf0101x0.html,news,oncc
2026-09-20 14:27:44,2026-09-16,7,1,好好戀愛,東網馬經,西門獨,西門獨貼士,https://racing.on.cc/racing/fav/current/rjfavf0101x0.html,news,oncc
2026-09-20 14:27:44,2026-09-16,7,2,燭光晚餐,東網馬經,西門獨,西門獨貼士,https://racing.on.cc/racing/fav/current/rjfavf0101x0.html,news,oncc
2026-09-20 14:27:44,2026-09-16,8,8,勁沙塵,東網馬經,西門獨,西門獨貼士,https://racing.on.cc/racing/fav/current/rjfavf0101x0.html,news,oncc
2026-09-20 14:27:44,2026-09-16,8,2,大至尊,東網馬經,西門獨,西門獨貼士,https://racing.on.cc/racing/fav/current/rjfavf0101x0.html,news,oncc
2026-09-20 14:27:44,2026-09-16,8,4,喜蓮勇感,東網馬經,西門獨,西門獨貼士,https://racing.on.cc/racing/fav/current/rjfavf0101x0.html,news,oncc
2026-09-20 14:27:44,2026-09-16,8,11,穿甲金鷹,東網馬經,西門獨,西門獨貼士,https://racing.on.cc/racing/fav/current/rjfavf0101x0.html,news,oncc
2026-09-20 14:27:44,2026-09-16,8,3,睿盛人生,東網馬經,西門獨,西門獨貼士,https://racing.on.cc/racing/fav/current/rjfavf0101x0.html,news,oncc
2026-09-20 14:27:44,2026-09-16,1,4,良駒好友,東網馬經,諸葛數,西門獨貼士,https://racing.on.cc/racing/fav/current/rjfavf0101x0.html,news,oncc
2026-09-20 14:27:44,2026-09-16,1,2,,東網馬經,諸葛數,西門獨貼士,https://racing.on.cc/racing/fav/current/rjfavf0101x0.html,news,oncc
2026-09-20 14:27:44,2026-09-16,1,9,花香月明,東網馬經,諸葛數,西門獨貼士,https://racing.on.cc/racing/fav/current/rjfavf0101x0.html,news,oncc
2026-09-20 14:27:44,2026-09-16,1,7,銀亮濠俠,東網馬經,諸葛數,西門獨貼士,https://racing.on.cc/racing/fav/current/rjfavf0101x0.html,news,oncc
2026-09-20 14:27:44,2026-09-16,1,6,,東網馬經,諸葛數,西門獨貼士,https://racing.on.cc/racing/fav/current/rjfavf0101x0.html,news,oncc
2026-09-20 14:27:44,2026-09-16,2,5,風火猴王,東網馬經,諸葛數,西門獨貼士,https://racing.on.cc/racing/fav/current/rjfavf0101x0.html,news,oncc
2026-09-20 14:27:44,2026-09-16,2,11,天下寵兒,東網馬經,諸葛數,西門獨貼士,https://racing.on.cc/racing/fav/current/rjfavf0101x0.html,news,oncc
2026-09-20 14:27:44,2026-09-16,2,10,有盈勇士,東網馬經,諸葛數,西門獨貼士,https://racing.on.cc/racing/fav/current/rjfavf0101x0.html,news,oncc
2026-09-20 14:27:44,2026-09-16,2,7,加州勇勝,東網馬經,諸葛數,西門獨貼士,https://racing.on.cc/racing/fav/current/rjfavf0101x0.html,news,oncc
2026-09-20 14:27:44,2026-09-16,2,3,朗日自強,東網馬經,諸葛數,西門獨貼士,https://racing.on.cc/racing/fav/current/rjfavf0101x0.html,news,oncc
2026-09-20 14:27:44,2026-09-16,3,1,優才,東網馬經,諸葛數,西門獨貼士,https://racing.on.cc/racing/fav/current/rjfavf0101x0.html,news,oncc
2026-09-20 14:27:44,2026-09-16,3,5,浪漫老撾,東網馬經,諸葛數,西門獨貼士,https://racing.on.cc/racing/fav/current/rjfavf0101x0.html,news,oncc
2026-09-20 14:27:44,2026-09-16,3,6,捷足奔馳,東網馬經,諸葛數,西門獨貼士,https://racing.on.cc/racing/fav/current/rjfavf0101x0.html,news,oncc
2026-09-20 14:27:44,2026-09-16,3,10,禾道威,東網馬經,諸葛數,西門獨貼士,https://racing.on.cc/racing/fav/current/rjfavf0101x0.html,news,oncc
2026-09-20 14:27:44,2026-09-16,3,3,八駿笑昇,東網馬經,諸葛數,西門獨貼士,https://racing.on.cc/racing/fav/current/rjfavf0101x0.html,news,oncc
2026-09-20 14:27:44,2026-09-16,4,2,棒棒糖,東網馬經,諸葛數,西門獨貼士,https://racing.on.cc/racing/fav/current/rjfavf0101x0.html,news,oncc
2026-09-20 14:27:44,2026-09-16,4,1,沙井之友,東網馬經,諸葛數,西門獨貼士,https://racing.on.cc/racing/fav/current/rjfavf0101x0.html,news,oncc
2026-09-20 14:27:44,2026-09-16,4,3,烈焰光芒,東網馬經,諸葛數,西門獨貼士,https://racing.on.cc/racing/fav/current/rjfavf0101x0.html,news,oncc
2026-09-20 14:27:44,2026-09-16,4,6,維港激流,東網馬經,諸葛數,西門獨貼士,https://racing.on.cc/racing/fav/current/rjfavf0101x0.html,news,oncc
2026-09-20 14:27:44,2026-09-16,4,9,廚神,東網馬經,諸葛數,西門獨貼士,https://racing.on.cc/racing/fav/current/rjfavf0101x0.html,news,oncc
2026-09-20 14:27:44,2026-09-16,5,10,團結戰靈,東網馬經,諸葛數,西門獨貼士,https://racing.on.cc/racing/fav/current/rjfavf0101x0.html,news,oncc
2026-09-20 14:27:44,2026-09-16,5,6,競駿非凡,東網馬經,諸葛數,西門獨貼士,https://racing.on.cc/racing/fav/current/rjfavf0101x0.html,news,oncc
2026-09-20 14:27:44,2026-09-16,5,3,穿甲戰鷹,東網馬經,諸葛數,西門獨貼士,https://racing.on.cc/racing/fav/current/rjfavf0101x0.html,news,oncc
2026-09-20 14:27:44,2026-09-16,5,4,幸運愉快,東網馬經,諸葛數,西門獨貼士,https://racing.on.cc/racing/fav/current/rjfavf0101x0.html,news,oncc
2026-09-20 14:27:44,2026-09-16,5,5,風采人生,東網馬經,諸葛數,西門獨貼士,https://racing.on.cc/racing/fav/current/rjfavf0101x0.html,news,oncc
2026-09-20 14:27:44,2026-09-16,6,5,智勇名駒,東網馬經,諸葛數,西門獨貼士,https://racing.on.cc/racing/fav/current/rjfavf0101x0.html,news,oncc
2026-09-20 14:27:44,2026-09-16,6,1,一定超,東網馬經,諸葛數,西門獨貼士,https://racing.on.cc/racing/fav/current/rjfavf0101x0.html,news,oncc
2026-09-20 14:27:44,2026-09-16,6,3,浪漫鬥士,東網馬經,諸葛數,西門獨貼士,https://racing.on.cc/racing/fav/current/rjfavf0101x0.html,news,oncc
2026-09-20 14:27:44,2026-09-16,6,4,龍文鞭影,東網馬經,諸葛數,西門獨貼士,https://racing.on.cc/racing/fav/current/rjfavf0101x0.html,news,oncc
2026-09-20 14:27:44,2026-09-16,6,7,納百川,東網馬經,諸葛數,西門獨貼士,https://racing.on.cc/racing/fav/current/rjfavf0101x0.html,news,oncc
2026-09-20 14:27:44,2026-09-16,7,12,騰龍四海,東網馬經,諸葛數,西門獨貼士,https://racing.on.cc/racing/fav/current/rjfavf0101x0.html,news,oncc
2026-09-20 14:27:44,2026-09-16,7,4,舞林寶典,東網馬經,諸葛數,西門獨貼士,https://racing.on.cc/racing/fav/current/rjfavf0101x0.html,news,oncc
2026-09-20 14:27:44,2026-09-16,7,1,好好戀愛,東網馬經,諸葛數,西門獨貼士,https://racing.on.cc/racing/fav/current/rjfavf0101x0.html,news,oncc
2026-09-20 14:27:44,2026-09-16,7,3,馬力,東網馬經,諸葛數,西門獨貼士,https://racing.on.cc/racing/fav/current/rjfavf0101x0.html,news,oncc
2026-09-20 14:27:44,2026-09-16,7,5,品德寶寶,東網馬經,諸葛數,西門獨貼士,https://racing.on.cc/racing/fav/current/rjfavf0101x0.html,news,oncc
2026-09-20 14:27:44,2026-09-16,8,12,極光之子,東網馬經,諸葛數,西門獨貼士,https://racing.on.cc/racing/fav/current/rjfavf0101x0.html,news,oncc
2026-09-20 14:27:44,2026-09-16,8,6,包裝福星,東網馬經,諸葛數,西門獨貼士,https://racing.on.cc/racing/fav/current/rjfavf0101x0.html,news,oncc
2026-09-20 14:27:44,2026-09-16,8,7,銀亮奔騰,東網馬經,諸葛數,西門獨貼士,https://racing.on.cc/racing/fav/current/rjfavf0101x0.html,news,oncc
2026-09-20 14:27:44,2026-09-16,8,8,勁沙塵,東網馬經,諸葛數,西門獨貼士,https://racing.on.cc/racing/fav/current/rjfavf0101x0.html,news,oncc
2026-09-20 14:27:44,2026-09-16,8,11,穿甲金鷹,東網馬經,諸葛數,西門獨貼士,https://racing.on.cc/racing/fav/current/rjfavf0101x0.html,news,oncc
2026-09-20 14:27:44,2026-09-16,1,5,瑰麗人生,東網馬經,陳志懷,西門獨貼士,https://racing.on.cc/racing/fav/current/rjfavf0101x0.html,news,oncc
2026-09-20 14:27:44,2026-09-16,1,6,,東網馬經,陳志懷,西門獨貼士,https://racing.on.cc/racing/fav/current/rjfavf0101x0.html,news,oncc
2026-09-20 14:27:44,2026-09-16,1,9,花香月明,東網馬經,陳志懷,西門獨貼士,https://racing.on.cc/racing/fav/current/rjfavf0101x0.html,news,oncc
2026-09-20 14:27:44,2026-09-16,1,12,洛河,東網馬經,陳志懷,西門獨貼士,https://racing.on.cc/racing/fav/current/rjfavf0101x0.html,news,oncc
2026-09-20 14:27:44,2026-09-16,1,11,辣得金,東網馬經,陳志懷,西門獨貼士,https://racing.on.cc/racing/fav/current/rjfavf0101x0.html,news,oncc
2026-09-20 14:27:44,2026-09-16,2,3,朗日自強,東網馬經,陳志懷,西門獨貼士,https://racing.on.cc/racing/fav/current/rjfavf0101x0.html,news,oncc
2026-09-20 14:27:44,2026-09-16,2,8,花好月盈,東網馬經,陳志懷,西門獨貼士,https://racing.on.cc/racing/fav/current/rjfavf0101x0.html,news,oncc
2026-09-20 14:27:44,2026-09-16,2,7,加州勇勝,東網馬經,陳志懷,西門獨貼士,https://racing.on.cc/racing/fav/current/rjfavf0101x0.html,news,oncc
2026-09-20 14:27:44,2026-09-16,2,1,本領多好,東網馬經,陳志懷,西門獨貼士,https://racing.on.cc/racing/fav/current/rjfavf0101x0.html,news,oncc
2026-09-20 14:27:44,2026-09-16,2,2,勝兄弟,東網馬經,陳志懷,西門獨貼士,https://racing.on.cc/racing/fav/current/rjfavf0101x0.html,news,oncc
2026-09-20 14:27:44,2026-09-16,3,2,晉步贏,東網馬經,陳志懷,西門獨貼士,https://racing.on.cc/racing/fav/current/rjfavf0101x0.html,news,oncc
2026-09-20 14:27:44,2026-09-16,3,5,浪漫老撾,東網馬經,陳志懷,西門獨貼士,https://racing.on.cc/racing/fav/current/rjfavf0101x0.html,news,oncc
2026-09-20 14:27:44,2026-09-16,3,6,捷足奔馳,東網馬經,陳志懷,西門獨貼士,https://racing.on.cc/racing/fav/current/rjfavf0101x0.html,news,oncc
2026-09-20 14:27:44,2026-09-16,3,7,夢照發,東網馬經,陳志懷,西門獨貼士,https://racing.on.cc/racing/fav/current/rjfavf0101x0.html,news,oncc
2026-09-20 14:27:44,2026-09-16,3,12,蜜蜜送,東網馬經,陳志懷,西門獨貼士,https://racing.on.cc/racing/fav/current/rjfavf0101x0.html,news,oncc
2026-09-20 14:27:44,2026-09-16,4,5,星威心得,東網馬經,陳志懷,西門獨貼士,https://racing.on.cc/racing/fav/current/rjfavf0101x0.html,news,oncc
2026-09-20 14:27:44,2026-09-16,4,3,烈焰光芒,東網馬經,陳志懷,西門獨貼士,https://racing.on.cc/racing/fav/current/rjfavf0101x0.html,news,oncc
2026-09-20 14:27:44,2026-09-16,4,11,頑童,東網馬經,陳志懷,西門獨貼士,https://racing.on.cc/racing/fav/current/rjfavf0101x0.html,news,oncc
2026-09-20 14:27:44,2026-09-16,4,1,沙井之友,東網馬經,陳志懷,西門獨貼士,https://racing.on.cc/racing/fav/current/rjfavf0101x0.html,news,oncc
2026-09-20 14:27:44,2026-09-16,4,2,棒棒糖,東網馬經,陳志懷,西門獨貼士,https://racing.on.cc/racing/fav/current/rjfavf0101x0.html,news,oncc
2026-09-20 14:27:44,2026-09-16,5,4,幸運愉快,東網馬經,陳志懷,西門獨貼士,https://racing.on.cc/racing/fav/current/rjfavf0101x0.html,news,oncc
2026-09-20 14:27:44,2026-09-16,5,3,穿甲戰鷹,東網馬經,陳志懷,西門獨貼士,https://racing.on.cc/racing/fav/current/rjfavf0101x0.html,news,oncc
2026-09-20 14:27:44,2026-09-16,5,8,老鼠斑,東網馬經,陳志懷,西門獨貼士,https://racing.on.cc/racing/fav/current/rjfavf0101x0.html,news,oncc
2026-09-20 14:27:44,2026-09-16,5,11,領袖勁力,東網馬經,陳志懷,西門獨貼士,https://racing.on.cc/racing/fav/current/rjfavf0101x0.html,news,oncc
2026-09-20 14:27:44,2026-09-16,5,6,競駿非凡,東網馬經,陳志懷,西門獨貼士,https://racing.on.cc/racing/fav/current/rjfavf0101x0.html,news,oncc
2026-09-20 14:27:44,2026-09-16,6,7,納百川,東網馬經,陳志懷,西門獨貼士,https://racing.on.cc/racing/fav/current/rjfavf0101x0.html,news,oncc
2026-09-20 14:27:44,2026-09-16,6,1,一定超,東網馬經,陳志懷,西門獨貼士,https://racing.on.cc/racing/fav/current/rjfavf0101x0.html,news,oncc
2026-09-20 14:27:44,2026-09-16,6,3,浪漫鬥士,東網馬經,陳志懷,西門獨貼士,https://racing.on.cc/racing/fav/current/rjfavf0101x0.html,news,oncc
2026-09-20 14:27:44,2026-09-16,6,5,智勇名駒,東網馬經,陳志懷,西門獨貼士,https://racing.on.cc/racing/fav/current/rjfavf0101x0.html,news,oncc
2026-09-20 14:27:44,2026-09-16,6,12,太子,東網馬經,陳志懷,西門獨貼士,https://racing.on.cc/racing/fav/current/rjfavf0101x0.html,news,oncc
2026-09-20 14:27:44,2026-09-16,7,4,舞林寶典,東網馬經,陳志懷,西門獨貼士,https://racing.on.cc/racing/fav/current/rjfavf0101x0.html,news,oncc
2026-09-20 14:27:44,2026-09-16,7,10,勝萬金,東網馬經,陳志懷,西門獨貼士,https://racing.on.cc/racing/fav/current/rjfavf0101x0.html,news,oncc
2026-09-20 14:27:44,2026-09-16,7,1,好好戀愛,東網馬經,陳志懷,西門獨貼士,https://racing.on.cc/racing/fav/current/rjfavf0101x0.html,news,oncc
2026-09-20 14:27:44,2026-09-16,7,11,紅逸舍,東網馬經,陳志懷,西門獨貼士,https://racing.on.cc/racing/fav/current/rjfavf0101x0.html,news,oncc
2026-09-20 14:27:44,2026-09-16,7,2,燭光晚餐,東網馬經,陳志懷,西門獨貼士,https://racing.on.cc/racing/fav/current/rjfavf0101x0.html,news,oncc
2026-09-20 14:27:44,2026-09-16,8,8,勁沙塵,東網馬經,陳志懷,西門獨貼士,https://racing.on.cc/racing/fav/current/rjfavf0101x0.html,news,oncc
2026-09-20 14:27:44,2026-09-16,8,5,大浪圖田,東網馬經,陳志懷,西門獨貼士,https://racing.on.cc/racing/fav/current/rjfavf0101x0.html,news,oncc
2026-09-20 14:27:44,2026-09-16,8,1,勁速威龍,東網馬經,陳志懷,西門獨貼士,https://racing.on.cc/racing/fav/current/rjfavf0101x0.html,news,oncc
2026-09-20 14:27:44,2026-09-16,8,9,加州動員,東網馬經,陳志懷,西門獨貼士,https://racing.on.cc/racing/fav/current/rjfavf0101x0.html,news,oncc
2026-09-20 14:27:44,2026-09-16,8,6,包裝福星,東網馬經,陳志懷,西門獨貼士,https://racing.on.cc/racing/fav/current/rjfavf0101x0.html,news,oncc
2026-09-20 14:27:44,2026-09-16,1,9,花香月明,東網馬經,明治朗,西門獨貼士,https://racing.on.cc/racing/fav/current/rjfavf0101x0.html,news,oncc
2026-09-20 14:27:44,2026-09-16,1,4,良駒好友,東網馬經,明治朗,西門獨貼士,https://racing.on.cc/racing/fav/current/rjfavf0101x0.html,news,oncc
2026-09-20 14:27:44,2026-09-16,1,5,瑰麗人生,東網馬經,明治朗,西門獨貼士,https://racing.on.cc/racing/fav/current/rjfavf0101x0.html,news,oncc
2026-09-20 14:27:44,2026-09-16,1,7,銀亮濠俠,東網馬經,明治朗,西門獨貼士,https://racing.on.cc/racing/fav/current/rjfavf0101x0.html,news,oncc
2026-09-20 14:27:44,2026-09-16,1,2,,東網馬經,明治朗,西門獨貼士,https://racing.on.cc/racing/fav/current/rjfavf0101x0.html,news,oncc
2026-09-20 14:27:44,2026-09-16,2,8,花好月盈,東網馬經,明治朗,西門獨貼士,https://racing.on.cc/racing/fav/current/rjfavf0101x0.html,news,oncc
2026-09-20 14:27:44,2026-09-16,2,5,風火猴王,東網馬經,明治朗,西門獨貼士,https://racing.on.cc/racing/fav/current/rjfavf0101x0.html,news,oncc
2026-09-20 14:27:44,2026-09-16,2,3,朗日自強,東網馬經,明治朗,西門獨貼士,https://racing.on.cc/racing/fav/current/rjfavf0101x0.html,news,oncc
2026-09-20 14:27:44,2026-09-16,2,12,智勝攻略,東網馬經,明治朗,西門獨貼士,https://racing.on.cc/racing/fav/current/rjfavf0101x0.html,news,oncc
2026-09-20 14:27:44,2026-09-16,2,7,加州勇勝,東網馬經,明治朗,西門獨貼士,https://racing.on.cc/racing/fav/current/rjfavf0101x0.html,news,oncc
2026-09-20 14:27:44,2026-09-16,3,6,捷足奔馳,東網馬經,明治朗,西門獨貼士,https://racing.on.cc/racing/fav/current/rjfavf0101x0.html,news,oncc
2026-09-20 14:27:44,2026-09-16,3,1,優才,東網馬經,明治朗,西門獨貼士,https://racing.on.cc/racing/fav/current/rjfavf0101x0.html,news,oncc
2026-09-20 14:27:44,2026-09-16,3,5,浪漫老撾,東網馬經,明治朗,西門獨貼士,https://racing.on.cc/racing/fav/current/rjfavf0101x0.html,news,oncc
2026-09-20 14:27:44,2026-09-16,3,10,禾道威,東網馬經,明治朗,西門獨貼士,https://racing.on.cc/racing/fav/current/rjfavf0101x0.html,news,oncc
2026-09-20 14:27:44,2026-09-16,3,3,八駿笑昇,東網馬經,明治朗,西門獨貼士,https://racing.on.cc/racing/fav/current/rjfavf0101x0.html,news,oncc
2026-09-20 14:27:44,2026-09-16,4,5,星威心得,東網馬經,明治朗,西門獨貼士,https://racing.on.cc/racing/fav/current/rjfavf0101x0.html,news,oncc
2026-09-20 14:27:44,2026-09-16,4,6,維港激流,東網馬經,明治朗,西門獨貼士,https://racing.on.cc/racing/fav/current/rjfavf0101x0.html,news,oncc
2026-09-20 14:27:44,2026-09-16,4,1,沙井之友,東網馬經,明治朗,西門獨貼士,https://racing.on.cc/racing/fav/current/rjfavf0101x0.html,news,oncc
2026-09-20 14:27:44,2026-09-16,4,4,日馳千里,東網馬經,明治朗,西門獨貼士,https://racing.on.cc/racing/fav/current/rjfavf0101x0.html,news,oncc
2026-09-20 14:27:44,2026-09-16,4,3,烈焰光芒,東網馬經,明治朗,西門獨貼士,https://racing.on.cc/racing/fav/current/rjfavf0101x0.html,news,oncc
2026-09-20 14:27:44,2026-09-16,5,11,領袖勁力,東網馬經,明治朗,西門獨貼士,https://racing.on.cc/racing/fav/current/rjfavf0101x0.html,news,oncc
2026-09-20 14:27:44,2026-09-16,5,4,幸運愉快,東網馬經,明治朗,西門獨貼士,https://racing.on.cc/racing/fav/current/rjfavf0101x0.html,news,oncc
2026-09-20 14:27:44,2026-09-16,5,6,競駿非凡,東網馬經,明治朗,西門獨貼士,https://racing.on.cc/racing/fav/current/rjfavf0101x0.html,news,oncc
2026-09-20 14:27:44,2026-09-16,5,7,紅錢到,東網馬經,明治朗,西門獨貼士,https://racing.on.cc/racing/fav/current/rjfavf0101x0.html,news,oncc
2026-09-20 14:27:44,2026-09-16,5,3,穿甲戰鷹,東網馬經,明治朗,西門獨貼士,https://racing.on.cc/racing/fav/current/rjfavf0101x0.html,news,oncc
2026-09-20 14:27:44,2026-09-16,6,1,一定超,東網馬經,明治朗,西門獨貼士,https://racing.on.cc/racing/fav/current/rjfavf0101x0.html,news,oncc
2026-09-20 14:27:44,2026-09-16,6,12,太子,東網馬經,明治朗,西門獨貼士,https://racing.on.cc/racing/fav/current/rjfavf0101x0.html,news,oncc
2026-09-20 14:27:44,2026-09-16,6,8,勁好運,東網馬經,明治朗,西門獨貼士,https://racing.on.cc/racing/fav/current/rjfavf0101x0.html,news,oncc
2026-09-20 14:27:44,2026-09-16,6,3,浪漫鬥士,東網馬經,明治朗,西門獨貼士,https://racing.on.cc/racing/fav/current/rjfavf0101x0.html,news,oncc
2026-09-20 14:27:44,2026-09-16,6,2,幸運派彩,東網馬經,明治朗,西門獨貼士,https://racing.on.cc/racing/fav/current/rjfavf0101x0.html,news,oncc
2026-09-20 14:27:44,2026-09-16,7,3,馬力,東網馬經,明治朗,西門獨貼士,https://racing.on.cc/racing/fav/current/rjfavf0101x0.html,news,oncc
2026-09-20 14:27:44,2026-09-16,7,11,紅逸舍,東網馬經,明治朗,西門獨貼士,https://racing.on.cc/racing/fav/current/rjfavf0101x0.html,news,oncc
2026-09-20 14:27:44,2026-09-16,7,5,品德寶寶,東網馬經,明治朗,西門獨貼士,https://racing.on.cc/racing/fav/current/rjfavf0101x0.html,news,oncc
2026-09-20 14:27:44,2026-09-16,7,2,燭光晚餐,東網馬經,明治朗,西門獨貼士,https://racing.on.cc/racing/fav/current/rjfavf0101x0.html,news,oncc
2026-09-20 14:27:44,2026-09-16,7,4,舞林寶典,東網馬經,明治朗,西門獨貼士,https://racing.on.cc/racing/fav/current/rjfavf0101x0.html,news,oncc
2026-09-20 14:27:44,2026-09-16,8,4,喜蓮勇感,東網馬經,明治朗,西門獨貼士,https://racing.on.cc/racing/fav/current/rjfavf0101x0.html,news,oncc
2026-09-20 14:27:44,2026-09-16,8,8,勁沙塵,東網馬經,明治朗,西門獨貼士,https://racing.on.cc/racing/fav/current/rjfavf0101x0.html,news,oncc
2026-09-20 14:27:44,2026-09-16,8,12,極光之子,東網馬經,明治朗,西門獨貼士,https://racing.on.cc/racing/fav/current/rjfavf0101x0.html,news,oncc
2026-09-20 14:27:44,2026-09-16,8,9,加州動員,東網馬經,明治朗,西門獨貼士,https://racing.on.cc/racing/fav/current/rjfavf0101x0.html,news,oncc
2026-09-20 14:27:44,2026-09-16,8,5,大浪圖田,東網馬經,明治朗,西門獨貼士,https://racing.on.cc/racing/fav/current/rjfavf0101x0.html,news,oncc
2026-09-20 14:27:44,2026-09-16,1,11,辣得金,東網馬經,兆文,西門獨貼士,https://racing.on.cc/racing/fav/current/rjfavf0101x0.html,news,oncc
2026-09-20 14:27:44,2026-09-16,1,7,銀亮濠俠,東網馬經,兆文,西門獨貼士,https://racing.on.cc/racing/fav/current/rjfavf0101x0.html,news,oncc
2026-09-20 14:27:44,2026-09-16,1,9,花香月明,東網馬經,兆文,西門獨貼士,https://racing.on.cc/racing/fav/current/rjfavf0101x0.html,news,oncc
2026-09-20 14:27:44,2026-09-16,1,4,良駒好友,東網馬經,兆文,西門獨貼士,https://racing.on.cc/racing/fav/current/rjfavf0101x0.html,news,oncc
2026-09-20 14:27:44,2026-09-16,1,2,,東網馬經,兆文,西門獨貼士,https://racing.on.cc/racing/fav/current/rjfavf0101x0.html,news,oncc
2026-09-20 14:27:44,2026-09-16,2,11,天下寵兒,東網馬經,兆文,西門獨貼士,https://racing.on.cc/racing/fav/current/rjfavf0101x0.html,news,oncc
2026-09-20 14:27:44,2026-09-16,2,3,朗日自強,東網馬經,兆文,西門獨貼士,https://racing.on.cc/racing/fav/current/rjfavf0101x0.html,news,oncc
2026-09-20 14:27:44,2026-09-16,2,8,花好月盈,東網馬經,兆文,西門獨貼士,https://racing.on.cc/racing/fav/current/rjfavf0101x0.html,news,oncc
2026-09-20 14:27:44,2026-09-16,2,5,風火猴王,東網馬經,兆文,西門獨貼士,https://racing.on.cc/racing/fav/current/rjfavf0101x0.html,news,oncc
2026-09-20 14:27:44,2026-09-16,2,9,凱皇寶,東網馬經,兆文,西門獨貼士,https://racing.on.cc/racing/fav/current/rjfavf0101x0.html,news,oncc
2026-09-20 14:27:44,2026-09-16,3,1,優才,東網馬經,兆文,西門獨貼士,https://racing.on.cc/racing/fav/current/rjfavf0101x0.html,news,oncc
2026-09-20 14:27:44,2026-09-16,3,6,捷足奔馳,東網馬經,兆文,西門獨貼士,https://racing.on.cc/racing/fav/current/rjfavf0101x0.html,news,oncc
2026-09-20 14:27:44,2026-09-16,3,5,浪漫老撾,東網馬經,兆文,西門獨貼士,https://racing.on.cc/racing/fav/current/rjfavf0101x0.html,news,oncc
2026-09-20 14:27:44,2026-09-16,3,9,獎星,東網馬經,兆文,西門獨貼士,https://racing.on.cc/racing/fav/current/rjfavf0101x0.html,news,oncc
2026-09-20 14:27:44,2026-09-16,3,10,禾道威,東網馬經,兆文,西門獨貼士,https://racing.on.cc/racing/fav/current/rjfavf0101x0.html,news,oncc
2026-09-20 14:27:44,2026-09-16,4,3,烈焰光芒,東網馬經,兆文,西門獨貼士,https://racing.on.cc/racing/fav/current/rjfavf0101x0.html,news,oncc
2026-09-20 14:27:44,2026-09-16,4,4,日馳千里,東網馬經,兆文,西門獨貼士,https://racing.on.cc/racing/fav/current/rjfavf0101x0.html,news,oncc
2026-09-20 14:27:44,2026-09-16,4,11,頑童,東網馬經,兆文,西門獨貼士,https://racing.on.cc/racing/fav/current/rjfavf0101x0.html,news,oncc
2026-09-20 14:27:44,2026-09-16,4,2,棒棒糖,東網馬經,兆文,西門獨貼士,https://racing.on.cc/racing/fav/current/rjfavf0101x0.html,news,oncc
2026-09-20 14:27:44,2026-09-16,4,6,維港激流,東網馬經,兆文,西門獨貼士,https://racing.on.cc/racing/fav/current/rjfavf0101x0.html,news,oncc
2026-09-20 14:27:44,2026-09-16,5,4,幸運愉快,東網馬經,兆文,西門獨貼士,https://racing.on.cc/racing/fav/current/rjfavf0101x0.html,news,oncc
2026-09-20 14:27:44,2026-09-16,5,6,競駿非凡,東網馬經,兆文,西門獨貼士,https://racing.on.cc/racing/fav/current/rjfavf0101x0.html,news,oncc
2026-09-20 14:27:44,2026-09-16,5,3,穿甲戰鷹,東網馬經,兆文,西門獨貼士,https://racing.on.cc/racing/fav/current/rjfavf0101x0.html,news,oncc
2026-09-20 14:27:44,2026-09-16,5,11,領袖勁力,東網馬經,兆文,西門獨貼士,https://racing.on.cc/racing/fav/current/rjfavf0101x0.html,news,oncc
2026-09-20 14:27:44,2026-09-16,5,10,團結戰靈,東網馬經,兆文,西門獨貼士,https://racing.on.cc/racing/fav/current/rjfavf0101x0.html,news,oncc
2026-09-20 14:27:44,2026-09-16,6,3,浪漫鬥士,東網馬經,兆文,西門獨貼士,https://racing.on.cc/racing/fav/current/rjfavf0101x0.html,news,oncc
2026-09-20 14:27:44,2026-09-16,6,6,傲視同群,東網馬經,兆文,西門獨貼士,https://racing.on.cc/racing/fav/current/rjfavf0101x0.html,news,oncc
2026-09-20 14:27:44,2026-09-16,6,1,一定超,東網馬經,兆文,西門獨貼士,https://racing.on.cc/racing/fav/current/rjfavf0101x0.html,news,oncc
2026-09-20 14:27:44,2026-09-16,6,5,智勇名駒,東網馬經,兆文,西門獨貼士,https://racing.on.cc/racing/fav/current/rjfavf0101x0.html,news,oncc
2026-09-20 14:27:44,2026-09-16,6,7,納百川,東網馬經,兆文,西門獨貼士,https://racing.on.cc/racing/fav/current/rjfavf0101x0.html,news,oncc
2026-09-20 14:27:44,2026-09-16,7,5,品德寶寶,東網馬經,兆文,西門獨貼士,https://racing.on.cc/racing/fav/current/rjfavf0101x0.html,news,oncc
2026-09-20 14:27:44,2026-09-16,7,1,好好戀愛,東網馬經,兆文,西門獨貼士,https://racing.on.cc/racing/fav/current/rjfavf0101x0.html,news,oncc
2026-09-20 14:27:44,2026-09-16,7,8,大番薯,東網馬經,兆文,西門獨貼士,https://racing.on.cc/racing/fav/current/rjfavf0101x0.html,news,oncc
2026-09-20 14:27:44,2026-09-16,7,2,燭光晚餐,東網馬經,兆文,西門獨貼士,https://racing.on.cc/racing/fav/current/rjfavf0101x0.html,news,oncc
2026-09-20 14:27:44,2026-09-16,7,10,勝萬金,東網馬經,兆文,西門獨貼士,https://racing.on.cc/racing/fav/current/rjfavf0101x0.html,news,oncc
2026-09-20 14:27:44,2026-09-16,8,8,勁沙塵,東網馬經,兆文,西門獨貼士,https://racing.on.cc/racing/fav/current/rjfavf0101x0.html,news,oncc
2026-09-20 14:27:44,2026-09-16,8,12,極光之子,東網馬經,兆文,西門獨貼士,https://racing.on.cc/racing/fav/current/rjfavf0101x0.html,news,oncc
2026-09-20 14:27:44,2026-09-16,8,7,銀亮奔騰,東網馬經,兆文,西門獨貼士,https://racing.on.cc/racing/fav/current/rjfavf0101x0.html,news,oncc
2026-09-20 14:27:44,2026-09-16,8,6,包裝福星,東網馬經,兆文,西門獨貼士,https://racing.on.cc/racing/fav/current/rjfavf0101x0.html,news,oncc
2026-09-20 14:27:44,2026-09-16,8,11,穿甲金鷹,東網馬經,兆文,西門獨貼士,https://racing.on.cc/racing/fav/current/rjfavf0101x0.html,news,oncc
2026-09-20 14:27:44,2026-09-16,1,4,良駒好友,東網馬經,西門獨,西門獨／諸葛數貼士,https://racing.on.cc/racing/fav/current/rjfavf0201x0.html,news,oncc
2026-09-20 14:27:44,2026-09-16,1,7,銀亮濠俠,東網馬經,西門獨,西門獨／諸葛數貼士,https://racing.on.cc/racing/fav/current/rjfavf0201x0.html,news,oncc
2026-09-20 14:27:44,2026-09-16,1,9,花香月明,東網馬經,西門獨,西門獨／諸葛數貼士,https://racing.on.cc/racing/fav/current/rjfavf0201x0.html,news,oncc
2026-09-20 14:27:44,2026-09-16,1,11,辣得金,東網馬經,西門獨,西門獨／諸葛數貼士,https://racing.on.cc/racing/fav/current/rjfavf0201x0.html,news,oncc
2026-09-20 14:27:44,2026-09-16,2,7,加州勇勝,東網馬經,西門獨,西門獨／諸葛數貼士,https://racing.on.cc/racing/fav/current/rjfavf0201x0.html,news,oncc
2026-09-20 14:27:44,2026-09-16,2,8,花好月盈,東網馬經,西門獨,西門獨／諸葛數貼士,https://racing.on.cc/racing/fav/current/rjfavf0201x0.html,news,oncc
2026-09-20 14:27:44,2026-09-16,2,11,天下寵兒,東網馬經,西門獨,西門獨／諸葛數貼士,https://racing.on.cc/racing/fav/current/rjfavf0201x0.html,news,oncc
2026-09-20 14:27:44,2026-09-16,2,5,風火猴王,東網馬經,西門獨,西門獨／諸葛數貼士,https://racing.on.cc/racing/fav/current/rjfavf0201x0.html,news,oncc
2026-09-20 14:27:44,2026-09-16,3,5,浪漫老撾,東網馬經,西門獨,西門獨／諸葛數貼士,https://racing.on.cc/racing/fav/current/rjfavf0201x0.html,news,oncc
2026-09-20 14:27:44,2026-09-16,3,1,優才,東網馬經,西門獨,西門獨／諸葛數貼士,https://racing.on.cc/racing/fav/current/rjfavf0201x0.html,news,oncc
2026-09-20 14:27:44,2026-09-16,3,3,八駿笑昇,東網馬經,西門獨,西門獨／諸葛數貼士,https://racing.on.cc/racing/fav/current/rjfavf0201x0.html,news,oncc
2026-09-20 14:27:44,2026-09-16,3,6,捷足奔馳,東網馬經,西門獨,西門獨／諸葛數貼士,https://racing.on.cc/racing/fav/current/rjfavf0201x0.html,news,oncc
2026-09-20 14:27:44,2026-09-16,4,6,維港激流,東網馬經,西門獨,西門獨／諸葛數貼士,https://racing.on.cc/racing/fav/current/rjfavf0201x0.html,news,oncc
2026-09-20 14:27:44,2026-09-16,4,2,棒棒糖,東網馬經,西門獨,西門獨／諸葛數貼士,https://racing.on.cc/racing/fav/current/rjfavf0201x0.html,news,oncc
2026-09-20 14:27:44,2026-09-16,4,3,烈焰光芒,東網馬經,西門獨,西門獨／諸葛數貼士,https://racing.on.cc/racing/fav/current/rjfavf0201x0.html,news,oncc
2026-09-20 14:27:44,2026-09-16,4,4,日馳千里,東網馬經,西門獨,西門獨／諸葛數貼士,https://racing.on.cc/racing/fav/current/rjfavf0201x0.html,news,oncc
2026-09-20 14:27:44,2026-09-16,5,7,紅錢到,東網馬經,西門獨,西門獨／諸葛數貼士,https://racing.on.cc/racing/fav/current/rjfavf0201x0.html,news,oncc
2026-09-20 14:27:44,2026-09-16,5,8,老鼠斑,東網馬經,西門獨,西門獨／諸葛數貼士,https://racing.on.cc/racing/fav/current/rjfavf0201x0.html,news,oncc
2026-09-20 14:27:44,2026-09-16,5,1,時時開心,東網馬經,西門獨,西門獨／諸葛數貼士,https://racing.on.cc/racing/fav/current/rjfavf0201x0.html,news,oncc
2026-09-20 14:27:44,2026-09-16,5,11,領袖勁力,東網馬經,西門獨,西門獨／諸葛數貼士,https://racing.on.cc/racing/fav/current/rjfavf0201x0.html,news,oncc
2026-09-20 14:27:44,2026-09-16,6,10,北斗福星,東網馬經,西門獨,西門獨／諸葛數貼士,https://racing.on.cc/racing/fav/current/rjfavf0201x0.html,news,oncc
2026-09-20 14:27:44,2026-09-16,6,2,幸運派彩,東網馬經,西門獨,西門獨／諸葛數貼士,https://racing.on.cc/racing/fav/current/rjfavf0201x0.html,news,oncc
2026-09-20 14:27:44,2026-09-16,6,8,勁好運,東網馬經,西門獨,西門獨／諸葛數貼士,https://racing.on.cc/racing/fav/current/rjfavf0201x0.html,news,oncc
2026-09-20 14:27:44,2026-09-16,6,12,太子,東網馬經,西門獨,西門獨／諸葛數貼士,https://racing.on.cc/racing/fav/current/rjfavf0201x0.html,news,oncc
2026-09-20 14:27:44,2026-09-16,7,5,品德寶寶,東網馬經,西門獨,西門獨／諸葛數貼士,https://racing.on.cc/racing/fav/current/rjfavf0201x0.html,news,oncc
2026-09-20 14:27:44,2026-09-16,7,4,舞林寶典,東網馬經,西門獨,西門獨／諸葛數貼士,https://racing.on.cc/racing/fav/current/rjfavf0201x0.html,news,oncc
2026-09-20 14:27:44,2026-09-16,7,3,馬力,東網馬經,西門獨,西門獨／諸葛數貼士,https://racing.on.cc/racing/fav/current/rjfavf0201x0.html,news,oncc
2026-09-20 14:27:44,2026-09-16,7,1,好好戀愛,東網馬經,西門獨,西門獨／諸葛數貼士,https://racing.on.cc/racing/fav/current/rjfavf0201x0.html,news,oncc
2026-09-20 14:27:44,2026-09-16,8,8,勁沙塵,東網馬經,西門獨,西門獨／諸葛數貼士,https://racing.on.cc/racing/fav/current/rjfavf0201x0.html,news,oncc
2026-09-20 14:27:44,2026-09-16,8,2,大至尊,東網馬經,西門獨,西門獨／諸葛數貼士,https://racing.on.cc/racing/fav/current/rjfavf0201x0.html,news,oncc
2026-09-20 14:27:44,2026-09-16,8,4,喜蓮勇感,東網馬經,西門獨,西門獨／諸葛數貼士,https://racing.on.cc/racing/fav/current/rjfavf0201x0.html,news,oncc
2026-09-20 14:27:44,2026-09-16,8,11,穿甲金鷹,東網馬經,西門獨,西門獨／諸葛數貼士,https://racing.on.cc/racing/fav/current/rjfavf0201x0.html,news,oncc
2026-09-20 14:27:44,2026-09-16,1,4,良駒好友,東網馬經,諸葛數,西門獨／諸葛數貼士,https://racing.on.cc/racing/fav/current/rjfavf0201x0.html,news,oncc
2026-09-20 14:27:44,2026-09-16,1,2,,東網馬經,諸葛數,西門獨／諸葛數貼士,https://racing.on.cc/racing/fav/current/rjfavf0201x0.html,news,oncc
2026-09-20 14:27:44,2026-09-16,1,9,花香月明,東網馬經,諸葛數,西門獨／諸葛數貼士,https://racing.on.cc/racing/fav/current/rjfavf0201x0.html,news,oncc
2026-09-20 14:27:44,2026-09-16,1,7,銀亮濠俠,東網馬經,諸葛數,西門獨／諸葛數貼士,https://racing.on.cc/racing/fav/current/rjfavf0201x0.html,news,oncc
2026-09-20 14:27:44,2026-09-16,2,5,風火猴王,東網馬經,諸葛數,西門獨／諸葛數貼士,https://racing.on.cc/racing/fav/current/rjfavf0201x0.html,news,oncc
2026-09-20 14:27:44,2026-09-16,2,11,天下寵兒,東網馬經,諸葛數,西門獨／諸葛數貼士,https://racing.on.cc/racing/fav/current/rjfavf0201x0.html,news,oncc
2026-09-20 14:27:44,2026-09-16,2,10,有盈勇士,東網馬經,諸葛數,西門獨／諸葛數貼士,https://racing.on.cc/racing/fav/current/rjfavf0201x0.html,news,oncc
2026-09-20 14:27:44,2026-09-16,2,7,加州勇勝,東網馬經,諸葛數,西門獨／諸葛數貼士,https://racing.on.cc/racing/fav/current/rjfavf0201x0.html,news,oncc
2026-09-20 14:27:44,2026-09-16,3,1,優才,東網馬經,諸葛數,西門獨／諸葛數貼士,https://racing.on.cc/racing/fav/current/rjfavf0201x0.html,news,oncc
2026-09-20 14:27:44,2026-09-16,3,5,浪漫老撾,東網馬經,諸葛數,西門獨／諸葛數貼士,https://racing.on.cc/racing/fav/current/rjfavf0201x0.html,news,oncc
2026-09-20 14:27:44,2026-09-16,3,6,捷足奔馳,東網馬經,諸葛數,西門獨／諸葛數貼士,https://racing.on.cc/racing/fav/current/rjfavf0201x0.html,news,oncc
2026-09-20 14:27:44,2026-09-16,3,10,禾道威,東網馬經,諸葛數,西門獨／諸葛數貼士,https://racing.on.cc/racing/fav/current/rjfavf0201x0.html,news,oncc
2026-09-20 14:27:44,2026-09-16,4,2,棒棒糖,東網馬經,諸葛數,西門獨／諸葛數貼士,https://racing.on.cc/racing/fav/current/rjfavf0201x0.html,news,oncc
2026-09-20 14:27:44,2026-09-16,4,1,沙井之友,東網馬經,諸葛數,西門獨／諸葛數貼士,https://racing.on.cc/racing/fav/current/rjfavf0201x0.html,news,oncc
2026-09-20 14:27:44,2026-09-16,4,3,烈焰光芒,東網馬經,諸葛數,西門獨／諸葛數貼士,https://racing.on.cc/racing/fav/current/rjfavf0201x0.html,news,oncc
2026-09-20 14:27:44,2026-09-16,4,6,維港激流,東網馬經,諸葛數,西門獨／諸葛數貼士,https://racing.on.cc/racing/fav/current/rjfavf0201x0.html,news,oncc
2026-09-20 14:27:44,2026-09-16,5,10,團結戰靈,東網馬經,諸葛數,西門獨／諸葛數貼士,https://racing.on.cc/racing/fav/current/rjfavf0201x0.html,news,oncc
2026-09-20 14:27:44,2026-09-16,5,6,競駿非凡,東網馬經,諸葛數,西門獨／諸葛數貼士,https://racing.on.cc/racing/fav/current/rjfavf0201x0.html,news,oncc
2026-09-20 14:27:44,2026-09-16,5,5,風采人生,東網馬經,諸葛數,西門獨／諸葛數貼士,https://racing.on.cc/racing/fav/current/rjfavf0201x0.html,news,oncc
2026-09-20 14:27:44,2026-09-16,5,4,幸運愉快,東網馬經,諸葛數,西門獨／諸葛數貼士,https://racing.on.cc/racing/fav/current/rjfavf0201x0.html,news,oncc
2026-09-20 14:27:44,2026-09-16,6,5,智勇名駒,東網馬經,諸葛數,西門獨／諸葛數貼士,https://racing.on.cc/racing/fav/current/rjfavf0201x0.html,news,oncc
2026-09-20 14:27:44,2026-09-16,6,1,一定超,東網馬經,諸葛數,西門獨／諸葛數貼士,https://racing.on.cc/racing/fav/current/rjfavf0201x0.html,news,oncc
2026-09-20 14:27:44,2026-09-16,6,4,龍文鞭影,東網馬經,諸葛數,西門獨／諸葛數貼士,https://racing.on.cc/racing/fav/current/rjfavf0201x0.html,news,oncc
2026-09-20 14:27:44,2026-09-16,6,3,浪漫鬥士,東網馬經,諸葛數,西門獨／諸葛數貼士,https://racing.on.cc/racing/fav/current/rjfavf0201x0.html,news,oncc
2026-09-20 14:27:44,2026-09-16,7,12,騰龍四海,東網馬經,諸葛數,西門獨／諸葛數貼士,https://racing.on.cc/racing/fav/current/rjfavf0201x0.html,news,oncc
2026-09-20 14:27:44,2026-09-16,7,4,舞林寶典,東網馬經,諸葛數,西門獨／諸葛數貼士,https://racing.on.cc/racing/fav/current/rjfavf0201x0.html,news,oncc
2026-09-20 14:27:44,2026-09-16,7,1,好好戀愛,東網馬經,諸葛數,西門獨／諸葛數貼士,https://racing.on.cc/racing/fav/current/rjfavf0201x0.html,news,oncc
2026-09-20 14:27:44,2026-09-16,7,3,馬力,東網馬經,諸葛數,西門獨／諸葛數貼士,https://racing.on.cc/racing/fav/current/rjfavf0201x0.html,news,oncc
2026-09-20 14:27:44,2026-09-16,8,12,極光之子,東網馬經,諸葛數,西門獨／諸葛數貼士,https://racing.on.cc/racing/fav/current/rjfavf0201x0.html,news,oncc
2026-09-20 14:27:44,2026-09-16,8,6,包裝福星,東網馬經,諸葛數,西門獨／諸葛數貼士,https://racing.on.cc/racing/fav/current/rjfavf0201x0.html,news,oncc
2026-09-20 14:27:44,2026-09-16,8,7,銀亮奔騰,東網馬經,諸葛數,西門獨／諸葛數貼士,https://racing.on.cc/racing/fav/current/rjfavf0201x0.html,news,oncc
2026-09-20 14:27:44,2026-09-16,8,8,勁沙塵,東網馬經,諸葛數,西門獨／諸葛數貼士,https://racing.on.cc/racing/fav/current/rjfavf0201x0.html,news,oncc
2026-09-20 14:27:44,2026-09-16,1,5,瑰麗人生,東網馬經,陳志懷,西門獨／諸葛數貼士,https://racing.on.cc/racing/fav/current/rjfavf0201x0.html,news,oncc
2026-09-20 14:27:44,2026-09-16,1,6,,東網馬經,陳志懷,西門獨／諸葛數貼士,https://racing.on.cc/racing/fav/current/rjfavf0201x0.html,news,oncc
2026-09-20 14:27:44,2026-09-16,1,9,花香月明,東網馬經,陳志懷,西門獨／諸葛數貼士,https://racing.on.cc/racing/fav/current/rjfavf0201x0.html,news,oncc
2026-09-20 14:27:44,2026-09-16,1,12,洛河,東網馬經,陳志懷,西門獨／諸葛數貼士,https://racing.on.cc/racing/fav/current/rjfavf0201x0.html,news,oncc
2026-09-20 14:27:44,2026-09-16,2,3,朗日自強,東網馬經,陳志懷,西門獨／諸葛數貼士,https://racing.on.cc/racing/fav/current/rjfavf0201x0.html,news,oncc
2026-09-20 14:27:44,2026-09-16,2,8,花好月盈,東網馬經,陳志懷,西門獨／諸葛數貼士,https://racing.on.cc/racing/fav/current/rjfavf0201x0.html,news,oncc
2026-09-20 14:27:44,2026-09-16,2,7,加州勇勝,東網馬經,陳志懷,西門獨／諸葛數貼士,https://racing.on.cc/racing/fav/current/rjfavf0201x0.html,news,oncc
2026-09-20 14:27:44,2026-09-16,2,1,本領多好,東網馬經,陳志懷,西門獨／諸葛數貼士,https://racing.on.cc/racing/fav/current/rjfavf0201x0.html,news,oncc
2026-09-20 14:27:44,2026-09-16,3,2,晉步贏,東網馬經,陳志懷,西門獨／諸葛數貼士,https://racing.on.cc/racing/fav/current/rjfavf0201x0.html,news,oncc
2026-09-20 14:27:44,2026-09-16,3,5,浪漫老撾,東網馬經,陳志懷,西門獨／諸葛數貼士,https://racing.on.cc/racing/fav/current/rjfavf0201x0.html,news,oncc
2026-09-20 14:27:44,2026-09-16,3,6,捷足奔馳,東網馬經,陳志懷,西門獨／諸葛數貼士,https://racing.on.cc/racing/fav/current/rjfavf0201x0.html,news,oncc
2026-09-20 14:27:44,2026-09-16,3,7,夢照發,東網馬經,陳志懷,西門獨／諸葛數貼士,https://racing.on.cc/racing/fav/current/rjfavf0201x0.html,news,oncc
2026-09-20 14:27:44,2026-09-16,4,5,星威心得,東網馬經,陳志懷,西門獨／諸葛數貼士,https://racing.on.cc/racing/fav/current/rjfavf0201x0.html,news,oncc
2026-09-20 14:27:44,2026-09-16,4,3,烈焰光芒,東網馬經,陳志懷,西門獨／諸葛數貼士,https://racing.on.cc/racing/fav/current/rjfavf0201x0.html,news,oncc
2026-09-20 14:27:44,2026-09-16,4,11,頑童,東網馬經,陳志懷,西門獨／諸葛數貼士,https://racing.on.cc/racing/fav/current/rjfavf0201x0.html,news,oncc
2026-09-20 14:27:44,2026-09-16,4,1,沙井之友,東網馬經,陳志懷,西門獨／諸葛數貼士,https://racing.on.cc/racing/fav/current/rjfavf0201x0.html,news,oncc
2026-09-20 14:27:44,2026-09-16,5,4,幸運愉快,東網馬經,陳志懷,西門獨／諸葛數貼士,https://racing.on.cc/racing/fav/current/rjfavf0201x0.html,news,oncc
2026-09-20 14:27:44,2026-09-16,5,3,穿甲戰鷹,東網馬經,陳志懷,西門獨／諸葛數貼士,https://racing.on.cc/racing/fav/current/rjfavf0201x0.html,news,oncc
2026-09-20 14:27:44,2026-09-16,5,8,老鼠斑,東網馬經,陳志懷,西門獨／諸葛數貼士,https://racing.on.cc/racing/fav/current/rjfavf0201x0.html,news,oncc
2026-09-20 14:27:44,2026-09-16,5,11,領袖勁力,東網馬經,陳志懷,西門獨／諸葛數貼士,https://racing.on.cc/racing/fav/current/rjfavf0201x0.html,news,oncc
2026-09-20 14:27:44,2026-09-16,6,7,納百川,東網馬經,陳志懷,西門獨／諸葛數貼士,https://racing.on.cc/racing/fav/current/rjfavf0201x0.html,news,oncc
2026-09-20 14:27:44,2026-09-16,6,1,一定超,東網馬經,陳志懷,西門獨／諸葛數貼士,https://racing.on.cc/racing/fav/current/rjfavf0201x0.html,news,oncc
2026-09-20 14:27:44,2026-09-16,6,3,浪漫鬥士,東網馬經,陳志懷,西門獨／諸葛數貼士,https://racing.on.cc/racing/fav/current/rjfavf0201x0.html,news,oncc
2026-09-20 14:27:44,2026-09-16,6,5,智勇名駒,東網馬經,陳志懷,西門獨／諸葛數貼士,https://racing.on.cc/racing/fav/current/rjfavf0201x0.html,news,oncc
2026-09-20 14:27:44,2026-09-16,7,4,舞林寶典,東網馬經,陳志懷,西門獨／諸葛數貼士,https://racing.on.cc/racing/fav/current/rjfavf0201x0.html,news,oncc
2026-09-20 14:27:44,2026-09-16,7,10,勝萬金,東網馬經,陳志懷,西門獨／諸葛數貼士,https://racing.on.cc/racing/fav/current/rjfavf0201x0.html,news,oncc
2026-09-20 14:27:44,2026-09-16,7,1,好好戀愛,東網馬經,陳志懷,西門獨／諸葛數貼士,https://racing.on.cc/racing/fav/current/rjfavf0201x0.html,news,oncc
2026-09-20 14:27:44,2026-09-16,7,11,紅逸舍,東網馬經,陳志懷,西門獨／諸葛數貼士,https://racing.on.cc/racing/fav/current/rjfavf0201x0.html,news,oncc
2026-09-20 14:27:44,2026-09-16,8,8,勁沙塵,東網馬經,陳志懷,西門獨／諸葛數貼士,https://racing.on.cc/racing/fav/current/rjfavf0201x0.html,news,oncc
2026-09-20 14:27:44,2026-09-16,8,5,大浪圖田,東網馬經,陳志懷,西門獨／諸葛數貼士,https://racing.on.cc/racing/fav/current/rjfavf0201x0.html,news,oncc
2026-09-20 14:27:44,2026-09-16,8,1,勁速威龍,東網馬經,陳志懷,西門獨／諸葛數貼士,https://racing.on.cc/racing/fav/current/rjfavf0201x0.html,news,oncc
2026-09-20 14:27:44,2026-09-16,8,9,加州動員,東網馬經,陳志懷,西門獨／諸葛數貼士,https://racing.on.cc/racing/fav/current/rjfavf0201x0.html,news,oncc
2026-09-20 14:27:44,2026-09-16,1,9,花香月明,東網馬經,明治朗,西門獨／諸葛數貼士,https://racing.on.cc/racing/fav/current/rjfavf0201x0.html,news,oncc
2026-09-20 14:27:44,2026-09-16,1,4,良駒好友,東網馬經,明治朗,西門獨／諸葛數貼士,https://racing.on.cc/racing/fav/current/rjfavf0201x0.html,news,oncc
2026-09-20 14:27:44,2026-09-16,1,5,瑰麗人生,東網馬經,明治朗,西門獨／諸葛數貼士,https://racing.on.cc/racing/fav/current/rjfavf0201x0.html,news,oncc
2026-09-20 14:27:44,2026-09-16,1,7,銀亮濠俠,東網馬經,明治朗,西門獨／諸葛數貼士,https://racing.on.cc/racing/fav/current/rjfavf0201x0.html,news,oncc
2026-09-20 14:27:44,2026-09-16,2,8,花好月盈,東網馬經,明治朗,西門獨／諸葛數貼士,https://racing.on.cc/racing/fav/current/rjfavf0201x0.html,news,oncc
2026-09-20 14:27:44,2026-09-16,2,5,風火猴王,東網馬經,明治朗,西門獨／諸葛數貼士,https://racing.on.cc/racing/fav/current/rjfavf0201x0.html,news,oncc
2026-09-20 14:27:44,2026-09-16,2,3,朗日自強,東網馬經,明治朗,西門獨／諸葛數貼士,https://racing.on.cc/racing/fav/current/rjfavf0201x0.html,news,oncc
2026-09-20 14:27:44,2026-09-16,2,12,智勝攻略,東網馬經,明治朗,西門獨／諸葛數貼士,https://racing.on.cc/racing/fav/current/rjfavf0201x0.html,news,oncc
2026-09-20 14:27:44,2026-09-16,3,6,捷足奔馳,東網馬經,明治朗,西門獨／諸葛數貼士,https://racing.on.cc/racing/fav/current/rjfavf0201x0.html,news,oncc
2026-09-20 14:27:44,2026-09-16,3,1,優才,東網馬經,明治朗,西門獨／諸葛數貼士,https://racing.on.cc/racing/fav/current/rjfavf0201x0.html,news,oncc
2026-09-20 14:27:44,2026-09-16,3,5,浪漫老撾,東網馬經,明治朗,西門獨／諸葛數貼士,https://racing.on.cc/racing/fav/current/rjfavf0201x0.html,news,oncc
2026-09-20 14:27:44,2026-09-16,3,10,禾道威,東網馬經,明治朗,西門獨／諸葛數貼士,https://racing.on.cc/racing/fav/current/rjfavf0201x0.html,news,oncc
2026-09-20 14:27:44,2026-09-16,4,5,星威心得,東網馬經,明治朗,西門獨／諸葛數貼士,https://racing.on.cc/racing/fav/current/rjfavf0201x0.html,news,oncc
2026-09-20 14:27:44,2026-09-16,4,6,維港激流,東網馬經,明治朗,西門獨／諸葛數貼士,https://racing.on.cc/racing/fav/current/rjfavf0201x0.html,news,oncc
2026-09-20 14:27:44,2026-09-16,4,1,沙井之友,東網馬經,明治朗,西門獨／諸葛數貼士,https://racing.on.cc/racing/fav/current/rjfavf0201x0.html,news,oncc
2026-09-20 14:27:44,2026-09-16,4,4,日馳千里,東網馬經,明治朗,西門獨／諸葛數貼士,https://racing.on.cc/racing/fav/current/rjfavf0201x0.html,news,oncc
2026-09-20 14:27:44,2026-09-16,5,11,領袖勁力,東網馬經,明治朗,西門獨／諸葛數貼士,https://racing.on.cc/racing/fav/current/rjfavf0201x0.html,news,oncc
2026-09-20 14:27:44,2026-09-16,5,4,幸運愉快,東網馬經,明治朗,西門獨／諸葛數貼士,https://racing.on.cc/racing/fav/current/rjfavf0201x0.html,news,oncc
2026-09-20 14:27:44,2026-09-16,5,6,競駿非凡,東網馬經,明治朗,西門獨／諸葛數貼士,https://racing.on.cc/racing/fav/current/rjfavf0201x0.html,news,oncc
2026-09-20 14:27:44,2026-09-16,5,7,紅錢到,東網馬經,明治朗,西門獨／諸葛數貼士,https://racing.on.cc/racing/fav/current/rjfavf0201x0.html,news,oncc
2026-09-20 14:27:44,2026-09-16,6,1,一定超,東網馬經,明治朗,西門獨／諸葛數貼士,https://racing.on.cc/racing/fav/current/rjfavf0201x0.html,news,oncc
2026-09-20 14:27:44,2026-09-16,6,12,太子,東網馬經,明治朗,西門獨／諸葛數貼士,https://racing.on.cc/racing/fav/current/rjfavf0201x0.html,news,oncc
2026-09-20 14:27:44,2026-09-16,6,8,勁好運,東網馬經,明治朗,西門獨／諸葛數貼士,https://racing.on.cc/racing/fav/current/rjfavf0201x0.html,news,oncc
2026-09-20 14:27:44,2026-09-16,6,3,浪漫鬥士,東網馬經,明治朗,西門獨／諸葛數貼士,https://racing.on.cc/racing/fav/current/rjfavf0201x0.html,news,oncc
2026-09-20 14:27:44,2026-09-16,7,3,馬力,東網馬經,明治朗,西門獨／諸葛數貼士,https://racing.on.cc/racing/fav/current/rjfavf0201x0.html,news,oncc
2026-09-20 14:27:44,2026-09-16,7,11,紅逸舍,東網馬經,明治朗,西門獨／諸葛數貼士,https://racing.on.cc/racing/fav/current/rjfavf0201x0.html,news,oncc
2026-09-20 14:27:44,2026-09-16,7,5,品德寶寶,東網馬經,明治朗,西門獨／諸葛數貼士,https://racing.on.cc/racing/fav/current/rjfavf0201x0.html,news,oncc
2026-09-20 14:27:44,2026-09-16,7,2,燭光晚餐,東網馬經,明治朗,西門獨／諸葛數貼士,https://racing.on.cc/racing/fav/current/rjfavf0201x0.html,news,oncc
2026-09-20 14:27:44,2026-09-16,8,4,喜蓮勇感,東網馬經,明治朗,西門獨／諸葛數貼士,https://racing.on.cc/racing/fav/current/rjfavf0201x0.html,news,oncc
2026-09-20 14:27:44,2026-09-16,8,8,勁沙塵,東網馬經,明治朗,西門獨／諸葛數貼士,https://racing.on.cc/racing/fav/current/rjfavf0201x0.html,news,oncc
2026-09-20 14:27:44,2026-09-16,8,12,極光之子,東網馬經,明治朗,西門獨／諸葛數貼士,https://racing.on.cc/racing/fav/current/rjfavf0201x0.html,news,oncc
2026-09-20 14:27:44,2026-09-16,8,9,加州動員,東網馬經,明治朗,西門獨／諸葛數貼士,https://racing.on.cc/racing/fav/current/rjfavf0201x0.html,news,oncc
2026-09-20 14:27:44,2026-09-16,1,11,辣得金,東網馬經,兆文,西門獨／諸葛數貼士,https://racing.on.cc/racing/fav/current/rjfavf0201x0.html,news,oncc
2026-09-20 14:27:44,2026-09-16,1,7,銀亮濠俠,東網馬經,兆文,西門獨／諸葛數貼士,https://racing.on.cc/racing/fav/current/rjfavf0201x0.html,news,oncc
2026-09-20 14:27:44,2026-09-16,1,9,花香月明,東網馬經,兆文,西門獨／諸葛數貼士,https://racing.on.cc/racing/fav/current/rjfavf0201x0.html,news,oncc
2026-09-20 14:27:44,2026-09-16,1,4,良駒好友,東網馬經,兆文,西門獨／諸葛數貼士,https://racing.on.cc/racing/fav/current/rjfavf0201x0.html,news,oncc
2026-09-20 14:27:44,2026-09-16,2,11,天下寵兒,東網馬經,兆文,西門獨／諸葛數貼士,https://racing.on.cc/racing/fav/current/rjfavf0201x0.html,news,oncc
2026-09-20 14:27:44,2026-09-16,2,3,朗日自強,東網馬經,兆文,西門獨／諸葛數貼士,https://racing.on.cc/racing/fav/current/rjfavf0201x0.html,news,oncc
2026-09-20 14:27:44,2026-09-16,2,8,花好月盈,東網馬經,兆文,西門獨／諸葛數貼士,https://racing.on.cc/racing/fav/current/rjfavf0201x0.html,news,oncc
2026-09-20 14:27:44,2026-09-16,2,5,風火猴王,東網馬經,兆文,西門獨／諸葛數貼士,https://racing.on.cc/racing/fav/current/rjfavf0201x0.html,news,oncc
2026-09-20 14:27:44,2026-09-16,3,1,優才,東網馬經,兆文,西門獨／諸葛數貼士,https://racing.on.cc/racing/fav/current/rjfavf0201x0.html,news,oncc
2026-09-20 14:27:44,2026-09-16,3,6,捷足奔馳,東網馬經,兆文,西門獨／諸葛數貼士,https://racing.on.cc/racing/fav/current/rjfavf0201x0.html,news,oncc
2026-09-20 14:27:44,2026-09-16,3,5,浪漫老撾,東網馬經,兆文,西門獨／諸葛數貼士,https://racing.on.cc/racing/fav/current/rjfavf0201x0.html,news,oncc
2026-09-20 14:27:44,2026-09-16,3,9,獎星,東網馬經,兆文,西門獨／諸葛數貼士,https://racing.on.cc/racing/fav/current/rjfavf0201x0.html,news,oncc
2026-09-20 14:27:44,2026-09-16,4,4,日馳千里,東網馬經,兆文,西門獨／諸葛數貼士,https://racing.on.cc/racing/fav/current/rjfavf0201x0.html,news,oncc
2026-09-20 14:27:44,2026-09-16,4,3,烈焰光芒,東網馬經,兆文,西門獨／諸葛數貼士,https://racing.on.cc/racing/fav/current/rjfavf0201x0.html,news,oncc
2026-09-20 14:27:44,2026-09-16,4,11,頑童,東網馬經,兆文,西門獨／諸葛數貼士,https://racing.on.cc/racing/fav/current/rjfavf0201x0.html,news,oncc
2026-09-20 14:27:44,2026-09-16,4,2,棒棒糖,東網馬經,兆文,西門獨／諸葛數貼士,https://racing.on.cc/racing/fav/current/rjfavf0201x0.html,news,oncc
2026-09-20 14:27:44,2026-09-16,5,4,幸運愉快,東網馬經,兆文,西門獨／諸葛數貼士,https://racing.on.cc/racing/fav/current/rjfavf0201x0.html,news,oncc
2026-09-20 14:27:44,2026-09-16,5,6,競駿非凡,東網馬經,兆文,西門獨／諸葛數貼士,https://racing.on.cc/racing/fav/current/rjfavf0201x0.html,news,oncc
2026-09-20 14:27:44,2026-09-16,5,3,穿甲戰鷹,東網馬經,兆文,西門獨／諸葛數貼士,https://racing.on.cc/racing/fav/current/rjfavf0201x0.html,news,oncc
2026-09-20 14:27:44,2026-09-16,5,11,領袖勁力,東網馬經,兆文,西門獨／諸葛數貼士,https://racing.on.cc/racing/fav/current/rjfavf0201x0.html,news,oncc
2026-09-20 14:27:44,2026-09-16,6,3,浪漫鬥士,東網馬經,兆文,西門獨／諸葛數貼士,https://racing.on.cc/racing/fav/current/rjfavf0201x0.html,news,oncc
2026-09-20 14:27:44,2026-09-16,6,6,傲視同群,東網馬經,兆文,西門獨／諸葛數貼士,https://racing.on.cc/racing/fav/current/rjfavf0201x0.html,news,oncc
2026-09-20 14:27:44,2026-09-16,6,1,一定超,東網馬經,兆文,西門獨／諸葛數貼士,https://racing.on.cc/racing/fav/current/rjfavf0201x0.html,news,oncc
2026-09-20 14:27:44,2026-09-16,6,5,智勇名駒,東網馬經,兆文,西門獨／諸葛數貼士,https://racing.on.cc/racing/fav/current/rjfavf0201x0.html,news,oncc
2026-09-20 14:27:44,2026-09-16,7,11,紅逸舍,東網馬經,兆文,西門獨／諸葛數貼士,https://racing.on.cc/racing/fav/current/rjfavf0201x0.html,news,oncc
2026-09-20 14:27:44,2026-09-16,7,5,品德寶寶,東網馬經,兆文,西門獨／諸葛數貼士,https://racing.on.cc/racing/fav/current/rjfavf0201x0.html,news,oncc
2026-09-20 14:27:44,2026-09-16,7,1,好好戀愛,東網馬經,兆文,西門獨／諸葛數貼士,https://racing.on.cc/racing/fav/current/rjfavf0201x0.html,news,oncc
2026-09-20 14:27:44,2026-09-16,7,8,大番薯,東網馬經,兆文,西門獨／諸葛數貼士,https://racing.on.cc/racing/fav/current/rjfavf0201x0.html,news,oncc
2026-09-20 14:27:44,2026-09-16,8,8,勁沙塵,東網馬經,兆文,西門獨／諸葛數貼士,https://racing.on.cc/racing/fav/current/rjfavf0201x0.html,news,oncc
2026-09-20 14:27:44,2026-09-16,8,12,極光之子,東網馬經,兆文,西門獨／諸葛數貼士,https://racing.on.cc/racing/fav/current/rjfavf0201x0.html,news,oncc
2026-09-20 14:27:44,2026-09-16,8,7,銀亮奔騰,東網馬經,兆文,西門獨／諸葛數貼士,https://racing.on.cc/racing/fav/current/rjfavf0201x0.html,news,oncc
2026-09-20 14:27:44,2026-09-16,8,6,包裝福星,東網馬經,兆文,西門獨／諸葛數貼士,https://racing.on.cc/racing/fav/current/rjfavf0201x0.html,news,oncc
2026-09-20 14:27:44,2026-09-16,1,2,,東網馬經,東網馬經,東網馬經,https://racing.on.cc/racing/fav/current/rjfavf0301x0.html,news,oncc
2026-09-20 14:27:44,2026-09-16,1,7,銀亮濠俠,東網馬經,東網馬經,東網馬經,https://racing.on.cc/racing/fav/current/rjfavf0301x0.html,news,oncc
2026-09-20 14:27:44,2026-09-16,1,9,花香月明,東網馬經,東網馬經,東網馬經,https://racing.on.cc/racing/fav/current/rjfavf0301x0.html,news,oncc
2026-09-20 14:27:44,2026-09-16,1,11,辣得金,東網馬經,東網馬經,東網馬經,https://racing.on.cc/racing/fav/current/rjfavf0301x0.html,news,oncc
2026-09-20 14:27:44,2026-09-16,2,3,朗日自強,東網馬經,東網馬經,東網馬經,https://racing.on.cc/racing/fav/current/rjfavf0301x0.html,news,oncc
2026-09-20 14:27:44,2026-09-16,2,5,風火猴王,東網馬經,東網馬經,東網馬經,https://racing.on.cc/racing/fav/current/rjfavf0301x0.html,news,oncc
2026-09-20 14:27:44,2026-09-16,2,8,花好月盈,東網馬經,東網馬經,東網馬經,https://racing.on.cc/racing/fav/current/rjfavf0301x0.html,news,oncc
2026-09-20 14:27:44,2026-09-16,2,11,天下寵兒,東網馬經,東網馬經,東網馬經,https://racing.on.cc/racing/fav/current/rjfavf0301x0.html,news,oncc
2026-09-20 14:27:44,2026-09-16,3,1,優才,東網馬經,東網馬經,東網馬經,https://racing.on.cc/racing/fav/current/rjfavf0301x0.html,news,oncc
2026-09-20 14:27:44,2026-09-16,3,5,浪漫老撾,東網馬經,東網馬經,東網馬經,https://racing.on.cc/racing/fav/current/rjfavf0301x0.html,news,oncc
2026-09-20 14:27:44,2026-09-16,3,6,捷足奔馳,東網馬經,東網馬經,東網馬經,https://racing.on.cc/racing/fav/current/rjfavf0301x0.html,news,oncc
2026-09-20 14:27:44,2026-09-16,3,10,禾道威,東網馬經,東網馬經,東網馬經,https://racing.on.cc/racing/fav/current/rjfavf0301x0.html,news,oncc
2026-09-20 14:27:44,2026-09-16,4,5,星威心得,東網馬經,東網馬經,東網馬經,https://racing.on.cc/racing/fav/current/rjfavf0301x0.html,news,oncc
2026-09-20 14:27:44,2026-09-16,4,3,烈焰光芒,東網馬經,東網馬經,東網馬經,https://racing.on.cc/racing/fav/current/rjfavf0301x0.html,news,oncc
2026-09-20 14:27:44,2026-09-16,4,2,棒棒糖,東網馬經,東網馬經,東網馬經,https://racing.on.cc/racing/fav/current/rjfavf0301x0.html,news,oncc
2026-09-20 14:27:44,2026-09-16,4,4,日馳千里,東網馬經,東網馬經,東網馬經,https://racing.on.cc/racing/fav/current/rjfavf0301x0.html,news,oncc
2026-09-20 14:27:44,2026-09-16,5,4,幸運愉快,東網馬經,東網馬經,東網馬經,https://racing.on.cc/racing/fav/current/rjfavf0301x0.html,news,oncc
2026-09-20 14:27:44,2026-09-16,5,7,紅錢到,東網馬經,東網馬經,東網馬經,https://racing.on.cc/racing/fav/current/rjfavf0301x0.html,news,oncc
2026-09-20 14:27:44,2026-09-16,5,8,老鼠斑,東網馬經,東網馬經,東網馬經,https://racing.on.cc/racing/fav/current/rjfavf0301x0.html,news,oncc
2026-09-20 14:27:44,2026-09-16,5,11,領袖勁力,東網馬經,東網馬經,東網馬經,https://racing.on.cc/racing/fav/current/rjfavf0301x0.html,news,oncc
2026-09-20 14:27:44,2026-09-16,6,3,浪漫鬥士,東網馬經,東網馬經,東網馬經,https://racing.on.cc/racing/fav/current/rjfavf0301x0.html,news,oncc
2026-09-20 14:27:44,2026-09-16,6,1,一定超,東網馬經,東網馬經,東網馬經,https://racing.on.cc/racing/fav/current/rjfavf0301x0.html,news,oncc
2026-09-20 14:27:44,2026-09-16,6,5,智勇名駒,東網馬經,東網馬經,東網馬經,https://racing.on.cc/racing/fav/current/rjfavf0301x0.html,news,oncc
2026-09-20 14:27:44,2026-09-16,6,8,勁好運,東網馬經,東網馬經,東網馬經,https://racing.on.cc/racing/fav/current/rjfavf0301x0.html,news,oncc
2026-09-20 14:27:44,2026-09-16,7,4,舞林寶典,東網馬經,東網馬經,東網馬經,https://racing.on.cc/racing/fav/current/rjfavf0301x0.html,news,oncc
2026-09-20 14:27:44,2026-09-16,7,5,品德寶寶,東網馬經,東網馬經,東網馬經,https://racing.on.cc/racing/fav/current/rjfavf0301x0.html,news,oncc
2026-09-20 14:27:44,2026-09-16,7,3,馬力,東網馬經,東網馬經,東網馬經,https://racing.on.cc/racing/fav/current/rjfavf0301x0.html,news,oncc
2026-09-20 14:27:44,2026-09-16,7,6,連連幸運,東網馬經,東網馬經,東網馬經,https://racing.on.cc/racing/fav/current/rjfavf0301x0.html,news,oncc
2026-09-20 14:27:44,2026-09-16,8,1,勁速威龍,東網馬經,東網馬經,東網馬經,https://racing.on.cc/racing/fav/current/rjfavf0301x0.html,news,oncc
2026-09-20 14:27:44,2026-09-16,8,3,睿盛人生,東網馬經,東網馬經,東網馬經,https://racing.on.cc/racing/fav/current/rjfavf0301x0.html,news,oncc
2026-09-20 14:27:44,2026-09-16,8,5,大浪圖田,東網馬經,東網馬經,東網馬經,https://racing.on.cc/racing/fav/current/rjfavf0301x0.html,news,oncc
2026-09-20 14:27:44,2026-09-16,8,8,勁沙塵,東網馬經,東網馬經,東網馬經,https://racing.on.cc/racing/fav/current/rjfavf0301x0.html,news,oncc
2026-09-20 14:27:44,2026-09-20,,,天下寵兒,星島頭條,甜甜小記,甜甜小記│周嘉儀望「天下寵兒」健健康康,https://www.stheadline.com/racing-tips/3617360/甜甜小記周嘉儀望天下寵兒健健康康,news,
2026-09-23 15:16:33,2026-09-23,1,,電訊驕陽,東網馬經,兆文,兆文專欄,https://racing.on.cc/racing/fav/current/rjfavi0101x0.html,news,oncc
2026-09-23 15:16:33,2026-09-23,8,,亞機拉,東網馬經,兆文,兆文專欄,https://racing.on.cc/racing/fav/current/rjfavi0101x0.html,news,oncc
2026-09-23 15:16:33,2026-09-23,9,,平凡騎士,東網馬經,兆文,兆文專欄,https://racing.on.cc/racing/fav/current/rjfavi0101x0.html,news,oncc
2026-09-23 15:16:33,2026-09-23,9,,春風萬里,東網馬經,兆文,兆文專欄,https://racing.on.cc/racing/fav/current/rjfavi0101x0.html,news,oncc
2026-09-25 05:14:49,2026-09-23,2,10,比特星,東網馬經,西門獨,西門獨貼士,https://racing.on.cc/racing/fav/current/rjfavf0101x0.html,news,oncc
2026-09-25 05:14:49,2026-09-23,2,4,馬馳登,東網馬經,西門獨,西門獨貼士,https://racing.on.cc/racing/fav/current/rjfavf0101x0.html,news,oncc
2026-09-25 05:14:49,2026-09-23,2,9,開心五月,東網馬經,西門獨,西門獨貼士,https://racing.on.cc/racing/fav/current/rjfavf0101x0.html,news,oncc
2026-09-25 05:14:49,2026-09-23,2,11,有盈勇士,東網馬經,西門獨,西門獨貼士,https://racing.on.cc/racing/fav/current/rjfavf0101x0.html,news,oncc
2026-09-25 05:14:49,2026-09-23,2,7,銀刺勇士,東網馬經,西門獨,西門獨貼士,https://racing.on.cc/racing/fav/current/rjfavf0101x0.html,news,oncc
2026-09-25 05:14:49,2026-09-23,3,2,贏玥,東網馬經,西門獨,西門獨貼士,https://racing.on.cc/racing/fav/current/rjfavf0101x0.html,news,oncc
2026-09-25 05:14:49,2026-09-23,3,8,蹺妙,東網馬經,西門獨,西門獨貼士,https://racing.on.cc/racing/fav/current/rjfavf0101x0.html,news,oncc
2026-09-25 05:14:49,2026-09-23,3,5,凝妙星,東網馬經,西門獨,西門獨貼士,https://racing.on.cc/racing/fav/current/rjfavf0101x0.html,news,oncc
2026-09-25 05:14:49,2026-09-23,3,7,有情有義,東網馬經,西門獨,西門獨貼士,https://racing.on.cc/racing/fav/current/rjfavf0101x0.html,news,oncc
2026-09-25 05:14:49,2026-09-23,3,9,越駿齊歡,東網馬經,西門獨,西門獨貼士,https://racing.on.cc/racing/fav/current/rjfavf0101x0.html,news,oncc
2026-09-25 05:14:49,2026-09-23,4,1,沙井之友,東網馬經,西門獨,西門獨貼士,https://racing.on.cc/racing/fav/current/rjfavf0101x0.html,news,oncc
2026-09-25 05:14:49,2026-09-23,4,6,快樂神駒,東網馬經,西門獨,西門獨貼士,https://racing.on.cc/racing/fav/current/rjfavf0101x0.html,news,oncc
2026-09-25 05:14:49,2026-09-23,4,3,應龍飛影,東網馬經,西門獨,西門獨貼士,https://racing.on.cc/racing/fav/current/rjfavf0101x0.html,news,oncc
2026-09-25 05:14:49,2026-09-23,4,9,將傲,東網馬經,西門獨,西門獨貼士,https://racing.on.cc/racing/fav/current/rjfavf0101x0.html,news,oncc
2026-09-25 05:14:49,2026-09-23,4,4,星辰千帥,東網馬經,西門獨,西門獨貼士,https://racing.on.cc/racing/fav/current/rjfavf0101x0.html,news,oncc
2026-09-25 05:14:49,2026-09-23,5,6,越駿聯歡,東網馬經,西門獨,西門獨貼士,https://racing.on.cc/racing/fav/current/rjfavf0101x0.html,news,oncc
2026-09-25 05:14:49,2026-09-23,5,5,創科群英,東網馬經,西門獨,西門獨貼士,https://racing.on.cc/racing/fav/current/rjfavf0101x0.html,news,oncc
2026-09-25 05:14:49,2026-09-23,5,3,大學生,東網馬經,西門獨,西門獨貼士,https://racing.on.cc/racing/fav/current/rjfavf0101x0.html,news,oncc
2026-09-25 05:14:49,2026-09-23,5,1,本領非凡,東網馬經,西門獨,西門獨貼士,https://racing.on.cc/racing/fav/current/rjfavf0101x0.html,news,oncc
2026-09-25 05:14:49,2026-09-23,5,4,赤風驪,東網馬經,西門獨,西門獨貼士,https://racing.on.cc/racing/fav/current/rjfavf0101x0.html,news,oncc
2026-09-25 05:14:49,2026-09-23,6,4,巴閉王,東網馬經,西門獨,西門獨貼士,https://racing.on.cc/racing/fav/current/rjfavf0101x0.html,news,oncc
2026-09-25 05:14:49,2026-09-23,6,1,福進,東網馬經,西門獨,西門獨貼士,https://racing.on.cc/racing/fav/current/rjfavf0101x0.html,news,oncc
2026-09-25 05:14:49,2026-09-23,6,9,天火同人,東網馬經,西門獨,西門獨貼士,https://racing.on.cc/racing/fav/current/rjfavf0101x0.html,news,oncc
2026-09-25 05:14:49,2026-09-23,6,12,馬運高,東網馬經,西門獨,西門獨貼士,https://racing.on.cc/racing/fav/current/rjfavf0101x0.html,news,oncc
2026-09-25 05:14:49,2026-09-23,6,8,螢影飛馳,東網馬經,西門獨,西門獨貼士,https://racing.on.cc/racing/fav/current/rjfavf0101x0.html,news,oncc
2026-09-25 05:14:49,2026-09-23,7,1,東來欣賞,東網馬經,西門獨,西門獨貼士,https://racing.on.cc/racing/fav/current/rjfavf0101x0.html,news,oncc
2026-09-25 05:14:49,2026-09-23,7,12,丞匡掠影,東網馬經,西門獨,西門獨貼士,https://racing.on.cc/racing/fav/current/rjfavf0101x0.html,news,oncc
2026-09-25 05:14:49,2026-09-23,7,9,安康萬里,東網馬經,西門獨,西門獨貼士,https://racing.on.cc/racing/fav/current/rjfavf0101x0.html,news,oncc
2026-09-25 05:14:49,2026-09-23,7,8,首飾悟空,東網馬經,西門獨,西門獨貼士,https://racing.on.cc/racing/fav/current/rjfavf0101x0.html,news,oncc
2026-09-25 05:14:49,2026-09-23,7,3,天星,東網馬經,西門獨,西門獨貼士,https://racing.on.cc/racing/fav/current/rjfavf0101x0.html,news,oncc
2026-09-25 05:14:49,2026-09-23,8,9,蓮冠皇,東網馬經,西門獨,西門獨貼士,https://racing.on.cc/racing/fav/current/rjfavf0101x0.html,news,oncc
2026-09-25 05:14:49,2026-09-23,8,4,久久為昇,東網馬經,西門獨,西門獨貼士,https://racing.on.cc/racing/fav/current/rjfavf0101x0.html,news,oncc
2026-09-25 05:14:49,2026-09-23,8,8,繼往開來,東網馬經,西門獨,西門獨貼士,https://racing.on.cc/racing/fav/current/rjfavf0101x0.html,news,oncc
2026-09-25 05:14:49,2026-09-23,8,2,團結勇士,東網馬經,西門獨,西門獨貼士,https://racing.on.cc/racing/fav/current/rjfavf0101x0.html,news,oncc
2026-09-25 05:14:49,2026-09-23,8,3,富心星,東網馬經,西門獨,西門獨貼士,https://racing.on.cc/racing/fav/current/rjfavf0101x0.html,news,oncc
2026-09-25 05:14:49,2026-09-23,9,6,將義,東網馬經,西門獨,西門獨貼士,https://racing.on.cc/racing/fav/current/rjfavf0101x0.html,news,oncc
2026-09-25 05:14:49,2026-09-23,9,1,嘉應傳承,東網馬經,西門獨,西門獨貼士,https://racing.on.cc/racing/fav/current/rjfavf0101x0.html,news,oncc
2026-09-25 05:14:49,2026-09-23,9,2,紫荊傳令,東網馬經,西門獨,西門獨貼士,https://racing.on.cc/racing/fav/current/rjfavf0101x0.html,news,oncc
2026-09-25 05:14:49,2026-09-23,9,11,瑪瑙,東網馬經,西門獨,西門獨貼士,https://racing.on.cc/racing/fav/current/rjfavf0101x0.html,news,oncc
2026-09-25 05:14:49,2026-09-23,9,9,中國心,東網馬經,西門獨,西門獨貼士,https://racing.on.cc/racing/fav/current/rjfavf0101x0.html,news,oncc
2026-09-25 05:14:49,2026-09-23,2,5,飛輪霸,東網馬經,諸葛數,西門獨貼士,https://racing.on.cc/racing/fav/current/rjfavf0101x0.html,news,oncc
2026-09-25 05:14:49,2026-09-23,2,4,馬馳登,東網馬經,諸葛數,西門獨貼士,https://racing.on.cc/racing/fav/current/rjfavf0101x0.html,news,oncc
2026-09-25 05:14:49,2026-09-23,2,3,路路勁,東網馬經,諸葛數,西門獨貼士,https://racing.on.cc/racing/fav/current/rjfavf0101x0.html,news,oncc
2026-09-25 05:14:49,2026-09-23,2,1,紅愛舍,東網馬經,諸葛數,西門獨貼士,https://racing.on.cc/racing/fav/current/rjfavf0101x0.html,news,oncc
2026-09-25 05:14:49,2026-09-23,2,7,銀刺勇士,東網馬經,諸葛數,西門獨貼士,https://racing.on.cc/racing/fav/current/rjfavf0101x0.html,news,oncc
2026-09-25 05:14:49,2026-09-23,3,5,凝妙星,東網馬經,諸葛數,西門獨貼士,https://racing.on.cc/racing/fav/current/rjfavf0101x0.html,news,oncc
2026-09-25 05:14:49,2026-09-23,3,1,星願無限,東網馬經,諸葛數,西門獨貼士,https://racing.on.cc/racing/fav/current/rjfavf0101x0.html,news,oncc
2026-09-25 05:14:49,2026-09-23,3,3,彩虹七色,東網馬經,諸葛數,西門獨貼士,https://racing.on.cc/racing/fav/current/rjfavf0101x0.html,news,oncc
2026-09-25 05:14:49,2026-09-23,3,2,贏玥,東網馬經,諸葛數,西門獨貼士,https://racing.on.cc/racing/fav/current/rjfavf0101x0.html,news,oncc
2026-09-25 05:14:49,2026-09-23,3,6,領航天子,東網馬經,諸葛數,西門獨貼士,https://racing.on.cc/racing/fav/current/rjfavf0101x0.html,news,oncc
2026-09-25 05:14:49,2026-09-23,4,3,應龍飛影,東網馬經,諸葛數,西門獨貼士,https://racing.on.cc/racing/fav/current/rjfavf0101x0.html,news,oncc
2026-09-25 05:14:49,2026-09-23,4,4,星辰千帥,東網馬經,諸葛數,西門獨貼士,https://racing.on.cc/racing/fav/current/rjfavf0101x0.html,news,oncc
2026-09-25 05:14:49,2026-09-23,4,6,快樂神駒,東網馬經,諸葛數,西門獨貼士,https://racing.on.cc/racing/fav/current/rjfavf0101x0.html,news,oncc
2026-09-25 05:14:49,2026-09-23,4,12,三強,東網馬經,諸葛數,西門獨貼士,https://racing.on.cc/racing/fav/current/rjfavf0101x0.html,news,oncc
2026-09-25 05:14:49,2026-09-23,4,1,沙井之友,東網馬經,諸葛數,西門獨貼士,https://racing.on.cc/racing/fav/current/rjfavf0101x0.html,news,oncc
2026-09-25 05:14:49,2026-09-23,5,5,創科群英,東網馬經,諸葛數,西門獨貼士,https://racing.on.cc/racing/fav/current/rjfavf0101x0.html,news,oncc
2026-09-25 05:14:49,2026-09-23,5,3,大學生,東網馬經,諸葛數,西門獨貼士,https://racing.on.cc/racing/fav/current/rjfavf0101x0.html,news,oncc
2026-09-25 05:14:49,2026-09-23,5,9,爆竹,東網馬經,諸葛數,西門獨貼士,https://racing.on.cc/racing/fav/current/rjfavf0101x0.html,news,oncc
2026-09-25 05:14:49,2026-09-23,5,1,本領非凡,東網馬經,諸葛數,西門獨貼士,https://racing.on.cc/racing/fav/current/rjfavf0101x0.html,news,oncc
2026-09-25 05:14:49,2026-09-23,5,7,滿洛城,東網馬經,諸葛數,西門獨貼士,https://racing.on.cc/racing/fav/current/rjfavf0101x0.html,news,oncc
2026-09-25 05:14:49,2026-09-23,6,1,福進,東網馬經,諸葛數,西門獨貼士,https://racing.on.cc/racing/fav/current/rjfavf0101x0.html,news,oncc
2026-09-25 05:14:49,2026-09-23,6,4,巴閉王,東網馬經,諸葛數,西門獨貼士,https://racing.on.cc/racing/fav/current/rjfavf0101x0.html,news,oncc
2026-09-25 05:14:49,2026-09-23,6,3,藍地球,東網馬經,諸葛數,西門獨貼士,https://racing.on.cc/racing/fav/current/rjfavf0101x0.html,news,oncc
2026-09-25 05:14:49,2026-09-23,6,5,佐治傳奇,東網馬經,諸葛數,西門獨貼士,https://racing.on.cc/racing/fav/current/rjfavf0101x0.html,news,oncc
2026-09-25 05:14:49,2026-09-23,6,12,馬運高,東網馬經,諸葛數,西門獨貼士,https://racing.on.cc/racing/fav/current/rjfavf0101x0.html,news,oncc
2026-09-25 05:14:49,2026-09-23,7,10,正極,東網馬經,諸葛數,西門獨貼士,https://racing.on.cc/racing/fav/current/rjfavf0101x0.html,news,oncc
2026-09-25 05:14:49,2026-09-23,7,3,天星,東網馬經,諸葛數,西門獨貼士,https://racing.on.cc/racing/fav/current/rjfavf0101x0.html,news,oncc
2026-09-25 05:14:49,2026-09-23,7,2,乘數表,東網馬經,諸葛數,西門獨貼士,https://racing.on.cc/racing/fav/current/rjfavf0101x0.html,news,oncc
2026-09-25 05:14:49,2026-09-23,7,12,丞匡掠影,東網馬經,諸葛數,西門獨貼士,https://racing.on.cc/racing/fav/current/rjfavf0101x0.html,news,oncc
2026-09-25 05:14:49,2026-09-23,7,11,盈妍威楓,東網馬經,諸葛數,西門獨貼士,https://racing.on.cc/racing/fav/current/rjfavf0101x0.html,news,oncc
2026-09-25 05:14:49,2026-09-23,8,11,驕陽雄心,東網馬經,諸葛數,西門獨貼士,https://racing.on.cc/racing/fav/current/rjfavf0101x0.html,news,oncc
2026-09-25 05:14:49,2026-09-23,8,1,人和家興,東網馬經,諸葛數,西門獨貼士,https://racing.on.cc/racing/fav/current/rjfavf0101x0.html,news,oncc
2026-09-25 05:14:49,2026-09-23,8,4,久久為昇,東網馬經,諸葛數,西門獨貼士,https://racing.on.cc/racing/fav/current/rjfavf0101x0.html,news,oncc
2026-09-25 05:14:49,2026-09-23,8,5,飛馬座,東網馬經,諸葛數,西門獨貼士,https://racing.on.cc/racing/fav/current/rjfavf0101x0.html,news,oncc
2026-09-25 05:14:49,2026-09-23,8,7,勇霸龍,東網馬經,諸葛數,西門獨貼士,https://racing.on.cc/racing/fav/current/rjfavf0101x0.html,news,oncc
2026-09-25 05:14:49,2026-09-23,9,10,風將,東網馬經,諸葛數,西門獨貼士,https://racing.on.cc/racing/fav/current/rjfavf0101x0.html,news,oncc
2026-09-25 05:14:49,2026-09-23,9,5,好實力,東網馬經,諸葛數,西門獨貼士,https://racing.on.cc/racing/fav/current/rjfavf0101x0.html,news,oncc
2026-09-25 05:14:49,2026-09-23,9,9,中國心,東網馬經,諸葛數,西門獨貼士,https://racing.on.cc/racing/fav/current/rjfavf0101x0.html,news,oncc
2026-09-25 05:14:49,2026-09-23,9,4,平凡騎士,東網馬經,諸葛數,西門獨貼士,https://racing.on.cc/racing/fav/current/rjfavf0101x0.html,news,oncc
2026-09-25 05:14:49,2026-09-23,9,3,凌登,東網馬經,諸葛數,西門獨貼士,https://racing.on.cc/racing/fav/current/rjfavf0101x0.html,news,oncc
2026-09-25 05:14:49,2026-09-23,2,9,開心五月,東網馬經,陳志懷,西門獨貼士,https://racing.on.cc/racing/fav/current/rjfavf0101x0.html,news,oncc
2026-09-25 05:14:49,2026-09-23,2,4,馬馳登,東網馬經,陳志懷,西門獨貼士,https://racing.on.cc/racing/fav/current/rjfavf0101x0.html,news,oncc
2026-09-25 05:14:49,2026-09-23,2,7,銀刺勇士,東網馬經,陳志懷,西門獨貼士,https://racing.on.cc/racing/fav/current/rjfavf0101x0.html,news,oncc
2026-09-25 05:14:49,2026-09-23,2,3,路路勁,東網馬經,陳志懷,西門獨貼士,https://racing.on.cc/racing/fav/current/rjfavf0101x0.html,news,oncc
2026-09-25 05:14:49,2026-09-23,2,11,有盈勇士,東網馬經,陳志懷,西門獨貼士,https://racing.on.cc/racing/fav/current/rjfavf0101x0.html,news,oncc
2026-09-25 05:14:49,2026-09-23,3,2,贏玥,東網馬經,陳志懷,西門獨貼士,https://racing.on.cc/racing/fav/current/rjfavf0101x0.html,news,oncc
2026-09-25 05:14:49,2026-09-23,3,5,凝妙星,東網馬經,陳志懷,西門獨貼士,https://racing.on.cc/racing/fav/current/rjfavf0101x0.html,news,oncc
2026-09-25 05:14:49,2026-09-23,3,9,越駿齊歡,東網馬經,陳志懷,西門獨貼士,https://racing.on.cc/racing/fav/current/rjfavf0101x0.html,news,oncc
2026-09-25 05:14:49,2026-09-23,3,6,領航天子,東網馬經,陳志懷,西門獨貼士,https://racing.on.cc/racing/fav/current/rjfavf0101x0.html,news,oncc
2026-09-25 05:14:49,2026-09-23,3,7,有情有義,東網馬經,陳志懷,西門獨貼士,https://racing.on.cc/racing/fav/current/rjfavf0101x0.html,news,oncc
2026-09-25 05:14:49,2026-09-23,4,3,應龍飛影,東網馬經,陳志懷,西門獨貼士,https://racing.on.cc/racing/fav/current/rjfavf0101x0.html,news,oncc
2026-09-25 05:14:49,2026-09-23,4,6,快樂神駒,東網馬經,陳志懷,西門獨貼士,https://racing.on.cc/racing/fav/current/rjfavf0101x0.html,news,oncc
2026-09-25 05:14:49,2026-09-23,4,9,將傲,東網馬經,陳志懷,西門獨貼士,https://racing.on.cc/racing/fav/current/rjfavf0101x0.html,news,oncc
2026-09-25 05:14:49,2026-09-23,4,2,智勝一籌,東網馬經,陳志懷,西門獨貼士,https://racing.on.cc/racing/fav/current/rjfavf0101x0.html,news,oncc
2026-09-25 05:14:49,2026-09-23,4,11,焦點,東網馬經,陳志懷,西門獨貼士,https://racing.on.cc/racing/fav/current/rjfavf0101x0.html,news,oncc
2026-09-25 05:14:49,2026-09-23,5,2,大文豪,東網馬經,陳志懷,西門獨貼士,https://racing.on.cc/racing/fav/current/rjfavf0101x0.html,news,oncc
2026-09-25 05:14:49,2026-09-23,5,5,創科群英,東網馬經,陳志懷,西門獨貼士,https://racing.on.cc/racing/fav/current/rjfavf0101x0.html,news,oncc
2026-09-25 05:14:49,2026-09-23,5,6,越駿聯歡,東網馬經,陳志懷,西門獨貼士,https://racing.on.cc/racing/fav/current/rjfavf0101x0.html,news,oncc
2026-09-25 05:14:49,2026-09-23,5,12,同心,東網馬經,陳志懷,西門獨貼士,https://racing.on.cc/racing/fav/current/rjfavf0101x0.html,news,oncc
2026-09-25 05:14:49,2026-09-23,5,7,滿洛城,東網馬經,陳志懷,西門獨貼士,https://racing.on.cc/racing/fav/current/rjfavf0101x0.html,news,oncc
2026-09-25 05:14:49,2026-09-23,6,9,天火同人,東網馬經,陳志懷,西門獨貼士,https://racing.on.cc/racing/fav/current/rjfavf0101x0.html,news,oncc
2026-09-25 05:14:49,2026-09-23,6,4,巴閉王,東網馬經,陳志懷,西門獨貼士,https://racing.on.cc/racing/fav/current/rjfavf0101x0.html,news,oncc
2026-09-25 05:14:49,2026-09-23,6,1,福進,東網馬經,陳志懷,西門獨貼士,https://racing.on.cc/racing/fav/current/rjfavf0101x0.html,news,oncc
2026-09-25 05:14:49,2026-09-23,6,5,佐治傳奇,東網馬經,陳志懷,西門獨貼士,https://racing.on.cc/racing/fav/current/rjfavf0101x0.html,news,oncc
2026-09-25 05:14:49,2026-09-23,6,12,馬運高,東網馬經,陳志懷,西門獨貼士,https://racing.on.cc/racing/fav/current/rjfavf0101x0.html,news,oncc
2026-09-25 05:14:49,2026-09-23,7,3,天星,東網馬經,陳志懷,西門獨貼士,https://racing.on.cc/racing/fav/current/rjfavf0101x0.html,news,oncc
2026-09-25 05:14:49,2026-09-23,7,2,乘數表,東網馬經,陳志懷,西門獨貼士,https://racing.on.cc/racing/fav/current/rjfavf0101x0.html,news,oncc
2026-09-25 05:14:49,2026-09-23,7,1,東來欣賞,東網馬經,陳志懷,西門獨貼士,https://racing.on.cc/racing/fav/current/rjfavf0101x0.html,news,oncc
2026-09-25 05:14:49,2026-09-23,7,8,首飾悟空,東網馬經,陳志懷,西門獨貼士,https://racing.on.cc/racing/fav/current/rjfavf0101x0.html,news,oncc
2026-09-25 05:14:49,2026-09-23,7,12,丞匡掠影,東網馬經,陳志懷,西門獨貼士,https://racing.on.cc/racing/fav/current/rjfavf0101x0.html,news,oncc
2026-09-25 05:14:49,2026-09-23,8,8,繼往開來,東網馬經,陳志懷,西門獨貼士,https://racing.on.cc/racing/fav/current/rjfavf0101x0.html,news,oncc
2026-09-25 05:14:49,2026-09-23,8,1,人和家興,東網馬經,陳志懷,西門獨貼士,https://racing.on.cc/racing/fav/current/rjfavf0101x0.html,news,oncc
2026-09-25 05:14:49,2026-09-23,8,4,久久為昇,東網馬經,陳志懷,西門獨貼士,https://racing.on.cc/racing/fav/current/rjfavf0101x0.html,news,oncc
2026-09-25 05:14:49,2026-09-23,8,6,富國兄弟,東網馬經,陳志懷,西門獨貼士,https://racing.on.cc/racing/fav/current/rjfavf0101x0.html,news,oncc
2026-09-25 05:14:49,2026-09-23,8,11,驕陽雄心,東網馬經,陳志懷,西門獨貼士,https://racing.on.cc/racing/fav/current/rjfavf0101x0.html,news,oncc
2026-09-25 05:14:49,2026-09-23,9,10,風將,東網馬經,陳志懷,西門獨貼士,https://racing.on.cc/racing/fav/current/rjfavf0101x0.html,news,oncc
2026-09-25 05:14:49,2026-09-23,9,1,嘉應傳承,東網馬經,陳志懷,西門獨貼士,https://racing.on.cc/racing/fav/current/rjfavf0101x0.html,news,oncc
2026-09-25 05:14:49,2026-09-23,9,9,中國心,東網馬經,陳志懷,西門獨貼士,https://racing.on.cc/racing/fav/current/rjfavf0101x0.html,news,oncc
2026-09-25 05:14:49,2026-09-23,9,8,豐辰,東網馬經,陳志懷,西門獨貼士,https://racing.on.cc/racing/fav/current/rjfavf0101x0.html,news,oncc
2026-09-25 05:14:49,2026-09-23,9,6,將義,東網馬經,陳志懷,西門獨貼士,https://racing.on.cc/racing/fav/current/rjfavf0101x0.html,news,oncc
2026-09-25 05:14:49,2026-09-23,2,4,馬馳登,東網馬經,明治朗,西門獨貼士,https://racing.on.cc/racing/fav/current/rjfavf0101x0.html,news,oncc
2026-09-25 05:14:49,2026-09-23,2,10,比特星,東網馬經,明治朗,西門獨貼士,https://racing.on.cc/racing/fav/current/rjfavf0101x0.html,news,oncc
2026-09-25 05:14:49,2026-09-23,2,7,銀刺勇士,東網馬經,明治朗,西門獨貼士,https://racing.on.cc/racing/fav/current/rjfavf0101x0.html,news,oncc
2026-09-25 05:14:49,2026-09-23,2,11,有盈勇士,東網馬經,明治朗,西門獨貼士,https://racing.on.cc/racing/fav/current/rjfavf0101x0.html,news,oncc
2026-09-25 05:14:49,2026-09-23,2,1,紅愛舍,東網馬經,明治朗,西門獨貼士,https://racing.on.cc/racing/fav/current/rjfavf0101x0.html,news,oncc
2026-09-25 05:14:49,2026-09-23,3,12,得意佳作,東網馬經,明治朗,西門獨貼士,https://racing.on.cc/racing/fav/current/rjfavf0101x0.html,news,oncc
2026-09-25 05:14:49,2026-09-23,3,2,贏玥,東網馬經,明治朗,西門獨貼士,https://racing.on.cc/racing/fav/current/rjfavf0101x0.html,news,oncc
2026-09-25 05:14:49,2026-09-23,3,5,凝妙星,東網馬經,明治朗,西門獨貼士,https://racing.on.cc/racing/fav/current/rjfavf0101x0.html,news,oncc
2026-09-25 05:14:49,2026-09-23,3,7,有情有義,東網馬經,明治朗,西門獨貼士,https://racing.on.cc/racing/fav/current/rjfavf0101x0.html,news,oncc
2026-09-25 05:14:49,2026-09-23,3,6,領航天子,東網馬經,明治朗,西門獨貼士,https://racing.on.cc/racing/fav/current/rjfavf0101x0.html,news,oncc
2026-09-25 05:14:49,2026-09-23,4,4,星辰千帥,東網馬經,明治朗,西門獨貼士,https://racing.on.cc/racing/fav/current/rjfavf0101x0.html,news,oncc
2026-09-25 05:14:49,2026-09-23,4,6,快樂神駒,東網馬經,明治朗,西門獨貼士,https://racing.on.cc/racing/fav/current/rjfavf0101x0.html,news,oncc
2026-09-25 05:14:49,2026-09-23,4,1,沙井之友,東網馬經,明治朗,西門獨貼士,https://racing.on.cc/racing/fav/current/rjfavf0101x0.html,news,oncc
2026-09-25 05:14:49,2026-09-23,4,3,應龍飛影,東網馬經,明治朗,西門獨貼士,https://racing.on.cc/racing/fav/current/rjfavf0101x0.html,news,oncc
2026-09-25 05:14:49,2026-09-23,4,7,震撼人心,東網馬經,明治朗,西門獨貼士,https://racing.on.cc/racing/fav/current/rjfavf0101x0.html,news,oncc
2026-09-25 05:14:49,2026-09-23,5,5,創科群英,東網馬經,明治朗,西門獨貼士,https://racing.on.cc/racing/fav/current/rjfavf0101x0.html,news,oncc
2026-09-25 05:14:49,2026-09-23,5,6,越駿聯歡,東網馬經,明治朗,西門獨貼士,https://racing.on.cc/racing/fav/current/rjfavf0101x0.html,news,oncc
2026-09-25 05:14:49,2026-09-23,5,1,本領非凡,東網馬經,明治朗,西門獨貼士,https://racing.on.cc/racing/fav/current/rjfavf0101x0.html,news,oncc
2026-09-25 05:14:49,2026-09-23,5,8,金駒永騰,東網馬經,明治朗,西門獨貼士,https://racing.on.cc/racing/fav/current/rjfavf0101x0.html,news,oncc
2026-09-25 05:14:49,2026-09-23,5,4,赤風驪,東網馬經,明治朗,西門獨貼士,https://racing.on.cc/racing/fav/current/rjfavf0101x0.html,news,oncc
2026-09-25 05:14:49,2026-09-23,6,4,巴閉王,東網馬經,明治朗,西門獨貼士,https://racing.on.cc/racing/fav/current/rjfavf0101x0.html,news,oncc
2026-09-25 05:14:49,2026-09-23,6,11,萬眾開心,東網馬經,明治朗,西門獨貼士,https://racing.on.cc/racing/fav/current/rjfavf0101x0.html,news,oncc
2026-09-25 05:14:49,2026-09-23,6,9,天火同人,東網馬經,明治朗,西門獨貼士,https://racing.on.cc/racing/fav/current/rjfavf0101x0.html,news,oncc
2026-09-25 05:14:49,2026-09-23,6,1,福進,東網馬經,明治朗,西門獨貼士,https://racing.on.cc/racing/fav/current/rjfavf0101x0.html,news,oncc
2026-09-25 05:14:49,2026-09-23,6,5,佐治傳奇,東網馬經,明治朗,西門獨貼士,https://racing.on.cc/racing/fav/current/rjfavf0101x0.html,news,oncc
2026-09-25 05:14:49,2026-09-23,7,12,丞匡掠影,東網馬經,明治朗,西門獨貼士,https://racing.on.cc/racing/fav/current/rjfavf0101x0.html,news,oncc
2026-09-25 05:14:49,2026-09-23,7,11,盈妍威楓,東網馬經,明治朗,西門獨貼士,https://racing.on.cc/racing/fav/current/rjfavf0101x0.html,news,oncc
2026-09-25 05:14:49,2026-09-23,7,10,正極,東網馬經,明治朗,西門獨貼士,https://racing.on.cc/racing/fav/current/rjfavf0101x0.html,news,oncc
2026-09-25 05:14:49,2026-09-23,7,8,首飾悟空,東網馬經,明治朗,西門獨貼士,https://racing.on.cc/racing/fav/current/rjfavf0101x0.html,news,oncc
2026-09-25 05:14:49,2026-09-23,7,3,天星,東網馬經,明治朗,西門獨貼士,https://racing.on.cc/racing/fav/current/rjfavf0101x0.html,news,oncc
2026-09-25 05:14:49,2026-09-23,8,11,驕陽雄心,東網馬經,明治朗,西門獨貼士,https://racing.on.cc/racing/fav/current/rjfavf0101x0.html,news,oncc
2026-09-25 05:14:49,2026-09-23,8,8,繼往開來,東網馬經,明治朗,西門獨貼士,https://racing.on.cc/racing/fav/current/rjfavf0101x0.html,news,oncc
2026-09-25 05:14:49,2026-09-23,8,4,久久為昇,東網馬經,明治朗,西門獨貼士,https://racing.on.cc/racing/fav/current/rjfavf0101x0.html,news,oncc
2026-09-25 05:14:49,2026-09-23,8,2,團結勇士,東網馬經,明治朗,西門獨貼士,https://racing.on.cc/racing/fav/current/rjfavf0101x0.html,news,oncc
2026-09-25 05:14:49,2026-09-23,8,3,富心星,東網馬經,明治朗,西門獨貼士,https://racing.on.cc/racing/fav/current/rjfavf0101x0.html,news,oncc
2026-09-25 05:14:49,2026-09-23,9,8,豐辰,東網馬經,明治朗,西門獨貼士,https://racing.on.cc/racing/fav/current/rjfavf0101x0.html,news,oncc
2026-09-25 05:14:49,2026-09-23,9,7,浪漫鬥士,東網馬經,明治朗,西門獨貼士,https://racing.on.cc/racing/fav/current/rjfavf0101x0.html,news,oncc
2026-09-25 05:14:49,2026-09-23,9,1,嘉應傳承,東網馬經,明治朗,西門獨貼士,https://racing.on.cc/racing/fav/current/rjfavf0101x0.html,news,oncc
2026-09-25 05:14:49,2026-09-23,9,2,紫荊傳令,東網馬經,明治朗,西門獨貼士,https://racing.on.cc/racing/fav/current/rjfavf0101x0.html,news,oncc
2026-09-25 05:14:49,2026-09-23,9,5,好實力,東網馬經,明治朗,西門獨貼士,https://racing.on.cc/racing/fav/current/rjfavf0101x0.html,news,oncc
2026-09-25 05:14:49,2026-09-23,2,4,馬馳登,東網馬經,兆文,西門獨貼士,https://racing.on.cc/racing/fav/current/rjfavf0101x0.html,news,oncc
2026-09-25 05:14:49,2026-09-23,2,3,路路勁,東網馬經,兆文,西門獨貼士,https://racing.on.cc/racing/fav/current/rjfavf0101x0.html,news,oncc
2026-09-25 05:14:49,2026-09-23,2,7,銀刺勇士,東網馬經,兆文,西門獨貼士,https://racing.on.cc/racing/fav/current/rjfavf0101x0.html,news,oncc
2026-09-25 05:14:49,2026-09-23,2,8,鄉村威龍,東網馬經,兆文,西門獨貼士,https://racing.on.cc/racing/fav/current/rjfavf0101x0.html,news,oncc
2026-09-25 05:14:49,2026-09-23,2,1,紅愛舍,東網馬經,兆文,西門獨貼士,https://racing.on.cc/racing/fav/current/rjfavf0101x0.html,news,oncc
2026-09-25 05:14:49,2026-09-23,3,8,蹺妙,東網馬經,兆文,西門獨貼士,https://racing.on.cc/racing/fav/current/rjfavf0101x0.html,news,oncc
2026-09-25 05:14:49,2026-09-23,3,2,贏玥,東網馬經,兆文,西門獨貼士,https://racing.on.cc/racing/fav/current/rjfavf0101x0.html,news,oncc
2026-09-25 05:14:49,2026-09-23,3,7,有情有義,東網馬經,兆文,西門獨貼士,https://racing.on.cc/racing/fav/current/rjfavf0101x0.html,news,oncc
2026-09-25 05:14:49,2026-09-23,3,5,凝妙星,東網馬經,兆文,西門獨貼士,https://racing.on.cc/racing/fav/current/rjfavf0101x0.html,news,oncc
2026-09-25 05:14:49,2026-09-23,3,12,得意佳作,東網馬經,兆文,西門獨貼士,https://racing.on.cc/racing/fav/current/rjfavf0101x0.html,news,oncc
2026-09-25 05:14:49,2026-09-23,4,6,快樂神駒,東網馬經,兆文,西門獨貼士,https://racing.on.cc/racing/fav/current/rjfavf0101x0.html,news,oncc
2026-09-25 05:14:49,2026-09-23,4,4,星辰千帥,東網馬經,兆文,西門獨貼士,https://racing.on.cc/racing/fav/current/rjfavf0101x0.html,news,oncc
2026-09-25 05:14:49,2026-09-23,4,11,焦點,東網馬經,兆文,西門獨貼士,https://racing.on.cc/racing/fav/current/rjfavf0101x0.html,news,oncc
2026-09-25 05:14:49,2026-09-23,4,3,應龍飛影,東網馬經,兆文,西門獨貼士,https://racing.on.cc/racing/fav/current/rjfavf0101x0.html,news,oncc
2026-09-25 05:14:49,2026-09-23,4,1,沙井之友,東網馬經,兆文,西門獨貼士,https://racing.on.cc/racing/fav/current/rjfavf0101x0.html,news,oncc
2026-09-25 05:14:49,2026-09-23,5,7,滿洛城,東網馬經,兆文,西門獨貼士,https://racing.on.cc/racing/fav/current/rjfavf0101x0.html,news,oncc
2026-09-25 05:14:49,2026-09-23,5,5,創科群英,東網馬經,兆文,西門獨貼士,https://racing.on.cc/racing/fav/current/rjfavf0101x0.html,news,oncc
2026-09-25 05:14:49,2026-09-23,5,8,金駒永騰,東網馬經,兆文,西門獨貼士,https://racing.on.cc/racing/fav/current/rjfavf0101x0.html,news,oncc
2026-09-25 05:14:49,2026-09-23,5,6,越駿聯歡,東網馬經,兆文,西門獨貼士,https://racing.on.cc/racing/fav/current/rjfavf0101x0.html,news,oncc
2026-09-25 05:14:49,2026-09-23,5,9,爆竹,東網馬經,兆文,西門獨貼士,https://racing.on.cc/racing/fav/current/rjfavf0101x0.html,news,oncc
2026-09-25 05:14:49,2026-09-23,6,4,巴閉王,東網馬經,兆文,西門獨貼士,https://racing.on.cc/racing/fav/current/rjfavf0101x0.html,news,oncc
2026-09-25 05:14:49,2026-09-23,6,1,福進,東網馬經,兆文,西門獨貼士,https://racing.on.cc/racing/fav/current/rjfavf0101x0.html,news,oncc
2026-09-25 05:14:49,2026-09-23,6,9,天火同人,東網馬經,兆文,西門獨貼士,https://racing.on.cc/racing/fav/current/rjfavf0101x0.html,news,oncc
2026-09-25 05:14:49,2026-09-23,6,5,佐治傳奇,東網馬經,兆文,西門獨貼士,https://racing.on.cc/racing/fav/current/rjfavf0101x0.html,news,oncc
2026-09-25 05:14:49,2026-09-23,6,6,升升雙息,東網馬經,兆文,西門獨貼士,https://racing.on.cc/racing/fav/current/rjfavf0101x0.html,news,oncc
2026-09-25 05:14:49,2026-09-23,7,1,東來欣賞,東網馬經,兆文,西門獨貼士,https://racing.on.cc/racing/fav/current/rjfavf0101x0.html,news,oncc
2026-09-25 05:14:49,2026-09-23,7,8,首飾悟空,東網馬經,兆文,西門獨貼士,https://racing.on.cc/racing/fav/current/rjfavf0101x0.html,news,oncc
2026-09-25 05:14:49,2026-09-23,7,12,丞匡掠影,東網馬經,兆文,西門獨貼士,https://racing.on.cc/racing/fav/current/rjfavf0101x0.html,news,oncc
2026-09-25 05:14:49,2026-09-23,7,3,天星,東網馬經,兆文,西門獨貼士,https://racing.on.cc/racing/fav/current/rjfavf0101x0.html,news,oncc
2026-09-25 05:14:49,2026-09-23,7,9,安康萬里,東網馬經,兆文,西門獨貼士,https://racing.on.cc/racing/fav/current/rjfavf0101x0.html,news,oncc
2026-09-25 05:14:49,2026-09-23,8,12,亞機拉,東網馬經,兆文,西門獨貼士,https://racing.on.cc/racing/fav/current/rjfavf0101x0.html,news,oncc
2026-09-25 05:14:49,2026-09-23,8,8,繼往開來,東網馬經,兆文,西門獨貼士,https://racing.on.cc/racing/fav/current/rjfavf0101x0.html,news,oncc
2026-09-25 05:14:49,2026-09-23,8,11,驕陽雄心,東網馬經,兆文,西門獨貼士,https://racing.on.cc/racing/fav/current/rjfavf0101x0.html,news,oncc
2026-09-25 05:14:49,2026-09-23,8,1,人和家興,東網馬經,兆文,西門獨貼士,https://racing.on.cc/racing/fav/current/rjfavf0101x0.html,news,oncc
2026-09-25 05:14:49,2026-09-23,8,6,富國兄弟,東網馬經,兆文,西門獨貼士,https://racing.on.cc/racing/fav/current/rjfavf0101x0.html,news,oncc
2026-09-25 05:14:49,2026-09-23,9,10,風將,東網馬經,兆文,西門獨貼士,https://racing.on.cc/racing/fav/current/rjfavf0101x0.html,news,oncc
2026-09-25 05:14:49,2026-09-23,9,8,豐辰,東網馬經,兆文,西門獨貼士,https://racing.on.cc/racing/fav/current/rjfavf0101x0.html,news,oncc
2026-09-25 05:14:49,2026-09-23,9,2,紫荊傳令,東網馬經,兆文,西門獨貼士,https://racing.on.cc/racing/fav/current/rjfavf0101x0.html,news,oncc
2026-09-25 05:14:49,2026-09-23,9,4,平凡騎士,東網馬經,兆文,西門獨貼士,https://racing.on.cc/racing/fav/current/rjfavf0101x0.html,news,oncc
2026-09-25 05:14:49,2026-09-23,9,3,凌登,東網馬經,兆文,西門獨貼士,https://racing.on.cc/racing/fav/current/rjfavf0101x0.html,news,oncc
2026-09-26 05:20:28,2026-09-23,7,1,東來欣賞,東網馬經,卡洛斯,名家推介,https://racing.on.cc/racing/fav/current/rjfavg0001x0.html,news,oncc
2026-09-26 05:20:28,2026-09-23,7,8,首飾悟空,東網馬經,卡洛斯,名家推介,https://racing.on.cc/racing/fav/current/rjfavg0001x0.html,news,oncc
2026-09-26 05:20:28,2026-09-23,7,12,丞匡掠影,東網馬經,卡洛斯,名家推介,https://racing.on.cc/racing/fav/current/rjfavg0001x0.html,news,oncc
2026-09-26 05:20:28,2026-09-23,7,4,競駿皇者,東網馬經,卡洛斯,名家推介,https://racing.on.cc/racing/fav/current/rjfavg0001x0.html,news,oncc
2026-09-26 05:20:28,2026-09-23,8,8,繼往開來,東網馬經,卡洛斯,名家推介,https://racing.on.cc/racing/fav/current/rjfavg0001x0.html,news,oncc
2026-09-26 05:20:28,2026-09-23,8,1,人和家興,東網馬經,卡洛斯,名家推介,https://racing.on.cc/racing/fav/current/rjfavg0001x0.html,news,oncc
2026-09-26 05:20:28,2026-09-23,8,4,久久為昇,東網馬經,卡洛斯,名家推介,https://racing.on.cc/racing/fav/current/rjfavg0001x0.html,news,oncc
2026-09-26 05:20:28,2026-09-23,8,11,驕陽雄心,東網馬經,卡洛斯,名家推介,https://racing.on.cc/racing/fav/current/rjfavg0001x0.html,news,oncc
2026-09-26 05:20:28,2026-09-23,7,12,丞匡掠影,東網馬經,匡公,名家推介,https://racing.on.cc/racing/fav/current/rjfavg0001x0.html,news,oncc
2026-09-26 05:20:28,2026-09-23,7,1,東來欣賞,東網馬經,匡公,名家推介,https://racing.on.cc/racing/fav/current/rjfavg0001x0.html,news,oncc
2026-09-26 05:20:28,2026-09-23,7,8,首飾悟空,東網馬經,匡公,名家推介,https://racing.on.cc/racing/fav/current/rjfavg0001x0.html,news,oncc
2026-09-26 05:20:28,2026-09-23,7,11,盈妍威楓,東網馬經,匡公,名家推介,https://racing.on.cc/racing/fav/current/rjfavg0001x0.html,news,oncc
2026-09-26 05:20:28,2026-09-23,8,8,繼往開來,東網馬經,匡公,名家推介,https://racing.on.cc/racing/fav/current/rjfavg0001x0.html,news,oncc
2026-09-26 05:20:28,2026-09-23,8,11,驕陽雄心,東網馬經,匡公,名家推介,https://racing.on.cc/racing/fav/current/rjfavg0001x0.html,news,oncc
2026-09-26 05:20:28,2026-09-23,8,6,富國兄弟,東網馬經,匡公,名家推介,https://racing.on.cc/racing/fav/current/rjfavg0001x0.html,news,oncc
2026-09-26 05:20:28,2026-09-23,8,4,久久為昇,東網馬經,匡公,名家推介,https://racing.on.cc/racing/fav/current/rjfavg0001x0.html,news,oncc
2026-09-26 05:20:28,2026-09-23,4,9,將傲,東網馬經,金駒,名家推介,https://racing.on.cc/racing/fav/current/rjfavg0001x0.html,news,oncc
2026-09-26 05:20:28,2026-09-23,4,6,快樂神駒,東網馬經,金駒,名家推介,https://racing.on.cc/racing/fav/current/rjfavg0001x0.html,news,oncc
2026-09-26 05:20:28,2026-09-23,4,11,焦點,東網馬經,金駒,名家推介,https://racing.on.cc/racing/fav/current/rjfavg0001x0.html,news,oncc
2026-09-26 05:20:28,2026-09-23,4,4,星辰千帥,東網馬經,金駒,名家推介,https://racing.on.cc/racing/fav/current/rjfavg0001x0.html,news,oncc
2026-09-26 05:20:28,2026-09-23,7,3,天星,東網馬經,金駒,名家推介,https://racing.on.cc/racing/fav/current/rjfavg0001x0.html,news,oncc
2026-09-26 05:20:28,2026-09-23,7,11,盈妍威楓,東網馬經,金駒,名家推介,https://racing.on.cc/racing/fav/current/rjfavg0001x0.html,news,oncc
2026-09-26 05:20:28,2026-09-23,7,10,正極,東網馬經,金駒,名家推介,https://racing.on.cc/racing/fav/current/rjfavg0001x0.html,news,oncc
2026-09-26 05:20:28,2026-09-23,7,8,首飾悟空,東網馬經,金駒,名家推介,https://racing.on.cc/racing/fav/current/rjfavg0001x0.html,news,oncc
2026-09-26 05:20:28,2026-09-23,5,6,越駿聯歡,東網馬經,西門獨,名家推介,https://racing.on.cc/racing/fav/current/rjfavg0001x0.html,news,oncc
2026-09-26 05:20:28,2026-09-23,5,5,創科群英,東網馬經,西門獨,名家推介,https://racing.on.cc/racing/fav/current/rjfavg0001x0.html,news,oncc
2026-09-26 05:20:28,2026-09-23,5,3,大學生,東網馬經,西門獨,名家推介,https://racing.on.cc/racing/fav/current/rjfavg0001x0.html,news,oncc
2026-09-26 05:20:28,2026-09-23,5,1,本領非凡,東網馬經,西門獨,名家推介,https://racing.on.cc/racing/fav/current/rjfavg0001x0.html,news,oncc
2026-09-26 05:20:28,2026-09-23,8,9,蓮冠皇,東網馬經,西門獨,名家推介,https://racing.on.cc/racing/fav/current/rjfavg0001x0.html,news,oncc
2026-09-26 05:20:28,2026-09-23,8,4,久久為昇,東網馬經,西門獨,名家推介,https://racing.on.cc/racing/fav/current/rjfavg0001x0.html,news,oncc
2026-09-26 05:20:28,2026-09-23,8,8,繼往開來,東網馬經,西門獨,名家推介,https://racing.on.cc/racing/fav/current/rjfavg0001x0.html,news,oncc
2026-09-26 05:20:28,2026-09-23,8,2,團結勇士,東網馬經,西門獨,名家推介,https://racing.on.cc/racing/fav/current/rjfavg0001x0.html,news,oncc
2026-09-26 05:20:28,2026-09-23,2,4,馬馳登,東網馬經,諸葛數,名家推介,https://racing.on.cc/racing/fav/current/rjfavg0001x0.html,news,oncc
2026-09-26 05:20:28,2026-09-23,2,1,紅愛舍,東網馬經,諸葛數,名家推介,https://racing.on.cc/racing/fav/current/rjfavg0001x0.html,news,oncc
2026-09-26 05:20:28,2026-09-23,2,3,路路勁,東網馬經,諸葛數,名家推介,https://racing.on.cc/racing/fav/current/rjfavg0001x0.html,news,oncc
2026-09-26 05:20:28,2026-09-23,2,5,飛輪霸,東網馬經,諸葛數,名家推介,https://racing.on.cc/racing/fav/current/rjfavg0001x0.html,news,oncc
2026-09-26 05:20:28,2026-09-23,6,1,福進,東網馬經,諸葛數,名家推介,https://racing.on.cc/racing/fav/current/rjfavg0001x0.html,news,oncc
2026-09-26 05:20:28,2026-09-23,6,4,巴閉王,東網馬經,諸葛數,名家推介,https://racing.on.cc/racing/fav/current/rjfavg0001x0.html,news,oncc
2026-09-26 05:20:28,2026-09-23,6,3,藍地球,東網馬經,諸葛數,名家推介,https://racing.on.cc/racing/fav/current/rjfavg0001x0.html,news,oncc
2026-09-26 05:20:28,2026-09-23,6,5,佐治傳奇,東網馬經,諸葛數,名家推介,https://racing.on.cc/racing/fav/current/rjfavg0001x0.html,news,oncc
2026-09-26 05:20:28,2026-09-23,4,6,快樂神駒,東網馬經,長風,名家推介,https://racing.on.cc/racing/fav/current/rjfavg0001x0.html,news,oncc
2026-09-26 05:20:28,2026-09-23,4,4,星辰千帥,東網馬經,長風,名家推介,https://racing.on.cc/racing/fav/current/rjfavg0001x0.html,news,oncc
2026-09-26 05:20:28,2026-09-23,4,9,將傲,東網馬經,長風,名家推介,https://racing.on.cc/racing/fav/current/rjfavg0001x0.html,news,oncc
2026-09-26 05:20:28,2026-09-23,4,3,應龍飛影,東網馬經,長風,名家推介,https://racing.on.cc/racing/fav/current/rjfavg0001x0.html,news,oncc
2026-09-26 05:20:28,2026-09-23,7,1,東來欣賞,東網馬經,長風,名家推介,https://racing.on.cc/racing/fav/current/rjfavg0001x0.html,news,oncc
2026-09-26 05:20:28,2026-09-23,7,8,首飾悟空,東網馬經,長風,名家推介,https://racing.on.cc/racing/fav/current/rjfavg0001x0.html,news,oncc
2026-09-26 05:20:28,2026-09-23,7,3,天星,東網馬經,長風,名家推介,https://racing.on.cc/racing/fav/current/rjfavg0001x0.html,news,oncc
2026-09-26 05:20:28,2026-09-23,7,11,盈妍威楓,東網馬經,長風,名家推介,https://racing.on.cc/racing/fav/current/rjfavg0001x0.html,news,oncc
2026-09-26 05:20:28,2026-09-23,4,3,應龍飛影,東網馬經,陳志懷,名家推介,https://racing.on.cc/racing/fav/current/rjfavg0001x0.html,news,oncc
2026-09-26 05:20:28,2026-09-23,4,6,快樂神駒,東網馬經,陳志懷,名家推介,https://racing.on.cc/racing/fav/current/rjfavg0001x0.html,news,oncc
2026-09-26 05:20:28,2026-09-23,4,9,將傲,東網馬經,陳志懷,名家推介,https://racing.on.cc/racing/fav/current/rjfavg0001x0.html,news,oncc
2026-09-26 05:20:28,2026-09-23,4,2,智勝一籌,東網馬經,陳志懷,名家推介,https://racing.on.cc/racing/fav/current/rjfavg0001x0.html,news,oncc
2026-09-26 05:20:28,2026-09-23,7,3,天星,東網馬經,陳志懷,名家推介,https://racing.on.cc/racing/fav/current/rjfavg0001x0.html,news,oncc
2026-09-26 05:20:28,2026-09-23,7,2,乘數表,東網馬經,陳志懷,名家推介,https://racing.on.cc/racing/fav/current/rjfavg0001x0.html,news,oncc
2026-09-26 05:20:28,2026-09-23,7,1,東來欣賞,東網馬經,陳志懷,名家推介,https://racing.on.cc/racing/fav/current/rjfavg0001x0.html,news,oncc
2026-09-26 05:20:28,2026-09-23,7,8,首飾悟空,東網馬經,陳志懷,名家推介,https://racing.on.cc/racing/fav/current/rjfavg0001x0.html,news,oncc
2026-09-26 05:20:28,2026-09-23,1,11,東方魅影,東網馬經,明治朗,名家推介,https://racing.on.cc/racing/fav/current/rjfavg0001x0.html,news,oncc
2026-09-26 05:20:28,2026-09-23,1,8,電訊驕陽,東網馬經,明治朗,名家推介,https://racing.on.cc/racing/fav/current/rjfavg0001x0.html,news,oncc
2026-09-26 05:20:28,2026-09-23,1,3,神駒馬靈,東網馬經,明治朗,名家推介,https://racing.on.cc/racing/fav/current/rjfavg0001x0.html,news,oncc
2026-09-26 05:20:28,2026-09-23,1,6,開心三多,東網馬經,明治朗,名家推介,https://racing.on.cc/racing/fav/current/rjfavg0001x0.html,news,oncc
2026-09-26 05:20:28,2026-09-23,3,12,得意佳作,東網馬經,明治朗,名家推介,https://racing.on.cc/racing/fav/current/rjfavg0001x0.html,news,oncc
2026-09-26 05:20:28,2026-09-23,3,2,贏玥,東網馬經,明治朗,名家推介,https://racing.on.cc/racing/fav/current/rjfavg0001x0.html,news,oncc
2026-09-26 05:20:28,2026-09-23,3,5,凝妙星,東網馬經,明治朗,名家推介,https://racing.on.cc/racing/fav/current/rjfavg0001x0.html,news,oncc
2026-09-26 05:20:28,2026-09-23,3,7,有情有義,東網馬經,明治朗,名家推介,https://racing.on.cc/racing/fav/current/rjfavg0001x0.html,news,oncc
2026-09-26 05:20:28,2026-09-23,1,3,神駒馬靈,東網馬經,內幕料,名家推介,https://racing.on.cc/racing/fav/current/rjfavg0001x0.html,news,oncc
2026-09-26 05:20:28,2026-09-23,1,6,開心三多,東網馬經,內幕料,名家推介,https://racing.on.cc/racing/fav/current/rjfavg0001x0.html,news,oncc
2026-09-26 05:20:28,2026-09-23,1,8,電訊驕陽,東網馬經,內幕料,名家推介,https://racing.on.cc/racing/fav/current/rjfavg0001x0.html,news,oncc
2026-09-26 05:20:28,2026-09-23,1,11,東方魅影,東網馬經,內幕料,名家推介,https://racing.on.cc/racing/fav/current/rjfavg0001x0.html,news,oncc
2026-09-26 05:20:28,2026-09-23,8,2,團結勇士,東網馬經,內幕料,名家推介,https://racing.on.cc/racing/fav/current/rjfavg0001x0.html,news,oncc
2026-09-26 05:20:28,2026-09-23,8,3,富心星,東網馬經,內幕料,名家推介,https://racing.on.cc/racing/fav/current/rjfavg0001x0.html,news,oncc
2026-09-26 05:20:28,2026-09-23,8,8,繼往開來,東網馬經,內幕料,名家推介,https://racing.on.cc/racing/fav/current/rjfavg0001x0.html,news,oncc
2026-09-26 05:20:28,2026-09-23,8,9,蓮冠皇,東網馬經,內幕料,名家推介,https://racing.on.cc/racing/fav/current/rjfavg0001x0.html,news,oncc
2026-09-26 05:20:28,2026-09-23,3,2,贏玥,東網馬經,網中神,名家推介,https://racing.on.cc/racing/fav/current/rjfavg0001x0.html,news,oncc
2026-09-26 05:20:28,2026-09-23,3,5,凝妙星,東網馬經,網中神,名家推介,https://racing.on.cc/racing/fav/current/rjfavg0001x0.html,news,oncc
2026-09-26 05:20:28,2026-09-23,3,6,領航天子,東網馬經,網中神,名家推介,https://racing.on.cc/racing/fav/current/rjfavg0001x0.html,news,oncc
2026-09-26 05:20:28,2026-09-23,3,7,有情有義,東網馬經,網中神,名家推介,https://racing.on.cc/racing/fav/current/rjfavg0001x0.html,news,oncc
2026-09-26 05:20:28,2026-09-23,7,1,東來欣賞,東網馬經,網中神,名家推介,https://racing.on.cc/racing/fav/current/rjfavg0001x0.html,news,oncc
2026-09-26 05:20:28,2026-09-23,7,3,天星,東網馬經,網中神,名家推介,https://racing.on.cc/racing/fav/current/rjfavg0001x0.html,news,oncc
2026-09-26 05:20:28,2026-09-23,7,8,首飾悟空,東網馬經,網中神,名家推介,https://racing.on.cc/racing/fav/current/rjfavg0001x0.html,news,oncc
2026-09-26 05:20:28,2026-09-23,7,11,盈妍威楓,東網馬經,網中神,名家推介,https://racing.on.cc/racing/fav/current/rjfavg0001x0.html,news,oncc
2026-09-26 05:20:28,2026-09-23,4,1,沙井之友,東網馬經,洛飛,名家推介,https://racing.on.cc/racing/fav/current/rjfavg0001x0.html,news,oncc
2026-09-26 05:20:28,2026-09-23,4,3,應龍飛影,東網馬經,洛飛,名家推介,https://racing.on.cc/racing/fav/current/rjfavg0001x0.html,news,oncc
2026-09-26 05:20:28,2026-09-23,4,4,星辰千帥,東網馬經,洛飛,名家推介,https://racing.on.cc/racing/fav/current/rjfavg0001x0.html,news,oncc
2026-09-26 05:20:28,2026-09-23,4,6,快樂神駒,東網馬經,洛飛,名家推介,https://racing.on.cc/racing/fav/current/rjfavg0001x0.html,news,oncc
2026-09-26 05:20:28,2026-09-23,9,2,紫荊傳令,東網馬經,洛飛,名家推介,https://racing.on.cc/racing/fav/current/rjfavg0001x0.html,news,oncc
2026-09-26 05:20:28,2026-09-23,9,6,將義,東網馬經,洛飛,名家推介,https://racing.on.cc/racing/fav/current/rjfavg0001x0.html,news,oncc
2026-09-26 05:20:28,2026-09-23,9,8,豐辰,東網馬經,洛飛,名家推介,https://racing.on.cc/racing/fav/current/rjfavg0001x0.html,news,oncc
2026-09-26 05:20:28,2026-09-23,9,9,中國心,東網馬經,洛飛,名家推介,https://racing.on.cc/racing/fav/current/rjfavg0001x0.html,news,oncc
2026-09-26 05:20:28,2026-09-27,5,11,瑤瑤日上,東網馬經,西門獨,西門獨貼士,https://racing.on.cc/racing/fav/current/rjfavf0101x0.html,news,oncc
2026-09-26 05:20:28,2026-09-27,5,11,瑤瑤日上,東網馬經,諸葛數,西門獨貼士,https://racing.on.cc/racing/fav/current/rjfavf0101x0.html,news,oncc
2026-09-26 05:20:28,2026-09-27,7,11,馬錢子,東網馬經,陳志懷,西門獨貼士,https://racing.on.cc/racing/fav/current/rjfavf0101x0.html,news,oncc
2026-09-26 05:20:28,2026-09-27,3,8,銀騰,東網馬經,明治朗,西門獨貼士,https://racing.on.cc/racing/fav/current/rjfavf0101x0.html,news,oncc
2026-09-26 05:20:28,2026-09-27,5,11,瑤瑤日上,東網馬經,明治朗,西門獨貼士,https://racing.on.cc/racing/fav/current/rjfavf0101x0.html,news,oncc
2026-09-26 05:20:28,2026-09-27,5,11,瑤瑤日上,東網馬經,兆文,西門獨貼士,https://racing.on.cc/racing/fav/current/rjfavf0101x0.html,news,oncc
2026-09-26 05:20:28,2026-09-27,9,12,金勝名駒,東網馬經,兆文,西門獨貼士,https://racing.on.cc/racing/fav/current/rjfavf0101x0.html,news,oncc
2026-09-26 14:51:47,2026-09-23,1,3,神駒馬靈,東網馬經,西門獨,西門獨／諸葛數貼士,https://racing.on.cc/racing/fav/current/rjfavf0201x0.html,news,oncc
2026-09-26 14:51:47,2026-09-23,1,9,至高心得,東網馬經,西門獨,西門獨／諸葛數貼士,https://racing.on.cc/racing/fav/current/rjfavf0201x0.html,news,oncc
2026-09-26 14:51:47,2026-09-23,1,11,東方魅影,東網馬經,西門獨,西門獨／諸葛數貼士,https://racing.on.cc/racing/fav/current/rjfavf0201x0.html,news,oncc
2026-09-26 14:51:47,2026-09-23,1,8,電訊驕陽,東網馬經,西門獨,西門獨／諸葛數貼士,https://racing.on.cc/racing/fav/current/rjfavf0201x0.html,news,oncc
2026-09-26 14:51:47,2026-09-23,2,10,比特星,東網馬經,西門獨,西門獨／諸葛數貼士,https://racing.on.cc/racing/fav/current/rjfavf0201x0.html,news,oncc
2026-09-26 14:51:47,2026-09-23,2,4,馬馳登,東網馬經,西門獨,西門獨／諸葛數貼士,https://racing.on.cc/racing/fav/current/rjfavf0201x0.html,news,oncc
2026-09-26 14:51:47,2026-09-23,2,9,開心五月,東網馬經,西門獨,西門獨／諸葛數貼士,https://racing.on.cc/racing/fav/current/rjfavf0201x0.html,news,oncc
2026-09-26 14:51:47,2026-09-23,2,11,有盈勇士,東網馬經,西門獨,西門獨／諸葛數貼士,https://racing.on.cc/racing/fav/current/rjfavf0201x0.html,news,oncc
2026-09-26 14:51:47,2026-09-23,3,2,贏玥,東網馬經,西門獨,西門獨／諸葛數貼士,https://racing.on.cc/racing/fav/current/rjfavf0201x0.html,news,oncc
2026-09-26 14:51:47,2026-09-23,3,8,蹺妙,東網馬經,西門獨,西門獨／諸葛數貼士,https://racing.on.cc/racing/fav/current/rjfavf0201x0.html,news,oncc
2026-09-26 14:51:47,2026-09-23,3,5,凝妙星,東網馬經,西門獨,西門獨／諸葛數貼士,https://racing.on.cc/racing/fav/current/rjfavf0201x0.html,news,oncc
2026-09-26 14:51:47,2026-09-23,3,7,有情有義,東網馬經,西門獨,西門獨／諸葛數貼士,https://racing.on.cc/racing/fav/current/rjfavf0201x0.html,news,oncc
2026-09-26 14:51:47,2026-09-23,4,1,沙井之友,東網馬經,西門獨,西門獨／諸葛數貼士,https://racing.on.cc/racing/fav/current/rjfavf0201x0.html,news,oncc
2026-09-26 14:51:47,2026-09-23,4,6,快樂神駒,東網馬經,西門獨,西門獨／諸葛數貼士,https://racing.on.cc/racing/fav/current/rjfavf0201x0.html,news,oncc
2026-09-26 14:51:47,2026-09-23,4,3,應龍飛影,東網馬經,西門獨,西門獨／諸葛數貼士,https://racing.on.cc/racing/fav/current/rjfavf0201x0.html,news,oncc
2026-09-26 14:51:47,2026-09-23,4,9,將傲,東網馬經,西門獨,西門獨／諸葛數貼士,https://racing.on.cc/racing/fav/current/rjfavf0201x0.html,news,oncc
2026-09-26 14:51:47,2026-09-23,5,6,越駿聯歡,東網馬經,西門獨,西門獨／諸葛數貼士,https://racing.on.cc/racing/fav/current/rjfavf0201x0.html,news,oncc
2026-09-26 14:51:47,2026-09-23,5,5,創科群英,東網馬經,西門獨,西門獨／諸葛數貼士,https://racing.on.cc/racing/fav/current/rjfavf0201x0.html,news,oncc
2026-09-26 14:51:47,2026-09-23,5,3,大學生,東網馬經,西門獨,西門獨／諸葛數貼士,https://racing.on.cc/racing/fav/current/rjfavf0201x0.html,news,oncc
2026-09-26 14:51:47,2026-09-23,5,1,本領非凡,東網馬經,西門獨,西門獨／諸葛數貼士,https://racing.on.cc/racing/fav/current/rjfavf0201x0.html,news,oncc
2026-09-26 14:51:47,2026-09-23,6,4,巴閉王,東網馬經,西門獨,西門獨／諸葛數貼士,https://racing.on.cc/racing/fav/current/rjfavf0201x0.html,news,oncc
2026-09-26 14:51:47,2026-09-23,6,1,福進,東網馬經,西門獨,西門獨／諸葛數貼士,https://racing.on.cc/racing/fav/current/rjfavf0201x0.html,news,oncc
2026-09-26 14:51:47,2026-09-23,6,9,天火同人,東網馬經,西門獨,西門獨／諸葛數貼士,https://racing.on.cc/racing/fav/current/rjfavf0201x0.html,news,oncc
2026-09-26 14:51:47,2026-09-23,6,12,馬運高,東網馬經,西門獨,西門獨／諸葛數貼士,https://racing.on.cc/racing/fav/current/rjfavf0201x0.html,news,oncc
2026-09-26 14:51:47,2026-09-23,7,1,東來欣賞,東網馬經,西門獨,西門獨／諸葛數貼士,https://racing.on.cc/racing/fav/current/rjfavf0201x0.html,news,oncc
2026-09-26 14:51:47,2026-09-23,7,12,丞匡掠影,東網馬經,西門獨,西門獨／諸葛數貼士,https://racing.on.cc/racing/fav/current/rjfavf0201x0.html,news,oncc
2026-09-26 14:51:47,2026-09-23,7,9,安康萬里,東網馬經,西門獨,西門獨／諸葛數貼士,https://racing.on.cc/racing/fav/current/rjfavf0201x0.html,news,oncc
2026-09-26 14:51:47,2026-09-23,7,8,首飾悟空,東網馬經,西門獨,西門獨／諸葛數貼士,https://racing.on.cc/racing/fav/current/rjfavf0201x0.html,news,oncc
2026-09-26 14:51:47,2026-09-23,8,9,蓮冠皇,東網馬經,西門獨,西門獨／諸葛數貼士,https://racing.on.cc/racing/fav/current/rjfavf0201x0.html,news,oncc
2026-09-26 14:51:47,2026-09-23,8,4,久久為昇,東網馬經,西門獨,西門獨／諸葛數貼士,https://racing.on.cc/racing/fav/current/rjfavf0201x0.html,news,oncc
2026-09-26 14:51:47,2026-09-23,8,8,繼往開來,東網馬經,西門獨,西門獨／諸葛數貼士,https://racing.on.cc/racing/fav/current/rjfavf0201x0.html,news,oncc
2026-09-26 14:51:47,2026-09-23,8,2,團結勇士,東網馬經,西門獨,西門獨／諸葛數貼士,https://racing.on.cc/racing/fav/current/rjfavf0201x0.html,news,oncc
2026-09-26 14:51:47,2026-09-23,9,6,將義,東網馬經,西門獨,西門獨／諸葛數貼士,https://racing.on.cc/racing/fav/current/rjfavf0201x0.html,news,oncc
2026-09-26 14:51:47,2026-09-23,9,1,嘉應傳承,東網馬經,西門獨,西門獨／諸葛數貼士,https://racing.on.cc/racing/fav/current/rjfavf0201x0.html,news,oncc
2026-09-26 14:51:47,2026-09-23,9,2,紫荊傳令,東網馬經,西門獨,西門獨／諸葛數貼士,https://racing.on.cc/racing/fav/current/rjfavf0201x0.html,news,oncc
2026-09-26 14:51:47,2026-09-23,9,11,瑪瑙,東網馬經,西門獨,西門獨／諸葛數貼士,https://racing.on.cc/racing/fav/current/rjfavf0201x0.html,news,oncc
2026-09-26 14:51:47,2026-09-23,1,1,堅多福,東網馬經,諸葛數,西門獨／諸葛數貼士,https://racing.on.cc/racing/fav/current/rjfavf0201x0.html,news,oncc
2026-09-26 14:51:47,2026-09-23,1,3,神駒馬靈,東網馬經,諸葛數,西門獨／諸葛數貼士,https://racing.on.cc/racing/fav/current/rjfavf0201x0.html,news,oncc
2026-09-26 14:51:47,2026-09-23,1,4,紅磚戰士,東網馬經,諸葛數,西門獨／諸葛數貼士,https://racing.on.cc/racing/fav/current/rjfavf0201x0.html,news,oncc
2026-09-26 14:51:47,2026-09-23,1,8,電訊驕陽,東網馬經,諸葛數,西門獨／諸葛數貼士,https://racing.on.cc/racing/fav/current/rjfavf0201x0.html,news,oncc
2026-09-26 14:51:47,2026-09-23,2,4,馬馳登,東網馬經,諸葛數,西門獨／諸葛數貼士,https://racing.on.cc/racing/fav/current/rjfavf0201x0.html,news,oncc
2026-09-26 14:51:47,2026-09-23,2,1,紅愛舍,東網馬經,諸葛數,西門獨／諸葛數貼士,https://racing.on.cc/racing/fav/current/rjfavf0201x0.html,news,oncc
2026-09-26 14:51:47,2026-09-23,2,3,路路勁,東網馬經,諸葛數,西門獨／諸葛數貼士,https://racing.on.cc/racing/fav/current/rjfavf0201x0.html,news,oncc
2026-09-26 14:51:47,2026-09-23,2,5,飛輪霸,東網馬經,諸葛數,西門獨／諸葛數貼士,https://racing.on.cc/racing/fav/current/rjfavf0201x0.html,news,oncc
2026-09-26 14:51:47,2026-09-23,3,5,凝妙星,東網馬經,諸葛數,西門獨／諸葛數貼士,https://racing.on.cc/racing/fav/current/rjfavf0201x0.html,news,oncc
2026-09-26 14:51:47,2026-09-23,3,2,贏玥,東網馬經,諸葛數,西門獨／諸葛數貼士,https://racing.on.cc/racing/fav/current/rjfavf0201x0.html,news,oncc
2026-09-26 14:51:47,2026-09-23,3,1,星願無限,東網馬經,諸葛數,西門獨／諸葛數貼士,https://racing.on.cc/racing/fav/current/rjfavf0201x0.html,news,oncc
2026-09-26 14:51:47,2026-09-23,3,4,睿智多寶,東網馬經,諸葛數,西門獨／諸葛數貼士,https://racing.on.cc/racing/fav/current/rjfavf0201x0.html,news,oncc
2026-09-26 14:51:47,2026-09-23,4,3,應龍飛影,東網馬經,諸葛數,西門獨／諸葛數貼士,https://racing.on.cc/racing/fav/current/rjfavf0201x0.html,news,oncc
2026-09-26 14:51:47,2026-09-23,4,6,快樂神駒,東網馬經,諸葛數,西門獨／諸葛數貼士,https://racing.on.cc/racing/fav/current/rjfavf0201x0.html,news,oncc
2026-09-26 14:51:47,2026-09-23,4,4,星辰千帥,東網馬經,諸葛數,西門獨／諸葛數貼士,https://racing.on.cc/racing/fav/current/rjfavf0201x0.html,news,oncc
2026-09-26 14:51:47,2026-09-23,4,12,三強,東網馬經,諸葛數,西門獨／諸葛數貼士,https://racing.on.cc/racing/fav/current/rjfavf0201x0.html,news,oncc
2026-09-26 14:51:47,2026-09-23,5,3,大學生,東網馬經,諸葛數,西門獨／諸葛數貼士,https://racing.on.cc/racing/fav/current/rjfavf0201x0.html,news,oncc
2026-09-26 14:51:47,2026-09-23,5,5,創科群英,東網馬經,諸葛數,西門獨／諸葛數貼士,https://racing.on.cc/racing/fav/current/rjfavf0201x0.html,news,oncc
2026-09-26 14:51:47,2026-09-23,5,9,爆竹,東網馬經,諸葛數,西門獨／諸葛數貼士,https://racing.on.cc/racing/fav/current/rjfavf0201x0.html,news,oncc
2026-09-26 14:51:47,2026-09-23,5,1,本領非凡,東網馬經,諸葛數,西門獨／諸葛數貼士,https://racing.on.cc/racing/fav/current/rjfavf0201x0.html,news,oncc
2026-09-26 14:51:47,2026-09-23,6,1,福進,東網馬經,諸葛數,西門獨／諸葛數貼士,https://racing.on.cc/racing/fav/current/rjfavf0201x0.html,news,oncc
2026-09-26 14:51:47,2026-09-23,6,4,巴閉王,東網馬經,諸葛數,西門獨／諸葛數貼士,https://racing.on.cc/racing/fav/current/rjfavf0201x0.html,news,oncc
2026-09-26 14:51:47,2026-09-23,6,3,藍地球,東網馬經,諸葛數,西門獨／諸葛數貼士,https://racing.on.cc/racing/fav/current/rjfavf0201x0.html,news,oncc
2026-09-26 14:51:47,2026-09-23,6,5,佐治傳奇,東網馬經,諸葛數,西門獨／諸葛數貼士,https://racing.on.cc/racing/fav/current/rjfavf0201x0.html,news,oncc
2026-09-26 14:51:47,2026-09-23,7,10,正極,東網馬經,諸葛數,西門獨／諸葛數貼士,https://racing.on.cc/racing/fav/current/rjfavf0201x0.html,news,oncc
2026-09-26 14:51:47,2026-09-23,7,3,天星,東網馬經,諸葛數,西門獨／諸葛數貼士,https://racing.on.cc/racing/fav/current/rjfavf0201x0.html,news,oncc
2026-09-26 14:51:47,2026-09-23,7,12,丞匡掠影,東網馬經,諸葛數,西門獨／諸葛數貼士,https://racing.on.cc/racing/fav/current/rjfavf0201x0.html,news,oncc
2026-09-26 14:51:47,2026-09-23,7,11,盈妍威楓,東網馬經,諸葛數,西門獨／諸葛數貼士,https://racing.on.cc/racing/fav/current/rjfavf0201x0.html,news,oncc
2026-09-26 14:51:47,2026-09-23,8,11,驕陽雄心,東網馬經,諸葛數,西門獨／諸葛數貼士,https://racing.on.cc/racing/fav/current/rjfavf0201x0.html,news,oncc
2026-09-26 14:51:47,2026-09-23,8,1,人和家興,東網馬經,諸葛數,西門獨／諸葛數貼士,https://racing.on.cc/racing/fav/current/rjfavf0201x0.html,news,oncc
2026-09-26 14:51:47,2026-09-23,8,5,飛馬座,東網馬經,諸葛數,西門獨／諸葛數貼士,https://racing.on.cc/racing/fav/current/rjfavf0201x0.html,news,oncc
2026-09-26 14:51:47,2026-09-23,8,4,久久為昇,東網馬經,諸葛數,西門獨／諸葛數貼士,https://racing.on.cc/racing/fav/current/rjfavf0201x0.html,news,oncc
2026-09-26 14:51:47,2026-09-23,9,10,風將,東網馬經,諸葛數,西門獨／諸葛數貼士,https://racing.on.cc/racing/fav/current/rjfavf0201x0.html,news,oncc
2026-09-26 14:51:47,2026-09-23,9,4,平凡騎士,東網馬經,諸葛數,西門獨／諸葛數貼士,https://racing.on.cc/racing/fav/current/rjfavf0201x0.html,news,oncc
2026-09-26 14:51:47,2026-09-23,9,5,好實力,東網馬經,諸葛數,西門獨／諸葛數貼士,https://racing.on.cc/racing/fav/current/rjfavf0201x0.html,news,oncc
2026-09-26 14:51:47,2026-09-23,9,9,中國心,東網馬經,諸葛數,西門獨／諸葛數貼士,https://racing.on.cc/racing/fav/current/rjfavf0201x0.html,news,oncc
2026-09-26 14:51:47,2026-09-23,1,11,東方魅影,東網馬經,陳志懷,西門獨／諸葛數貼士,https://racing.on.cc/racing/fav/current/rjfavf0201x0.html,news,oncc
2026-09-26 14:51:47,2026-09-23,1,3,神駒馬靈,東網馬經,陳志懷,西門獨／諸葛數貼士,https://racing.on.cc/racing/fav/current/rjfavf0201x0.html,news,oncc
2026-09-26 14:51:47,2026-09-23,1,8,電訊驕陽,東網馬經,陳志懷,西門獨／諸葛數貼士,https://racing.on.cc/racing/fav/current/rjfavf0201x0.html,news,oncc
2026-09-26 14:51:47,2026-09-23,1,5,極速滿貫,東網馬經,陳志懷,西門獨／諸葛數貼士,https://racing.on.cc/racing/fav/current/rjfavf0201x0.html,news,oncc
2026-09-26 14:51:47,2026-09-23,2,9,開心五月,東網馬經,陳志懷,西門獨／諸葛數貼士,https://racing.on.cc/racing/fav/current/rjfavf0201x0.html,news,oncc
2026-09-26 14:51:47,2026-09-23,2,4,馬馳登,東網馬經,陳志懷,西門獨／諸葛數貼士,https://racing.on.cc/racing/fav/current/rjfavf0201x0.html,news,oncc
2026-09-26 14:51:47,2026-09-23,2,7,銀刺勇士,東網馬經,陳志懷,西門獨／諸葛數貼士,https://racing.on.cc/racing/fav/current/rjfavf0201x0.html,news,oncc
2026-09-26 14:51:47,2026-09-23,2,3,路路勁,東網馬經,陳志懷,西門獨／諸葛數貼士,https://racing.on.cc/racing/fav/current/rjfavf0201x0.html,news,oncc
2026-09-26 14:51:47,2026-09-23,3,2,贏玥,東網馬經,陳志懷,西門獨／諸葛數貼士,https://racing.on.cc/racing/fav/current/rjfavf0201x0.html,news,oncc
2026-09-26 14:51:47,2026-09-23,3,5,凝妙星,東網馬經,陳志懷,西門獨／諸葛數貼士,https://racing.on.cc/racing/fav/current/rjfavf0201x0.html,news,oncc
2026-09-26 14:51:47,2026-09-23,3,9,越駿齊歡,東網馬經,陳志懷,西門獨／諸葛數貼士,https://racing.on.cc/racing/fav/current/rjfavf0201x0.html,news,oncc
2026-09-26 14:51:47,2026-09-23,3,6,領航天子,東網馬經,陳志懷,西門獨／諸葛數貼士,https://racing.on.cc/racing/fav/current/rjfavf0201x0.html,news,oncc
2026-09-26 14:51:47,2026-09-23,4,3,應龍飛影,東網馬經,陳志懷,西門獨／諸葛數貼士,https://racing.on.cc/racing/fav/current/rjfavf0201x0.html,news,oncc
2026-09-26 14:51:47,2026-09-23,4,6,快樂神駒,東網馬經,陳志懷,西門獨／諸葛數貼士,https://racing.on.cc/racing/fav/current/rjfavf0201x0.html,news,oncc
2026-09-26 14:51:47,2026-09-23,4,9,將傲,東網馬經,陳志懷,西門獨／諸葛數貼士,https://racing.on.cc/racing/fav/current/rjfavf0201x0.html,news,oncc
2026-09-26 14:51:47,2026-09-23,4,2,智勝一籌,東網馬經,陳志懷,西門獨／諸葛數貼士,https://racing.on.cc/racing/fav/current/rjfavf0201x0.html,news,oncc
2026-09-26 14:51:47,2026-09-23,5,2,大文豪,東網馬經,陳志懷,西門獨／諸葛數貼士,https://racing.on.cc/racing/fav/current/rjfavf0201x0.html,news,oncc
2026-09-26 14:51:47,2026-09-23,5,5,創科群英,東網馬經,陳志懷,西門獨／諸葛數貼士,https://racing.on.cc/racing/fav/current/rjfavf0201x0.html,news,oncc
2026-09-26 14:51:47,2026-09-23,5,6,越駿聯歡,東網馬經,陳志懷,西門獨／諸葛數貼士,https://racing.on.cc/racing/fav/current/rjfavf0201x0.html,news,oncc
2026-09-26 14:51:47,2026-09-23,5,12,同心,東網馬經,陳志懷,西門獨／諸葛數貼士,https://racing.on.cc/racing/fav/current/rjfavf0201x0.html,news,oncc
2026-09-26 14:51:47,2026-09-23,6,9,天火同人,東網馬經,陳志懷,西門獨／諸葛數貼士,https://racing.on.cc/racing/fav/current/rjfavf0201x0.html,news,oncc
2026-09-26 14:51:47,2026-09-23,6,4,巴閉王,東網馬經,陳志懷,西門獨／諸葛數貼士,https://racing.on.cc/racing/fav/current/rjfavf0201x0.html,news,oncc
2026-09-26 14:51:47,2026-09-23,6,1,福進,東網馬經,陳志懷,西門獨／諸葛數貼士,https://racing.on.cc/racing/fav/current/rjfavf0201x0.html,news,oncc
2026-09-26 14:51:47,2026-09-23,6,5,佐治傳奇,東網馬經,陳志懷,西門獨／諸葛數貼士,https://racing.on.cc/racing/fav/current/rjfavf0201x0.html,news,oncc
2026-09-26 14:51:47,2026-09-23,7,3,天星,東網馬經,陳志懷,西門獨／諸葛數貼士,https://racing.on.cc/racing/fav/current/rjfavf0201x0.html,news,oncc
2026-09-26 14:51:47,2026-09-23,7,2,乘數表,東網馬經,陳志懷,西門獨／諸葛數貼士,https://racing.on.cc/racing/fav/current/rjfavf0201x0.html,news,oncc
2026-09-26 14:51:47,2026-09-23,7,1,東來欣賞,東網馬經,陳志懷,西門獨／諸葛數貼士,https://racing.on.cc/racing/fav/current/rjfavf0201x0.html,news,oncc
2026-09-26 14:51:47,2026-09-23,7,8,首飾悟空,東網馬經,陳志懷,西門獨／諸葛數貼士,https://racing.on.cc/racing/fav/current/rjfavf0201x0.html,news,oncc
2026-09-26 14:51:47,2026-09-23,8,8,繼往開來,東網馬經,陳志懷,西門獨／諸葛數貼士,https://racing.on.cc/racing/fav/current/rjfavf0201x0.html,news,oncc
2026-09-26 14:51:47,2026-09-23,8,1,人和家興,東網馬經,陳志懷,西門獨／諸葛數貼士,https://racing.on.cc/racing/fav/current/rjfavf0201x0.html,news,oncc
2026-09-26 14:51:47,2026-09-23,8,4,久久為昇,東網馬經,陳志懷,西門獨／諸葛數貼士,https://racing.on.cc/racing/fav/current/rjfavf0201x0.html,news,oncc
2026-09-26 14:51:47,2026-09-23,8,6,富國兄弟,東網馬經,陳志懷,西門獨／諸葛數貼士,https://racing.on.cc/racing/fav/current/rjfavf0201x0.html,news,oncc
2026-09-26 14:51:47,2026-09-23,9,10,風將,東網馬經,陳志懷,西門獨／諸葛數貼士,https://racing.on.cc/racing/fav/current/rjfavf0201x0.html,news,oncc
2026-09-26 14:51:47,2026-09-23,9,1,嘉應傳承,東網馬經,陳志懷,西門獨／諸葛數貼士,https://racing.on.cc/racing/fav/current/rjfavf0201x0.html,news,oncc
2026-09-26 14:51:47,2026-09-23,9,9,中國心,東網馬經,陳志懷,西門獨／諸葛數貼士,https://racing.on.cc/racing/fav/current/rjfavf0201x0.html,news,oncc
2026-09-26 14:51:47,2026-09-23,9,8,豐辰,東網馬經,陳志懷,西門獨／諸葛數貼士,https://racing.on.cc/racing/fav/current/rjfavf0201x0.html,news,oncc
2026-09-26 14:51:47,2026-09-23,1,11,東方魅影,東網馬經,明治朗,西門獨／諸葛數貼士,https://racing.on.cc/racing/fav/current/rjfavf0201x0.html,news,oncc
2026-09-26 14:51:47,2026-09-23,1,8,電訊驕陽,東網馬經,明治朗,西門獨／諸葛數貼士,https://racing.on.cc/racing/fav/current/rjfavf0201x0.html,news,oncc
2026-09-26 14:51:47,2026-09-23,1,3,神駒馬靈,東網馬經,明治朗,西門獨／諸葛數貼士,https://racing.on.cc/racing/fav/current/rjfavf0201x0.html,news,oncc
2026-09-26 14:51:47,2026-09-23,1,6,開心三多,東網馬經,明治朗,西門獨／諸葛數貼士,https://racing.on.cc/racing/fav/current/rjfavf0201x0.html,news,oncc
2026-09-26 14:51:47,2026-09-23,2,4,馬馳登,東網馬經,明治朗,西門獨／諸葛數貼士,https://racing.on.cc/racing/fav/current/rjfavf0201x0.html,news,oncc
2026-09-26 14:51:47,2026-09-23,2,10,比特星,東網馬經,明治朗,西門獨／諸葛數貼士,https://racing.on.cc/racing/fav/current/rjfavf0201x0.html,news,oncc
2026-09-26 14:51:47,2026-09-23,2,7,銀刺勇士,東網馬經,明治朗,西門獨／諸葛數貼士,https://racing.on.cc/racing/fav/current/rjfavf0201x0.html,news,oncc
2026-09-26 14:51:47,2026-09-23,2,11,有盈勇士,東網馬經,明治朗,西門獨／諸葛數貼士,https://racing.on.cc/racing/fav/current/rjfavf0201x0.html,news,oncc
2026-09-26 14:51:47,2026-09-23,3,12,得意佳作,東網馬經,明治朗,西門獨／諸葛數貼士,https://racing.on.cc/racing/fav/current/rjfavf0201x0.html,news,oncc
2026-09-26 14:51:47,2026-09-23,3,2,贏玥,東網馬經,明治朗,西門獨／諸葛數貼士,https://racing.on.cc/racing/fav/current/rjfavf0201x0.html,news,oncc
2026-09-26 14:51:47,2026-09-23,3,5,凝妙星,東網馬經,明治朗,西門獨／諸葛數貼士,https://racing.on.cc/racing/fav/current/rjfavf0201x0.html,news,oncc
2026-09-26 14:51:47,2026-09-23,3,7,有情有義,東網馬經,明治朗,西門獨／諸葛數貼士,https://racing.on.cc/racing/fav/current/rjfavf0201x0.html,news,oncc
2026-09-26 14:51:47,2026-09-23,4,4,星辰千帥,東網馬經,明治朗,西門獨／諸葛數貼士,https://racing.on.cc/racing/fav/current/rjfavf0201x0.html,news,oncc
2026-09-26 14:51:47,2026-09-23,4,6,快樂神駒,東網馬經,明治朗,西門獨／諸葛數貼士,https://racing.on.cc/racing/fav/current/rjfavf0201x0.html,news,oncc
2026-09-26 14:51:47,2026-09-23,4,1,沙井之友,東網馬經,明治朗,西門獨／諸葛數貼士,https://racing.on.cc/racing/fav/current/rjfavf0201x0.html,news,oncc
2026-09-26 14:51:47,2026-09-23,4,3,應龍飛影,東網馬經,明治朗,西門獨／諸葛數貼士,https://racing.on.cc/racing/fav/current/rjfavf0201x0.html,news,oncc
2026-09-26 14:51:47,2026-09-23,5,5,創科群英,東網馬經,明治朗,西門獨／諸葛數貼士,https://racing.on.cc/racing/fav/current/rjfavf0201x0.html,news,oncc
2026-09-26 14:51:47,2026-09-23,5,6,越駿聯歡,東網馬經,明治朗,西門獨／諸葛數貼士,https://racing.on.cc/racing/fav/current/rjfavf0201x0.html,news,oncc
2026-09-26 14:51:47,2026-09-23,5,1,本領非凡,東網馬經,明治朗,西門獨／諸葛數貼士,https://racing.on.cc/racing/fav/current/rjfavf0201x0.html,news,oncc
2026-09-26 14:51:47,2026-09-23,5,8,金駒永騰,東網馬經,明治朗,西門獨／諸葛數貼士,https://racing.on.cc/racing/fav/current/rjfavf0201x0.html,news,oncc
2026-09-26 14:51:47,2026-09-23,6,4,巴閉王,東網馬經,明治朗,西門獨／諸葛數貼士,https://racing.on.cc/racing/fav/current/rjfavf0201x0.html,news,oncc
2026-09-26 14:51:47,2026-09-23,6,11,萬眾開心,東網馬經,明治朗,西門獨／諸葛數貼士,https://racing.on.cc/racing/fav/current/rjfavf0201x0.html,news,oncc
2026-09-26 14:51:47,2026-09-23,6,9,天火同人,東網馬經,明治朗,西門獨／諸葛數貼士,https://racing.on.cc/racing/fav/current/rjfavf0201x0.html,news,oncc
2026-09-26 14:51:47,2026-09-23,6,1,福進,東網馬經,明治朗,西門獨／諸葛數貼士,https://racing.on.cc/racing/fav/current/rjfavf0201x0.html,news,oncc
2026-09-26 14:51:47,2026-09-23,7,12,丞匡掠影,東網馬經,明治朗,西門獨／諸葛數貼士,https://racing.on.cc/racing/fav/current/rjfavf0201x0.html,news,oncc
2026-09-26 14:51:47,2026-09-23,7,11,盈妍威楓,東網馬經,明治朗,西門獨／諸葛數貼士,https://racing.on.cc/racing/fav/current/rjfavf0201x0.html,news,oncc
2026-09-26 14:51:47,2026-09-23,7,10,正極,東網馬經,明治朗,西門獨／諸葛數貼士,https://racing.on.cc/racing/fav/current/rjfavf0201x0.html,news,oncc
2026-09-26 14:51:47,2026-09-23,7,8,首飾悟空,東網馬經,明治朗,西門獨／諸葛數貼士,https://racing.on.cc/racing/fav/current/rjfavf0201x0.html,news,oncc
2026-09-26 14:51:47,2026-09-23,8,11,驕陽雄心,東網馬經,明治朗,西門獨／諸葛數貼士,https://racing.on.cc/racing/fav/current/rjfavf0201x0.html,news,oncc
2026-09-26 14:51:47,2026-09-23,8,8,繼往開來,東網馬經,明治朗,西門獨／諸葛數貼士,https://racing.on.cc/racing/fav/current/rjfavf0201x0.html,news,oncc
2026-09-26 14:51:47,2026-09-23,8,4,久久為昇,東網馬經,明治朗,西門獨／諸葛數貼士,https://racing.on.cc/racing/fav/current/rjfavf0201x0.html,news,oncc
2026-09-26 14:51:47,2026-09-23,8,2,團結勇士,東網馬經,明治朗,西門獨／諸葛數貼士,https://racing.on.cc/racing/fav/current/rjfavf0201x0.html,news,oncc
2026-09-26 14:51:47,2026-09-23,9,8,豐辰,東網馬經,明治朗,西門獨／諸葛數貼士,https://racing.on.cc/racing/fav/current/rjfavf0201x0.html,news,oncc
2026-09-26 14:51:47,2026-09-23,9,7,浪漫鬥士,東網馬經,明治朗,西門獨／諸葛數貼士,https://racing.on.cc/racing/fav/current/rjfavf0201x0.html,news,oncc
2026-09-26 14:51:47,2026-09-23,9,1,嘉應傳承,東網馬經,明治朗,西門獨／諸葛數貼士,https://racing.on.cc/racing/fav/current/rjfavf0201x0.html,news,oncc
2026-09-26 14:51:47,2026-09-23,9,2,紫荊傳令,東網馬經,明治朗,西門獨／諸葛數貼士,https://racing.on.cc/racing/fav/current/rjfavf0201x0.html,news,oncc
2026-09-26 14:51:47,2026-09-23,1,8,電訊驕陽,東網馬經,兆文,西門獨／諸葛數貼士,https://racing.on.cc/racing/fav/current/rjfavf0201x0.html,news,oncc
2026-09-26 14:51:47,2026-09-23,1,11,東方魅影,東網馬經,兆文,西門獨／諸葛數貼士,https://racing.on.cc/racing/fav/current/rjfavf0201x0.html,news,oncc
2026-09-26 14:51:47,2026-09-23,1,1,堅多福,東網馬經,兆文,西門獨／諸葛數貼士,https://racing.on.cc/racing/fav/current/rjfavf0201x0.html,news,oncc
2026-09-26 14:51:47,2026-09-23,1,3,神駒馬靈,東網馬經,兆文,西門獨／諸葛數貼士,https://racing.on.cc/racing/fav/current/rjfavf0201x0.html,news,oncc
2026-09-26 14:51:47,2026-09-23,2,4,馬馳登,東網馬經,兆文,西門獨／諸葛數貼士,https://racing.on.cc/racing/fav/current/rjfavf0201x0.html,news,oncc
2026-09-26 14:51:47,2026-09-23,2,3,路路勁,東網馬經,兆文,西門獨／諸葛數貼士,https://racing.on.cc/racing/fav/current/rjfavf0201x0.html,news,oncc
2026-09-26 14:51:47,2026-09-23,2,7,銀刺勇士,東網馬經,兆文,西門獨／諸葛數貼士,https://racing.on.cc/racing/fav/current/rjfavf0201x0.html,news,oncc
2026-09-26 14:51:47,2026-09-23,2,8,鄉村威龍,東網馬經,兆文,西門獨／諸葛數貼士,https://racing.on.cc/racing/fav/current/rjfavf0201x0.html,news,oncc
2026-09-26 14:51:47,2026-09-23,3,8,蹺妙,東網馬經,兆文,西門獨／諸葛數貼士,https://racing.on.cc/racing/fav/current/rjfavf0201x0.html,news,oncc
2026-09-26 14:51:47,2026-09-23,3,2,贏玥,東網馬經,兆文,西門獨／諸葛數貼士,https://racing.on.cc/racing/fav/current/rjfavf0201x0.html,news,oncc
2026-09-26 14:51:47,2026-09-23,3,7,有情有義,東網馬經,兆文,西門獨／諸葛數貼士,https://racing.on.cc/racing/fav/current/rjfavf0201x0.html,news,oncc
2026-09-26 14:51:47,2026-09-23,3,5,凝妙星,東網馬經,兆文,西門獨／諸葛數貼士,https://racing.on.cc/racing/fav/current/rjfavf0201x0.html,news,oncc
2026-09-26 14:51:47,2026-09-23,4,6,快樂神駒,東網馬經,兆文,西門獨／諸葛數貼士,https://racing.on.cc/racing/fav/current/rjfavf0201x0.html,news,oncc
2026-09-26 14:51:47,2026-09-23,4,4,星辰千帥,東網馬經,兆文,西門獨／諸葛數貼士,https://racing.on.cc/racing/fav/current/rjfavf0201x0.html,news,oncc
2026-09-26 14:51:47,2026-09-23,4,3,應龍飛影,東網馬經,兆文,西門獨／諸葛數貼士,https://racing.on.cc/racing/fav/current/rjfavf0201x0.html,news,oncc
2026-09-26 14:51:47,2026-09-23,4,11,焦點,東網馬經,兆文,西門獨／諸葛數貼士,https://racing.on.cc/racing/fav/current/rjfavf0201x0.html,news,oncc
2026-09-26 14:51:47,2026-09-23,5,7,滿洛城,東網馬經,兆文,西門獨／諸葛數貼士,https://racing.on.cc/racing/fav/current/rjfavf0201x0.html,news,oncc
2026-09-26 14:51:47,2026-09-23,5,5,創科群英,東網馬經,兆文,西門獨／諸葛數貼士,https://racing.on.cc/racing/fav/current/rjfavf0201x0.html,news,oncc
2026-09-26 14:51:47,2026-09-23,5,8,金駒永騰,東網馬經,兆文,西門獨／諸葛數貼士,https://racing.on.cc/racing/fav/current/rjfavf0201x0.html,news,oncc
2026-09-26 14:51:47,2026-09-23,5,6,越駿聯歡,東網馬經,兆文,西門獨／諸葛數貼士,https://racing.on.cc/racing/fav/current/rjfavf0201x0.html,news,oncc
2026-09-26 14:51:47,2026-09-23,6,4,巴閉王,東網馬經,兆文,西門獨／諸葛數貼士,https://racing.on.cc/racing/fav/current/rjfavf0201x0.html,news,oncc
2026-09-26 14:51:47,2026-09-23,6,1,福進,東網馬經,兆文,西門獨／諸葛數貼士,https://racing.on.cc/racing/fav/current/rjfavf0201x0.html,news,oncc
2026-09-26 14:51:47,2026-09-23,6,9,天火同人,東網馬經,兆文,西門獨／諸葛數貼士,https://racing.on.cc/racing/fav/current/rjfavf0201x0.html,news,oncc
2026-09-26 14:51:47,2026-09-23,6,5,佐治傳奇,東網馬經,兆文,西門獨／諸葛數貼士,https://racing.on.cc/racing/fav/current/rjfavf0201x0.html,news,oncc
2026-09-26 14:51:47,2026-09-23,7,1,東來欣賞,東網馬經,兆文,西門獨／諸葛數貼士,https://racing.on.cc/racing/fav/current/rjfavf0201x0.html,news,oncc
2026-09-26 14:51:47,2026-09-23,7,8,首飾悟空,東網馬經,兆文,西門獨／諸葛數貼士,https://racing.on.cc/racing/fav/current/rjfavf0201x0.html,news,oncc
2026-09-26 14:51:47,2026-09-23,7,12,丞匡掠影,東網馬經,兆文,西門獨／諸葛數貼士,https://racing.on.cc/racing/fav/current/rjfavf0201x0.html,news,oncc
2026-09-26 14:51:47,2026-09-23,7,3,天星,東網馬經,兆文,西門獨／諸葛數貼士,https://racing.on.cc/racing/fav/current/rjfavf0201x0.html,news,oncc
2026-09-26 14:51:47,2026-09-23,8,12,亞機拉,東網馬經,兆文,西門獨／諸葛數貼士,https://racing.on.cc/racing/fav/current/rjfavf0201x0.html,news,oncc
2026-09-26 14:51:47,2026-09-23,8,8,繼往開來,東網馬經,兆文,西門獨／諸葛數貼士,https://racing.on.cc/racing/fav/current/rjfavf0201x0.html,news,oncc
2026-09-26 14:51:47,2026-09-23,8,11,驕陽雄心,東網馬經,兆文,西門獨／諸葛數貼士,https://racing.on.cc/racing/fav/current/rjfavf0201x0.html,news,oncc
2026-09-26 14:51:47,2026-09-23,8,1,人和家興,東網馬經,兆文,西門獨／諸葛數貼士,https://racing.on.cc/racing/fav/current/rjfavf0201x0.html,news,oncc
2026-09-26 14:51:47,2026-09-23,9,4,平凡騎士,東網馬經,兆文,西門獨／諸葛數貼士,https://racing.on.cc/racing/fav/current/rjfavf0201x0.html,news,oncc
2026-09-26 14:51:47,2026-09-23,9,10,風將,東網馬經,兆文,西門獨／諸葛數貼士,https://racing.on.cc/racing/fav/current/rjfavf0201x0.html,news,oncc
2026-09-26 14:51:47,2026-09-23,9,8,豐辰,東網馬經,兆文,西門獨／諸葛數貼士,https://racing.on.cc/racing/fav/current/rjfavf0201x0.html,news,oncc
2026-09-26 14:51:47,2026-09-23,9,2,紫荊傳令,東網馬經,兆文,西門獨／諸葛數貼士,https://racing.on.cc/racing/fav/current/rjfavf0201x0.html,news,oncc
2026-09-26 14:51:47,2026-09-23,1,3,神駒馬靈,東網馬經,東網馬經,東網馬經,https://racing.on.cc/racing/fav/current/rjfavf0301x0.html,news,oncc
2026-09-26 14:51:47,2026-09-23,1,4,紅磚戰士,東網馬經,東網馬經,東網馬經,https://racing.on.cc/racing/fav/current/rjfavf0301x0.html,news,oncc
2026-09-26 14:51:47,2026-09-23,1,9,至高心得,東網馬經,東網馬經,東網馬經,https://racing.on.cc/racing/fav/current/rjfavf0301x0.html,news,oncc
2026-09-26 14:51:47,2026-09-23,1,11,東方魅影,東網馬經,東網馬經,東網馬經,https://racing.on.cc/racing/fav/current/rjfavf0301x0.html,news,oncc
2026-09-26 14:51:47,2026-09-23,2,8,鄉村威龍,東網馬經,東網馬經,東網馬經,https://racing.on.cc/racing/fav/current/rjfavf0301x0.html,news,oncc
2026-09-26 14:51:47,2026-09-23,2,4,馬馳登,東網馬經,東網馬經,東網馬經,https://racing.on.cc/racing/fav/current/rjfavf0301x0.html,news,oncc
2026-09-26 14:51:47,2026-09-23,2,9,開心五月,東網馬經,東網馬經,東網馬經,https://racing.on.cc/racing/fav/current/rjfavf0301x0.html,news,oncc
2026-09-26 14:51:47,2026-09-23,2,10,比特星,東網馬經,東網馬經,東網馬經,https://racing.on.cc/racing/fav/current/rjfavf0301x0.html,news,oncc
2026-09-26 14:51:47,2026-09-23,3,2,贏玥,東網馬經,東網馬經,東網馬經,https://racing.on.cc/racing/fav/current/rjfavf0301x0.html,news,oncc
2026-09-26 14:51:47,2026-09-23,3,5,凝妙星,東網馬經,東網馬經,東網馬經,https://racing.on.cc/racing/fav/current/rjfavf0301x0.html,news,oncc
2026-09-26 14:51:47,2026-09-23,3,7,有情有義,東網馬經,東網馬經,東網馬經,https://racing.on.cc/racing/fav/current/rjfavf0301x0.html,news,oncc
2026-09-26 14:51:47,2026-09-23,3,9,越駿齊歡,東網馬經,東網馬經,東網馬經,https://racing.on.cc/racing/fav/current/rjfavf0301x0.html,news,oncc
2026-09-26 14:51:47,2026-09-23,4,6,快樂神駒,東網馬經,東網馬經,東網馬經,https://racing.on.cc/racing/fav/current/rjfavf0301x0.html,news,oncc
2026-09-26 14:51:47,2026-09-23,4,1,沙井之友,東網馬經,東網馬經,東網馬經,https://racing.on.cc/racing/fav/current/rjfavf0301x0.html,news,oncc
2026-09-26 14:51:47,2026-09-23,4,3,應龍飛影,東網馬經,東網馬經,東網馬經,https://racing.on.cc/racing/fav/current/rjfavf0301x0.html,news,oncc
2026-09-26 14:51:47,2026-09-23,4,4,星辰千帥,東網馬經,東網馬經,東網馬經,https://racing.on.cc/racing/fav/current/rjfavf0301x0.html,news,oncc
2026-09-26 14:51:47,2026-09-23,5,1,本領非凡,東網馬經,東網馬經,東網馬經,https://racing.on.cc/racing/fav/current/rjfavf0301x0.html,news,oncc
2026-09-26 14:51:47,2026-09-23,5,5,創科群英,東網馬經,東網馬經,東網馬經,https://racing.on.cc/racing/fav/current/rjfavf0301x0.html,news,oncc
2026-09-26 14:51:47,2026-09-23,5,6,越駿聯歡,東網馬經,東網馬經,東網馬經,https://racing.on.cc/racing/fav/current/rjfavf0301x0.html,news,oncc
2026-09-26 14:51:47,2026-09-23,5,8,金駒永騰,東網馬經,東網馬經,東網馬經,https://racing.on.cc/racing/fav/current/rjfavf0301x0.html,news,oncc
2026-09-26 14:51:47,2026-09-23,6,1,福進,東網馬經,東網馬經,東網馬經,https://racing.on.cc/racing/fav/current/rjfavf0301x0.html,news,oncc
2026-09-26 14:51:47,2026-09-23,6,4,巴閉王,東網馬經,東網馬經,東網馬經,https://racing.on.cc/racing/fav/current/rjfavf0301x0.html,news,oncc
2026-09-26 14:51:47,2026-09-23,6,8,螢影飛馳,東網馬經,東網馬經,東網馬經,https://racing.on.cc/racing/fav/current/rjfavf0301x0.html,news,oncc
2026-09-26 14:51:47,2026-09-23,6,9,天火同人,東網馬經,東網馬經,東網馬經,https://racing.on.cc/racing/fav/current/rjfavf0301x0.html,news,oncc
2026-09-26 14:51:47,2026-09-23,7,1,東來欣賞,東網馬經,東網馬經,東網馬經,https://racing.on.cc/racing/fav/current/rjfavf0301x0.html,news,oncc
2026-09-26 14:51:47,2026-09-23,7,2,乘數表,東網馬經,東網馬經,東網馬經,https://racing.on.cc/racing/fav/current/rjfavf0301x0.html,news,oncc
2026-09-26 14:51:47,2026-09-23,7,8,首飾悟空,東網馬經,東網馬經,東網馬經,https://racing.on.cc/racing/fav/current/rjfavf0301x0.html,news,oncc
2026-09-26 14:51:47,2026-09-23,7,9,安康萬里,東網馬經,東網馬經,東網馬經,https://racing.on.cc/racing/fav/current/rjfavf0301x0.html,news,oncc
2026-09-26 14:51:47,2026-09-23,8,1,人和家興,東網馬經,東網馬經,東網馬經,https://racing.on.cc/racing/fav/current/rjfavf0301x0.html,news,oncc
2026-09-26 14:51:47,2026-09-23,8,4,久久為昇,東網馬經,東網馬經,東網馬經,https://racing.on.cc/racing/fav/current/rjfavf0301x0.html,news,oncc
2026-09-26 14:51:47,2026-09-23,8,7,勇霸龍,東網馬經,東網馬經,東網馬經,https://racing.on.cc/racing/fav/current/rjfavf0301x0.html,news,oncc
2026-09-26 14:51:47,2026-09-23,8,8,繼往開來,東網馬經,東網馬經,東網馬經,https://racing.on.cc/racing/fav/current/rjfavf0301x0.html,news,oncc
2026-09-26 14:51:47,2026-09-23,9,12,財富非凡,東網馬經,東網馬經,東網馬經,https://racing.on.cc/racing/fav/current/rjfavf0301x0.html,news,oncc
2026-09-26 14:51:47,2026-09-23,9,6,將義,東網馬經,東網馬經,東網馬經,https://racing.on.cc/racing/fav/current/rjfavf0301x0.html,news,oncc
2026-09-26 14:51:47,2026-09-23,9,2,紫荊傳令,東網馬經,東網馬經,東網馬經,https://racing.on.cc/racing/fav/current/rjfavf0301x0.html,news,oncc
2026-09-26 14:51:47,2026-09-23,9,9,中國心,東網馬經,東網馬經,東網馬經,https://racing.on.cc/racing/fav/current/rjfavf0301x0.html,news,oncc
2026-09-26 14:51:47,2026-09-26,,,閃電武士,星島頭條,三寶心水,三寶心水│「閃電武士」加罩變身,https://www.stheadline.com/racing-tips/3619676/三寶心水閃電武士加罩變身,news,
2026-09-26 14:51:47,2026-09-26,,,八仟好運,星島頭條,三寶心水,三寶心水│「閃電武士」加罩變身,https://www.stheadline.com/racing-tips/3619676/三寶心水閃電武士加罩變身,news,
2026-09-26 14:51:47,2026-09-26,,,一路精彩,星島頭條,三寶心水,三寶心水│「閃電武士」加罩變身,https://www.stheadline.com/racing-tips/3619676/三寶心水閃電武士加罩變身,news,
2026-09-26 14:51:47,2026-09-26,,,快樂老撾,星島頭條,三寶心水,三寶心水│「閃電武士」加罩變身,https://www.stheadline.com/racing-tips/3619676/三寶心水閃電武士加罩變身,news,
2026-09-26 14:51:47,2026-09-26,,,順成之星,星島頭條,三寶心水,三寶心水│「閃電武士」加罩變身,https://www.stheadline.com/racing-tips/3619676/三寶心水閃電武士加罩變身,news,
2026-09-26 14:51:47,2026-09-26,,,怡傲錢莊,星島頭條,Ian心水,Ian心水│「怡傲錢莊」試閘露曙光,https://www.stheadline.com/racing-tips/3619675/Ian心水怡傲錢莊試閘露曙光,news,
2026-09-26 14:51:47,2026-09-26,,,比特星,星島頭條,Ian心水,Ian心水│「怡傲錢莊」試閘露曙光,https://www.stheadline.com/racing-tips/3619675/Ian心水怡傲錢莊試閘露曙光,news,
2026-09-26 14:51:47,2026-09-26,,,快樂神駒,星島頭條,Ian心水,Ian心水│「怡傲錢莊」試閘露曙光,https://www.stheadline.com/racing-tips/3619675/Ian心水怡傲錢莊試閘露曙光,news,
2026-09-26 14:51:47,2026-09-26,,,贏玥,星島頭條,Ian心水,Ian心水│「怡傲錢莊」試閘露曙光,https://www.stheadline.com/racing-tips/3619675/Ian心水怡傲錢莊試閘露曙光,news,
2026-09-26 14:51:47,2026-09-26,,,東方魅影,星島頭條,Ian心水,Ian心水│「怡傲錢莊」試閘露曙光,https://www.stheadline.com/racing-tips/3619675/Ian心水怡傲錢莊試閘露曙光,news,
2026-09-26 14:51:47,2026-09-26,,,紫荊傳令,星島頭條,Ian心水,Ian心水│「怡傲錢莊」試閘露曙光,https://www.stheadline.com/racing-tips/3619675/Ian心水怡傲錢莊試閘露曙光,news,
2026-09-26 14:51:47,2026-09-26,,,砂漿麒星,星島頭條,Ian心水,Ian心水│「怡傲錢莊」試閘露曙光,https://www.stheadline.com/racing-tips/3619675/Ian心水怡傲錢莊試閘露曙光,news,
2026-09-26 14:51:47,2026-09-26,,,逍遙人生,星島頭條,Ian心水,Ian心水│「怡傲錢莊」試閘露曙光,https://www.stheadline.com/racing-tips/3619675/Ian心水怡傲錢莊試閘露曙光,news,
2026-09-26 14:51:47,2026-09-26,,,高士威勁,星島頭條,Ian心水,Ian心水│「怡傲錢莊」試閘露曙光,https://www.stheadline.com/racing-tips/3619675/Ian心水怡傲錢莊試閘露曙光,news,
2026-09-26 14:51:47,2026-09-26,,,熱氣球,星島頭條,Ian心水,Ian心水│「怡傲錢莊」試閘露曙光,https://www.stheadline.com/racing-tips/3619675/Ian心水怡傲錢莊試閘露曙光,news,
2026-09-26 14:51:47,2026-09-26,,,文明福星,星島頭條,Ian心水,Ian心水│「怡傲錢莊」試閘露曙光,https://www.stheadline.com/racing-tips/3619675/Ian心水怡傲錢莊試閘露曙光,news,
2026-09-26 14:51:47,2026-09-26,,,都靈冠星,星島頭條,Ian心水,Ian心水│「怡傲錢莊」試閘露曙光,https://www.stheadline.com/racing-tips/3619675/Ian心水怡傲錢莊試閘露曙光,news,
2026-09-26 14:51:47,2026-09-26,,,極速神影,星島頭條,Dickson心水,Dickson心水│「極速神影」輝哥開胡,https://www.stheadline.com/racing-tips/3619674/Dickson心水極速神影輝哥開胡,news,
2026-09-26 14:51:47,2026-09-26,,,致力之城,星島頭條,Dickson心水,Dickson心水│「極速神影」輝哥開胡,https://www.stheadline.com/racing-tips/3619674/Dickson心水極速神影輝哥開胡,news,
2026-09-26 14:51:47,2026-09-26,,,紅海旺,星島頭條,Dickson心水,Dickson心水│「極速神影」輝哥開胡,https://www.stheadline.com/racing-tips/3619674/Dickson心水極速神影輝哥開胡,news,
2026-09-26 14:51:47,2026-09-26,,,友瑩仁,星島頭條,Dickson心水,Dickson心水│「極速神影」輝哥開胡,https://www.stheadline.com/racing-tips/3619674/Dickson心水極速神影輝哥開胡,news,
2026-09-26 14:51:47,2026-09-26,,,白鷺金剛,星島頭條,甜甜小記,甜甜小記│「白鷺金剛」喜重逢,https://www.stheadline.com/racing-tips/3619596/甜甜小記白鷺金剛喜重逢,news,
2026-09-27 05:36:40,2026-09-27,7,,三軍勇將,東網馬經,兆文,兆文專欄,https://racing.on.cc/racing/fav/current/rjfavi0101x0.html,news,oncc
2026-09-27 05:36:40,2026-09-27,7,,樂勝天下,東網馬經,兆文,兆文專欄,https://racing.on.cc/racing/fav/current/rjfavi0101x0.html,news,oncc
2026-09-27 05:36:40,2026-09-27,7,,錶之極光,東網馬經,兆文,兆文專欄,https://racing.on.cc/racing/fav/current/rjfavi0101x0.html,news,oncc
2026-09-27 05:36:40,2026-09-27,9,,包裝戰仕,東網馬經,兆文,兆文專欄,https://racing.on.cc/racing/fav/current/rjfavi0101x0.html,news,oncc
2026-09-27 05:36:40,2026-09-27,9,,名揚四海,東網馬經,兆文,兆文專欄,https://racing.on.cc/racing/fav/current/rjfavi0101x0.html,news,oncc
2026-09-27 05:36:40,2026-09-27,,,隋我同來,星島頭條,亨利拆局,亨利拆局│練馬師王吼桂福特,https://www.stheadline.com/racing-tips/3619666/亨利拆局練馬師王吼桂福特,news,
2026-09-27 05:36:40,2026-09-27,,,錶之銀河,星島頭條,亨利拆局,亨利拆局│練馬師王吼桂福特,https://www.stheadline.com/racing-tips/3619666/亨利拆局練馬師王吼桂福特,news,
2026-09-27 05:36:40,2026-09-27,,,小鳥天堂,星島頭條,亨利拆局,亨利拆局│練馬師王吼桂福特,https://www.stheadline.com/racing-tips/3619666/亨利拆局練馬師王吼桂福特,news,
2026-09-27 05:36:40,2026-09-27,,,小魔怪,星島頭條,廖事如神,廖事如神│「小魔怪」弱組大晒,https://www.stheadline.com/racing-tips/3619648/廖事如神小魔怪弱組大晒,news,
2026-09-27 05:36:40,2026-09-27,,,俏眼光,星島頭條,廖事如神,廖事如神│「小魔怪」弱組大晒,https://www.stheadline.com/racing-tips/3619648/廖事如神小魔怪弱組大晒,news,
2026-09-27 05:36:40,2026-09-27,,,禾道豐,星島頭條,廖事如神,廖事如神│「小魔怪」弱組大晒,https://www.stheadline.com/racing-tips/3619648/廖事如神小魔怪弱組大晒,news,
2026-09-27 05:36:40,2026-09-27,,,星光大道,星島頭條,廖事如神,廖事如神│「小魔怪」弱組大晒,https://www.stheadline.com/racing-tips/3619648/廖事如神小魔怪弱組大晒,news,
2026-09-27 05:36:40,2026-09-27,,,領駿輝煌,星島頭條,廖事如神,廖事如神│「小魔怪」弱組大晒,https://www.stheadline.com/racing-tips/3619648/廖事如神小魔怪弱組大晒,news,
2026-09-27 05:36:40,2026-09-27,,,小鳥天堂,星島頭條,廖事如神,廖事如神│「小魔怪」弱組大晒,https://www.stheadline.com/racing-tips/3619648/廖事如神小魔怪弱組大晒,news,
2026-09-27 05:36:40,2026-09-27,,,錶之銀河,星島頭條,廖事如神,廖事如神│「小魔怪」弱組大晒,https://www.stheadline.com/racing-tips/3619648/廖事如神小魔怪弱組大晒,news,
2026-09-27 05:36:40,2026-09-27,,,驕陽明駒,星島頭條,廖事如神,廖事如神│「小魔怪」弱組大晒,https://www.stheadline.com/racing-tips/3619648/廖事如神小魔怪弱組大晒,news,
2026-09-27 05:36:40,2026-09-27,,,白鷺金剛,星島頭條,廖事如神,廖事如神│「小魔怪」弱組大晒,https://www.stheadline.com/racing-tips/3619648/廖事如神小魔怪弱組大晒,news,
2026-09-27 05:36:40,2026-09-27,,,增強,星島頭條,波仔至醒靈活玩,波仔至醒靈活玩│「增強」利跑新鮮,https://www.stheadline.com/racing-tips/3619620/波仔至醒靈活玩增強利跑新鮮,news,
2026-09-27 05:36:40,2026-09-27,,,亨驥,星島頭條,波仔至醒靈活玩,波仔至醒靈活玩│「增強」利跑新鮮,https://www.stheadline.com/racing-tips/3619620/波仔至醒靈活玩增強利跑新鮮,news,
2026-09-27 05:36:40,2026-09-27,,,星際快車,星島頭條,波仔至醒靈活玩,波仔至醒靈活玩│「增強」利跑新鮮,https://www.stheadline.com/racing-tips/3619620/波仔至醒靈活玩增強利跑新鮮,news,
2026-09-27 05:36:40,2026-09-27,,,禾道豐,星島頭條,波仔至醒靈活玩,波仔至醒靈活玩│「增強」利跑新鮮,https://www.stheadline.com/racing-tips/3619620/波仔至醒靈活玩增強利跑新鮮,news,
2026-09-27 05:36:40,2026-09-27,,,冷娃,星島頭條,波仔至醒靈活玩,波仔至醒靈活玩│「增強」利跑新鮮,https://www.stheadline.com/racing-tips/3619620/波仔至醒靈活玩增強利跑新鮮,news,
2026-09-27 05:36:40,2026-09-27,,,包裝戰仕,星島頭條,波仔至醒靈活玩,波仔至醒靈活玩│「增強」利跑新鮮,https://www.stheadline.com/racing-tips/3619620/波仔至醒靈活玩增強利跑新鮮,news,
2026-09-27 05:36:40,2026-09-27,,,扶搖勢勁,星島頭條,波仔至醒靈活玩,波仔至醒靈活玩│「增強」利跑新鮮,https://www.stheadline.com/racing-tips/3619620/波仔至醒靈活玩增強利跑新鮮,news,
2026-09-27 05:36:40,2026-09-27,,,包裝戰仕,星島頭條,馬觀微全日心水,馬觀微全日心水│「包裝戰仕」連捷成事,https://www.stheadline.com/racing-tips/3619661/馬觀微全日心水包裝戰仕連捷成事,news,
2026-09-27 15:29:59,2026-09-27,,,友瑩仁,星島頭條,見習騎師袁幸堯周四起減七磅,見習騎師袁幸堯周四起減七磅,https://www.stheadline.com/realtime-racing/3619940/見習騎師袁幸堯周四起減七磅,news,
2026-09-27 15:29:59,2026-09-27,,,天天同樂,星島頭條,巴度國慶賽馬日復出,巴度國慶賽馬日復出,https://www.stheadline.com/realtime-racing/3619925/巴度國慶賽馬日復出,news,
2026-09-27 15:29:59,2026-09-27,,,威利金箭,星島頭條,巴度國慶賽馬日復出,巴度國慶賽馬日復出,https://www.stheadline.com/realtime-racing/3619925/巴度國慶賽馬日復出,news,
2026-09-27 15:29:59,2026-09-27,,,遨遊飛翔,星島頭條,巴度國慶賽馬日復出,巴度國慶賽馬日復出,https://www.stheadline.com/realtime-racing/3619925/巴度國慶賽馬日復出,news,
2026-09-27 15:29:59,2026-09-27,,,天天更好,星島頭條,巴度國慶賽馬日復出,巴度國慶賽馬日復出,https://www.stheadline.com/realtime-racing/3619925/巴度國慶賽馬日復出,news,
2026-09-27 15:29:59,2026-09-27,,,凱旋王者,星島頭條,巴度國慶賽馬日復出,巴度國慶賽馬日復出,https://www.stheadline.com/realtime-racing/3619925/巴度國慶賽馬日復出,news,
2026-09-27 15:29:59,2026-09-27,,,傳承效應,星島頭條,巴度國慶賽馬日復出,巴度國慶賽馬日復出,https://www.stheadline.com/realtime-racing/3619925/巴度國慶賽馬日復出,news,
2026-09-27 15:29:59,2026-09-27,,,特別美麗,星島頭條,巴度國慶賽馬日復出,巴度國慶賽馬日復出,https://www.stheadline.com/realtime-racing/3619925/巴度國慶賽馬日復出,news,
2026-09-27 15:29:59,2026-09-27,,,開心三多,星島頭條,巴度國慶賽馬日復出,巴度國慶賽馬日復出,https://www.stheadline.com/realtime-racing/3619925/巴度國慶賽馬日復出,news,
2026-09-29 06:02:14,2026-09-27,2,4,小魔怪,東網馬經,西門獨,西門獨貼士,https://racing.on.cc/racing/fav/current/rjfavf0101x0.html,news,oncc
2026-09-29 06:02:14,2026-09-27,2,8,領駿輝煌,東網馬經,西門獨,西門獨貼士,https://racing.on.cc/racing/fav/current/rjfavf0101x0.html,news,oncc
2026-09-29 06:02:14,2026-09-27,2,11,源好運,東網馬經,西門獨,西門獨貼士,https://racing.on.cc/racing/fav/current/rjfavf0101x0.html,news,oncc
2026-09-29 06:02:14,2026-09-27,2,12,金多囍,東網馬經,西門獨,西門獨貼士,https://racing.on.cc/racing/fav/current/rjfavf0101x0.html,news,oncc
2026-09-29 06:02:14,2026-09-27,2,7,星光大道,東網馬經,西門獨,西門獨貼士,https://racing.on.cc/racing/fav/current/rjfavf0101x0.html,news,oncc
2026-09-29 06:02:14,2026-09-27,3,9,果然僥倖,東網馬經,西門獨,西門獨貼士,https://racing.on.cc/racing/fav/current/rjfavf0101x0.html,news,oncc
2026-09-29 06:02:14,2026-09-27,3,11,快樂老撾,東網馬經,西門獨,西門獨貼士,https://racing.on.cc/racing/fav/current/rjfavf0101x0.html,news,oncc
2026-09-29 06:02:14,2026-09-27,3,12,銳高,東網馬經,西門獨,西門獨貼士,https://racing.on.cc/racing/fav/current/rjfavf0101x0.html,news,oncc
2026-09-29 06:02:14,2026-09-27,3,1,一路精彩,東網馬經,西門獨,西門獨貼士,https://racing.on.cc/racing/fav/current/rjfavf0101x0.html,news,oncc
2026-09-29 06:02:14,2026-09-27,3,8,銀騰,東網馬經,西門獨,西門獨貼士,https://racing.on.cc/racing/fav/current/rjfavf0101x0.html,news,oncc
2026-09-29 06:02:14,2026-09-27,4,9,雷神太保,東網馬經,西門獨,西門獨貼士,https://racing.on.cc/racing/fav/current/rjfavf0101x0.html,news,oncc
2026-09-29 06:02:14,2026-09-27,4,1,極速神影,東網馬經,西門獨,西門獨貼士,https://racing.on.cc/racing/fav/current/rjfavf0101x0.html,news,oncc
2026-09-29 06:02:14,2026-09-27,4,11,飛來霸,東網馬經,西門獨,西門獨貼士,https://racing.on.cc/racing/fav/current/rjfavf0101x0.html,news,oncc
2026-09-29 06:02:14,2026-09-27,4,13,共創歡欣,東網馬經,西門獨,西門獨貼士,https://racing.on.cc/racing/fav/current/rjfavf0101x0.html,news,oncc
2026-09-29 06:02:14,2026-09-27,4,2,日出東方,東網馬經,西門獨,西門獨貼士,https://racing.on.cc/racing/fav/current/rjfavf0101x0.html,news,oncc
2026-09-29 06:02:14,2026-09-27,5,6,砂漿麒星,東網馬經,西門獨,西門獨貼士,https://racing.on.cc/racing/fav/current/rjfavf0101x0.html,news,oncc
2026-09-29 06:02:14,2026-09-27,5,8,幸運大夫,東網馬經,西門獨,西門獨貼士,https://racing.on.cc/racing/fav/current/rjfavf0101x0.html,news,oncc
2026-09-29 06:02:14,2026-09-27,5,5,穿甲戰鷹,東網馬經,西門獨,西門獨貼士,https://racing.on.cc/racing/fav/current/rjfavf0101x0.html,news,oncc
2026-09-29 06:02:14,2026-09-27,5,2,怡傲錢莊,東網馬經,西門獨,西門獨貼士,https://racing.on.cc/racing/fav/current/rjfavf0101x0.html,news,oncc
2026-09-29 06:02:14,2026-09-27,5,4,贏得自然,東網馬經,西門獨,西門獨貼士,https://racing.on.cc/racing/fav/current/rjfavf0101x0.html,news,oncc
2026-09-29 06:02:14,2026-09-27,6,2,都靈冠星,東網馬經,西門獨,西門獨貼士,https://racing.on.cc/racing/fav/current/rjfavf0101x0.html,news,oncc
2026-09-29 06:02:14,2026-09-27,6,1,準輝煌,東網馬經,西門獨,西門獨貼士,https://racing.on.cc/racing/fav/current/rjfavf0101x0.html,news,oncc
2026-09-29 06:02:14,2026-09-27,6,4,哈羅威,東網馬經,西門獨,西門獨貼士,https://racing.on.cc/racing/fav/current/rjfavf0101x0.html,news,oncc
2026-09-29 06:02:14,2026-09-27,6,9,確好勁,東網馬經,西門獨,西門獨貼士,https://racing.on.cc/racing/fav/current/rjfavf0101x0.html,news,oncc
2026-09-29 06:02:14,2026-09-27,6,12,熱氣球,東網馬經,西門獨,西門獨貼士,https://racing.on.cc/racing/fav/current/rjfavf0101x0.html,news,oncc
2026-09-29 06:02:14,2026-09-27,7,8,致力之城,東網馬經,西門獨,西門獨貼士,https://racing.on.cc/racing/fav/current/rjfavf0101x0.html,news,oncc
2026-09-29 06:02:14,2026-09-27,7,9,包裝天王,東網馬經,西門獨,西門獨貼士,https://racing.on.cc/racing/fav/current/rjfavf0101x0.html,news,oncc
2026-09-29 06:02:14,2026-09-27,7,12,伶俐驫駒,東網馬經,西門獨,西門獨貼士,https://racing.on.cc/racing/fav/current/rjfavf0101x0.html,news,oncc
2026-09-29 06:02:14,2026-09-27,7,5,,東網馬經,西門獨,西門獨貼士,https://racing.on.cc/racing/fav/current/rjfavf0101x0.html,news,oncc
2026-09-29 06:02:14,2026-09-27,7,1,錶之極光,東網馬經,西門獨,西門獨貼士,https://racing.on.cc/racing/fav/current/rjfavf0101x0.html,news,oncc
2026-09-29 06:02:14,2026-09-27,8,3,白鷺金剛,東網馬經,西門獨,西門獨貼士,https://racing.on.cc/racing/fav/current/rjfavf0101x0.html,news,oncc
2026-09-29 06:02:14,2026-09-27,8,6,小鳥天堂,東網馬經,西門獨,西門獨貼士,https://racing.on.cc/racing/fav/current/rjfavf0101x0.html,news,oncc
2026-09-29 06:02:14,2026-09-27,8,2,驕陽明駒,東網馬經,西門獨,西門獨貼士,https://racing.on.cc/racing/fav/current/rjfavf0101x0.html,news,oncc
2026-09-29 06:02:14,2026-09-27,8,1,錶之銀河,東網馬經,西門獨,西門獨貼士,https://racing.on.cc/racing/fav/current/rjfavf0101x0.html,news,oncc
2026-09-29 06:02:14,2026-09-27,8,5,合夥奔馳,東網馬經,西門獨,西門獨貼士,https://racing.on.cc/racing/fav/current/rjfavf0101x0.html,news,oncc
2026-09-29 06:02:14,2026-09-27,9,8,包裝戰仕,東網馬經,西門獨,西門獨貼士,https://racing.on.cc/racing/fav/current/rjfavf0101x0.html,news,oncc
2026-09-29 06:02:14,2026-09-27,9,1,活力拍檔,東網馬經,西門獨,西門獨貼士,https://racing.on.cc/racing/fav/current/rjfavf0101x0.html,news,oncc
2026-09-29 06:02:14,2026-09-27,9,14,量子力奇,東網馬經,西門獨,西門獨貼士,https://racing.on.cc/racing/fav/current/rjfavf0101x0.html,news,oncc
2026-09-29 06:02:14,2026-09-27,9,10,奇異果,東網馬經,西門獨,西門獨貼士,https://racing.on.cc/racing/fav/current/rjfavf0101x0.html,news,oncc
2026-09-29 06:02:14,2026-09-27,9,4,一定掂,東網馬經,西門獨,西門獨貼士,https://racing.on.cc/racing/fav/current/rjfavf0101x0.html,news,oncc
2026-09-29 06:02:14,2026-09-27,10,9,興馳千里,東網馬經,西門獨,西門獨貼士,https://racing.on.cc/racing/fav/current/rjfavf0101x0.html,news,oncc
2026-09-29 06:02:14,2026-09-27,10,10,增強,東網馬經,西門獨,西門獨貼士,https://racing.on.cc/racing/fav/current/rjfavf0101x0.html,news,oncc
2026-09-29 06:02:14,2026-09-27,10,3,扶搖勢勁,東網馬經,西門獨,西門獨貼士,https://racing.on.cc/racing/fav/current/rjfavf0101x0.html,news,oncc
2026-09-29 06:02:14,2026-09-27,10,8,極上紗瓏,東網馬經,西門獨,西門獨貼士,https://racing.on.cc/racing/fav/current/rjfavf0101x0.html,news,oncc
2026-09-29 06:02:14,2026-09-27,10,6,競駿輝煌,東網馬經,西門獨,西門獨貼士,https://racing.on.cc/racing/fav/current/rjfavf0101x0.html,news,oncc
2026-09-29 06:02:14,2026-09-27,11,6,,東網馬經,西門獨,西門獨貼士,https://racing.on.cc/racing/fav/current/rjfavf0101x0.html,news,oncc
2026-09-29 06:02:14,2026-09-27,11,4,同樣美麗,東網馬經,西門獨,西門獨貼士,https://racing.on.cc/racing/fav/current/rjfavf0101x0.html,news,oncc
2026-09-29 06:02:14,2026-09-27,11,3,友瑩仁,東網馬經,西門獨,西門獨貼士,https://racing.on.cc/racing/fav/current/rjfavf0101x0.html,news,oncc
2026-09-29 06:02:14,2026-09-27,11,10,哥倫布,東網馬經,西門獨,西門獨貼士,https://racing.on.cc/racing/fav/current/rjfavf0101x0.html,news,oncc
2026-09-29 06:02:14,2026-09-27,11,14,皇仁歡星,東網馬經,西門獨,西門獨貼士,https://racing.on.cc/racing/fav/current/rjfavf0101x0.html,news,oncc
2026-09-29 06:02:14,2026-09-27,2,7,星光大道,東網馬經,諸葛數,西門獨貼士,https://racing.on.cc/racing/fav/current/rjfavf0101x0.html,news,oncc
2026-09-29 06:02:14,2026-09-27,2,12,金多囍,東網馬經,諸葛數,西門獨貼士,https://racing.on.cc/racing/fav/current/rjfavf0101x0.html,news,oncc
2026-09-29 06:02:14,2026-09-27,2,8,領駿輝煌,東網馬經,諸葛數,西門獨貼士,https://racing.on.cc/racing/fav/current/rjfavf0101x0.html,news,oncc
2026-09-29 06:02:14,2026-09-27,2,11,源好運,東網馬經,諸葛數,西門獨貼士,https://racing.on.cc/racing/fav/current/rjfavf0101x0.html,news,oncc
2026-09-29 06:02:14,2026-09-27,2,4,小魔怪,東網馬經,諸葛數,西門獨貼士,https://racing.on.cc/racing/fav/current/rjfavf0101x0.html,news,oncc
2026-09-29 06:02:14,2026-09-27,3,11,快樂老撾,東網馬經,諸葛數,西門獨貼士,https://racing.on.cc/racing/fav/current/rjfavf0101x0.html,news,oncc
2026-09-29 06:02:14,2026-09-27,3,1,一路精彩,東網馬經,諸葛數,西門獨貼士,https://racing.on.cc/racing/fav/current/rjfavf0101x0.html,news,oncc
2026-09-29 06:02:14,2026-09-27,3,3,順成之星,東網馬經,諸葛數,西門獨貼士,https://racing.on.cc/racing/fav/current/rjfavf0101x0.html,news,oncc
2026-09-29 06:02:14,2026-09-27,3,10,海王,東網馬經,諸葛數,西門獨貼士,https://racing.on.cc/racing/fav/current/rjfavf0101x0.html,news,oncc
2026-09-29 06:02:14,2026-09-27,3,4,閃電武士,東網馬經,諸葛數,西門獨貼士,https://racing.on.cc/racing/fav/current/rjfavf0101x0.html,news,oncc
2026-09-29 06:02:14,2026-09-27,4,1,極速神影,東網馬經,諸葛數,西門獨貼士,https://racing.on.cc/racing/fav/current/rjfavf0101x0.html,news,oncc
2026-09-29 06:02:14,2026-09-27,4,12,杭至尊,東網馬經,諸葛數,西門獨貼士,https://racing.on.cc/racing/fav/current/rjfavf0101x0.html,news,oncc
2026-09-29 06:02:14,2026-09-27,4,13,共創歡欣,東網馬經,諸葛數,西門獨貼士,https://racing.on.cc/racing/fav/current/rjfavf0101x0.html,news,oncc
2026-09-29 06:02:14,2026-09-27,4,14,燊輝之星,東網馬經,諸葛數,西門獨貼士,https://racing.on.cc/racing/fav/current/rjfavf0101x0.html,news,oncc
2026-09-29 06:02:14,2026-09-27,4,9,雷神太保,東網馬經,諸葛數,西門獨貼士,https://racing.on.cc/racing/fav/current/rjfavf0101x0.html,news,oncc
2026-09-29 06:02:14,2026-09-27,5,6,砂漿麒星,東網馬經,諸葛數,西門獨貼士,https://racing.on.cc/racing/fav/current/rjfavf0101x0.html,news,oncc
2026-09-29 06:02:14,2026-09-27,5,5,穿甲戰鷹,東網馬經,諸葛數,西門獨貼士,https://racing.on.cc/racing/fav/current/rjfavf0101x0.html,news,oncc
2026-09-29 06:02:14,2026-09-27,5,8,幸運大夫,東網馬經,諸葛數,西門獨貼士,https://racing.on.cc/racing/fav/current/rjfavf0101x0.html,news,oncc
2026-09-29 06:02:14,2026-09-27,5,3,表廠傳奇,東網馬經,諸葛數,西門獨貼士,https://racing.on.cc/racing/fav/current/rjfavf0101x0.html,news,oncc
2026-09-29 06:02:14,2026-09-27,5,4,贏得自然,東網馬經,諸葛數,西門獨貼士,https://racing.on.cc/racing/fav/current/rjfavf0101x0.html,news,oncc
2026-09-29 06:02:14,2026-09-27,6,1,準輝煌,東網馬經,諸葛數,西門獨貼士,https://racing.on.cc/racing/fav/current/rjfavf0101x0.html,news,oncc
2026-09-29 06:02:14,2026-09-27,6,2,都靈冠星,東網馬經,諸葛數,西門獨貼士,https://racing.on.cc/racing/fav/current/rjfavf0101x0.html,news,oncc
2026-09-29 06:02:14,2026-09-27,6,13,戀愛狂,東網馬經,諸葛數,西門獨貼士,https://racing.on.cc/racing/fav/current/rjfavf0101x0.html,news,oncc
2026-09-29 06:02:14,2026-09-27,6,5,鬥志波,東網馬經,諸葛數,西門獨貼士,https://racing.on.cc/racing/fav/current/rjfavf0101x0.html,news,oncc
2026-09-29 06:02:14,2026-09-27,6,3,,東網馬經,諸葛數,西門獨貼士,https://racing.on.cc/racing/fav/current/rjfavf0101x0.html,news,oncc
2026-09-29 06:02:14,2026-09-27,7,8,致力之城,東網馬經,諸葛數,西門獨貼士,https://racing.on.cc/racing/fav/current/rjfavf0101x0.html,news,oncc
2026-09-29 06:02:14,2026-09-27,7,1,錶之極光,東網馬經,諸葛數,西門獨貼士,https://racing.on.cc/racing/fav/current/rjfavf0101x0.html,news,oncc
2026-09-29 06:02:14,2026-09-27,7,9,包裝天王,東網馬經,諸葛數,西門獨貼士,https://racing.on.cc/racing/fav/current/rjfavf0101x0.html,news,oncc
2026-09-29 06:02:14,2026-09-27,7,5,,東網馬經,諸葛數,西門獨貼士,https://racing.on.cc/racing/fav/current/rjfavf0101x0.html,news,oncc
2026-09-29 06:02:14,2026-09-27,7,6,大番薯,東網馬經,諸葛數,西門獨貼士,https://racing.on.cc/racing/fav/current/rjfavf0101x0.html,news,oncc
2026-09-29 06:02:14,2026-09-27,8,5,合夥奔馳,東網馬經,諸葛數,西門獨貼士,https://racing.on.cc/racing/fav/current/rjfavf0101x0.html,news,oncc
2026-09-29 06:02:14,2026-09-27,8,2,驕陽明駒,東網馬經,諸葛數,西門獨貼士,https://racing.on.cc/racing/fav/current/rjfavf0101x0.html,news,oncc
2026-09-29 06:02:14,2026-09-27,8,1,錶之銀河,東網馬經,諸葛數,西門獨貼士,https://racing.on.cc/racing/fav/current/rjfavf0101x0.html,news,oncc
2026-09-29 06:02:14,2026-09-27,8,3,白鷺金剛,東網馬經,諸葛數,西門獨貼士,https://racing.on.cc/racing/fav/current/rjfavf0101x0.html,news,oncc
2026-09-29 06:02:14,2026-09-27,8,6,小鳥天堂,東網馬經,諸葛數,西門獨貼士,https://racing.on.cc/racing/fav/current/rjfavf0101x0.html,news,oncc
2026-09-29 06:02:14,2026-09-27,9,8,包裝戰仕,東網馬經,諸葛數,西門獨貼士,https://racing.on.cc/racing/fav/current/rjfavf0101x0.html,news,oncc
2026-09-29 06:02:14,2026-09-27,9,1,活力拍檔,東網馬經,諸葛數,西門獨貼士,https://racing.on.cc/racing/fav/current/rjfavf0101x0.html,news,oncc
2026-09-29 06:02:14,2026-09-27,9,13,逍遙騎士,東網馬經,諸葛數,西門獨貼士,https://racing.on.cc/racing/fav/current/rjfavf0101x0.html,news,oncc
2026-09-29 06:02:14,2026-09-27,9,7,紫辰之星,東網馬經,諸葛數,西門獨貼士,https://racing.on.cc/racing/fav/current/rjfavf0101x0.html,news,oncc
2026-09-29 06:02:14,2026-09-27,9,11,紫荊拼搏,東網馬經,諸葛數,西門獨貼士,https://racing.on.cc/racing/fav/current/rjfavf0101x0.html,news,oncc
2026-09-29 06:02:14,2026-09-27,10,8,極上紗瓏,東網馬經,諸葛數,西門獨貼士,https://racing.on.cc/racing/fav/current/rjfavf0101x0.html,news,oncc
2026-09-29 06:02:14,2026-09-27,10,9,興馳千里,東網馬經,諸葛數,西門獨貼士,https://racing.on.cc/racing/fav/current/rjfavf0101x0.html,news,oncc
2026-09-29 06:02:14,2026-09-27,10,7,維港智能,東網馬經,諸葛數,西門獨貼士,https://racing.on.cc/racing/fav/current/rjfavf0101x0.html,news,oncc
2026-09-29 06:02:14,2026-09-27,10,3,扶搖勢勁,東網馬經,諸葛數,西門獨貼士,https://racing.on.cc/racing/fav/current/rjfavf0101x0.html,news,oncc
2026-09-29 06:02:14,2026-09-27,10,2,綠族無限,東網馬經,諸葛數,西門獨貼士,https://racing.on.cc/racing/fav/current/rjfavf0101x0.html,news,oncc
2026-09-29 06:02:14,2026-09-27,11,6,,東網馬經,諸葛數,西門獨貼士,https://racing.on.cc/racing/fav/current/rjfavf0101x0.html,news,oncc
2026-09-29 06:02:14,2026-09-27,11,4,同樣美麗,東網馬經,諸葛數,西門獨貼士,https://racing.on.cc/racing/fav/current/rjfavf0101x0.html,news,oncc
2026-09-29 06:02:14,2026-09-27,11,3,友瑩仁,東網馬經,諸葛數,西門獨貼士,https://racing.on.cc/racing/fav/current/rjfavf0101x0.html,news,oncc
2026-09-29 06:02:14,2026-09-27,11,2,超勁赤兔,東網馬經,諸葛數,西門獨貼士,https://racing.on.cc/racing/fav/current/rjfavf0101x0.html,news,oncc
2026-09-29 06:02:14,2026-09-27,11,10,哥倫布,東網馬經,諸葛數,西門獨貼士,https://racing.on.cc/racing/fav/current/rjfavf0101x0.html,news,oncc
2026-09-29 06:02:14,2026-09-27,2,8,領駿輝煌,東網馬經,陳志懷,西門獨貼士,https://racing.on.cc/racing/fav/current/rjfavf0101x0.html,news,oncc
2026-09-29 06:02:14,2026-09-27,2,11,源好運,東網馬經,陳志懷,西門獨貼士,https://racing.on.cc/racing/fav/current/rjfavf0101x0.html,news,oncc
2026-09-29 06:02:14,2026-09-27,2,4,小魔怪,東網馬經,陳志懷,西門獨貼士,https://racing.on.cc/racing/fav/current/rjfavf0101x0.html,news,oncc
2026-09-29 06:02:14,2026-09-27,2,12,金多囍,東網馬經,陳志懷,西門獨貼士,https://racing.on.cc/racing/fav/current/rjfavf0101x0.html,news,oncc
2026-09-29 06:02:14,2026-09-27,2,7,星光大道,東網馬經,陳志懷,西門獨貼士,https://racing.on.cc/racing/fav/current/rjfavf0101x0.html,news,oncc
2026-09-29 06:02:14,2026-09-27,3,9,果然僥倖,東網馬經,陳志懷,西門獨貼士,https://racing.on.cc/racing/fav/current/rjfavf0101x0.html,news,oncc
2026-09-29 06:02:14,2026-09-27,3,4,閃電武士,東網馬經,陳志懷,西門獨貼士,https://racing.on.cc/racing/fav/current/rjfavf0101x0.html,news,oncc
2026-09-29 06:02:14,2026-09-27,3,7,猛將兄,東網馬經,陳志懷,西門獨貼士,https://racing.on.cc/racing/fav/current/rjfavf0101x0.html,news,oncc
2026-09-29 06:02:14,2026-09-27,3,8,銀騰,東網馬經,陳志懷,西門獨貼士,https://racing.on.cc/racing/fav/current/rjfavf0101x0.html,news,oncc
2026-09-29 06:02:14,2026-09-27,3,5,精益大師,東網馬經,陳志懷,西門獨貼士,https://racing.on.cc/racing/fav/current/rjfavf0101x0.html,news,oncc
2026-09-29 06:02:14,2026-09-27,4,6,常嚐發財,東網馬經,陳志懷,西門獨貼士,https://racing.on.cc/racing/fav/current/rjfavf0101x0.html,news,oncc
2026-09-29 06:02:14,2026-09-27,4,12,杭至尊,東網馬經,陳志懷,西門獨貼士,https://racing.on.cc/racing/fav/current/rjfavf0101x0.html,news,oncc
2026-09-29 06:02:14,2026-09-27,4,9,雷神太保,東網馬經,陳志懷,西門獨貼士,https://racing.on.cc/racing/fav/current/rjfavf0101x0.html,news,oncc
2026-09-29 06:02:14,2026-09-27,4,11,飛來霸,東網馬經,陳志懷,西門獨貼士,https://racing.on.cc/racing/fav/current/rjfavf0101x0.html,news,oncc
2026-09-29 06:02:14,2026-09-27,4,1,極速神影,東網馬經,陳志懷,西門獨貼士,https://racing.on.cc/racing/fav/current/rjfavf0101x0.html,news,oncc
2026-09-29 06:02:14,2026-09-27,5,2,怡傲錢莊,東網馬經,陳志懷,西門獨貼士,https://racing.on.cc/racing/fav/current/rjfavf0101x0.html,news,oncc
2026-09-29 06:02:14,2026-09-27,5,6,砂漿麒星,東網馬經,陳志懷,西門獨貼士,https://racing.on.cc/racing/fav/current/rjfavf0101x0.html,news,oncc
2026-09-29 06:02:14,2026-09-27,5,4,贏得自然,東網馬經,陳志懷,西門獨貼士,https://racing.on.cc/racing/fav/current/rjfavf0101x0.html,news,oncc
2026-09-29 06:02:14,2026-09-27,5,10,魅力星,東網馬經,陳志懷,西門獨貼士,https://racing.on.cc/racing/fav/current/rjfavf0101x0.html,news,oncc
2026-09-29 06:02:14,2026-09-27,5,1,高士威勁,東網馬經,陳志懷,西門獨貼士,https://racing.on.cc/racing/fav/current/rjfavf0101x0.html,news,oncc
2026-09-29 06:02:14,2026-09-27,6,2,都靈冠星,東網馬經,陳志懷,西門獨貼士,https://racing.on.cc/racing/fav/current/rjfavf0101x0.html,news,oncc
2026-09-29 06:02:14,2026-09-27,6,1,準輝煌,東網馬經,陳志懷,西門獨貼士,https://racing.on.cc/racing/fav/current/rjfavf0101x0.html,news,oncc
2026-09-29 06:02:14,2026-09-27,6,4,哈羅威,東網馬經,陳志懷,西門獨貼士,https://racing.on.cc/racing/fav/current/rjfavf0101x0.html,news,oncc
2026-09-29 06:02:14,2026-09-27,6,9,確好勁,東網馬經,陳志懷,西門獨貼士,https://racing.on.cc/racing/fav/current/rjfavf0101x0.html,news,oncc
2026-09-29 06:02:14,2026-09-27,6,3,,東網馬經,陳志懷,西門獨貼士,https://racing.on.cc/racing/fav/current/rjfavf0101x0.html,news,oncc
2026-09-29 06:02:14,2026-09-27,7,8,致力之城,東網馬經,陳志懷,西門獨貼士,https://racing.on.cc/racing/fav/current/rjfavf0101x0.html,news,oncc
2026-09-29 06:02:14,2026-09-27,7,5,,東網馬經,陳志懷,西門獨貼士,https://racing.on.cc/racing/fav/current/rjfavf0101x0.html,news,oncc
2026-09-29 06:02:14,2026-09-27,7,1,錶之極光,東網馬經,陳志懷,西門獨貼士,https://racing.on.cc/racing/fav/current/rjfavf0101x0.html,news,oncc
2026-09-29 06:02:14,2026-09-27,7,9,包裝天王,東網馬經,陳志懷,西門獨貼士,https://racing.on.cc/racing/fav/current/rjfavf0101x0.html,news,oncc
2026-09-29 06:02:14,2026-09-27,7,12,伶俐驫駒,東網馬經,陳志懷,西門獨貼士,https://racing.on.cc/racing/fav/current/rjfavf0101x0.html,news,oncc
2026-09-29 06:02:14,2026-09-27,8,6,小鳥天堂,東網馬經,陳志懷,西門獨貼士,https://racing.on.cc/racing/fav/current/rjfavf0101x0.html,news,oncc
2026-09-29 06:02:14,2026-09-27,8,1,錶之銀河,東網馬經,陳志懷,西門獨貼士,https://racing.on.cc/racing/fav/current/rjfavf0101x0.html,news,oncc
2026-09-29 06:02:14,2026-09-27,8,4,手機錶霸,東網馬經,陳志懷,西門獨貼士,https://racing.on.cc/racing/fav/current/rjfavf0101x0.html,news,oncc
2026-09-29 06:02:14,2026-09-27,8,7,紫荊盛勢,東網馬經,陳志懷,西門獨貼士,https://racing.on.cc/racing/fav/current/rjfavf0101x0.html,news,oncc
2026-09-29 06:02:14,2026-09-27,8,3,白鷺金剛,東網馬經,陳志懷,西門獨貼士,https://racing.on.cc/racing/fav/current/rjfavf0101x0.html,news,oncc
2026-09-29 06:02:14,2026-09-27,9,8,包裝戰仕,東網馬經,陳志懷,西門獨貼士,https://racing.on.cc/racing/fav/current/rjfavf0101x0.html,news,oncc
2026-09-29 06:02:14,2026-09-27,9,2,英駿飛駒,東網馬經,陳志懷,西門獨貼士,https://racing.on.cc/racing/fav/current/rjfavf0101x0.html,news,oncc
2026-09-29 06:02:14,2026-09-27,9,1,活力拍檔,東網馬經,陳志懷,西門獨貼士,https://racing.on.cc/racing/fav/current/rjfavf0101x0.html,news,oncc
2026-09-29 06:02:14,2026-09-27,9,7,紫辰之星,東網馬經,陳志懷,西門獨貼士,https://racing.on.cc/racing/fav/current/rjfavf0101x0.html,news,oncc
2026-09-29 06:02:14,2026-09-27,9,3,快路,東網馬經,陳志懷,西門獨貼士,https://racing.on.cc/racing/fav/current/rjfavf0101x0.html,news,oncc
2026-09-29 06:02:14,2026-09-27,10,2,綠族無限,東網馬經,陳志懷,西門獨貼士,https://racing.on.cc/racing/fav/current/rjfavf0101x0.html,news,oncc
2026-09-29 06:02:14,2026-09-27,10,10,增強,東網馬經,陳志懷,西門獨貼士,https://racing.on.cc/racing/fav/current/rjfavf0101x0.html,news,oncc
2026-09-29 06:02:14,2026-09-27,10,1,風雲武士,東網馬經,陳志懷,西門獨貼士,https://racing.on.cc/racing/fav/current/rjfavf0101x0.html,news,oncc
2026-09-29 06:02:14,2026-09-27,10,8,極上紗瓏,東網馬經,陳志懷,西門獨貼士,https://racing.on.cc/racing/fav/current/rjfavf0101x0.html,news,oncc
2026-09-29 06:02:14,2026-09-27,10,4,信心星,東網馬經,陳志懷,西門獨貼士,https://racing.on.cc/racing/fav/current/rjfavf0101x0.html,news,oncc
2026-09-29 06:02:14,2026-09-27,11,2,超勁赤兔,東網馬經,陳志懷,西門獨貼士,https://racing.on.cc/racing/fav/current/rjfavf0101x0.html,news,oncc
2026-09-29 06:02:14,2026-09-27,11,10,哥倫布,東網馬經,陳志懷,西門獨貼士,https://racing.on.cc/racing/fav/current/rjfavf0101x0.html,news,oncc
2026-09-29 06:02:14,2026-09-27,11,4,同樣美麗,東網馬經,陳志懷,西門獨貼士,https://racing.on.cc/racing/fav/current/rjfavf0101x0.html,news,oncc
2026-09-29 06:02:14,2026-09-27,11,3,友瑩仁,東網馬經,陳志懷,西門獨貼士,https://racing.on.cc/racing/fav/current/rjfavf0101x0.html,news,oncc
2026-09-29 06:02:14,2026-09-27,11,14,皇仁歡星,東網馬經,陳志懷,西門獨貼士,https://racing.on.cc/racing/fav/current/rjfavf0101x0.html,news,oncc
2026-09-29 06:02:14,2026-09-27,2,12,金多囍,東網馬經,明治朗,西門獨貼士,https://racing.on.cc/racing/fav/current/rjfavf0101x0.html,news,oncc
2026-09-29 06:02:14,2026-09-27,2,4,小魔怪,東網馬經,明治朗,西門獨貼士,https://racing.on.cc/racing/fav/current/rjfavf0101x0.html,news,oncc
2026-09-29 06:02:14,2026-09-27,2,8,領駿輝煌,東網馬經,明治朗,西門獨貼士,https://racing.on.cc/racing/fav/current/rjfavf0101x0.html,news,oncc
2026-09-29 06:02:14,2026-09-27,2,11,源好運,東網馬經,明治朗,西門獨貼士,https://racing.on.cc/racing/fav/current/rjfavf0101x0.html,news,oncc
2026-09-29 06:02:14,2026-09-27,2,5,君至酷,東網馬經,明治朗,西門獨貼士,https://racing.on.cc/racing/fav/current/rjfavf0101x0.html,news,oncc
2026-09-29 06:02:14,2026-09-27,3,12,銳高,東網馬經,明治朗,西門獨貼士,https://racing.on.cc/racing/fav/current/rjfavf0101x0.html,news,oncc
2026-09-29 06:02:14,2026-09-27,3,11,快樂老撾,東網馬經,明治朗,西門獨貼士,https://racing.on.cc/racing/fav/current/rjfavf0101x0.html,news,oncc
2026-09-29 06:02:14,2026-09-27,3,2,東方寶寶,東網馬經,明治朗,西門獨貼士,https://racing.on.cc/racing/fav/current/rjfavf0101x0.html,news,oncc
2026-09-29 06:02:14,2026-09-27,3,1,一路精彩,東網馬經,明治朗,西門獨貼士,https://racing.on.cc/racing/fav/current/rjfavf0101x0.html,news,oncc
2026-09-29 06:02:14,2026-09-27,3,10,海王,東網馬經,明治朗,西門獨貼士,https://racing.on.cc/racing/fav/current/rjfavf0101x0.html,news,oncc
2026-09-29 06:02:14,2026-09-27,4,12,杭至尊,東網馬經,明治朗,西門獨貼士,https://racing.on.cc/racing/fav/current/rjfavf0101x0.html,news,oncc
2026-09-29 06:02:14,2026-09-27,4,9,雷神太保,東網馬經,明治朗,西門獨貼士,https://racing.on.cc/racing/fav/current/rjfavf0101x0.html,news,oncc
2026-09-29 06:02:14,2026-09-27,4,6,常嚐發財,東網馬經,明治朗,西門獨貼士,https://racing.on.cc/racing/fav/current/rjfavf0101x0.html,news,oncc
2026-09-29 06:02:14,2026-09-27,4,1,極速神影,東網馬經,明治朗,西門獨貼士,https://racing.on.cc/racing/fav/current/rjfavf0101x0.html,news,oncc
2026-09-29 06:02:14,2026-09-27,4,2,日出東方,東網馬經,明治朗,西門獨貼士,https://racing.on.cc/racing/fav/current/rjfavf0101x0.html,news,oncc
2026-09-29 06:02:14,2026-09-27,5,6,砂漿麒星,東網馬經,明治朗,西門獨貼士,https://racing.on.cc/racing/fav/current/rjfavf0101x0.html,news,oncc
2026-09-29 06:02:14,2026-09-27,5,5,穿甲戰鷹,東網馬經,明治朗,西門獨貼士,https://racing.on.cc/racing/fav/current/rjfavf0101x0.html,news,oncc
2026-09-29 06:02:14,2026-09-27,5,4,贏得自然,東網馬經,明治朗,西門獨貼士,https://racing.on.cc/racing/fav/current/rjfavf0101x0.html,news,oncc
2026-09-29 06:02:14,2026-09-27,5,8,幸運大夫,東網馬經,明治朗,西門獨貼士,https://racing.on.cc/racing/fav/current/rjfavf0101x0.html,news,oncc
2026-09-29 06:02:14,2026-09-27,5,7,和光同塵,東網馬經,明治朗,西門獨貼士,https://racing.on.cc/racing/fav/current/rjfavf0101x0.html,news,oncc
2026-09-29 06:02:14,2026-09-27,6,9,確好勁,東網馬經,明治朗,西門獨貼士,https://racing.on.cc/racing/fav/current/rjfavf0101x0.html,news,oncc
2026-09-29 06:02:14,2026-09-27,6,8,文明福星,東網馬經,明治朗,西門獨貼士,https://racing.on.cc/racing/fav/current/rjfavf0101x0.html,news,oncc
2026-09-29 06:02:14,2026-09-27,6,1,準輝煌,東網馬經,明治朗,西門獨貼士,https://racing.on.cc/racing/fav/current/rjfavf0101x0.html,news,oncc
2026-09-29 06:02:14,2026-09-27,6,4,哈羅威,東網馬經,明治朗,西門獨貼士,https://racing.on.cc/racing/fav/current/rjfavf0101x0.html,news,oncc
2026-09-29 06:02:14,2026-09-27,6,13,戀愛狂,東網馬經,明治朗,西門獨貼士,https://racing.on.cc/racing/fav/current/rjfavf0101x0.html,news,oncc
2026-09-29 06:02:14,2026-09-27,7,8,致力之城,東網馬經,明治朗,西門獨貼士,https://racing.on.cc/racing/fav/current/rjfavf0101x0.html,news,oncc
2026-09-29 06:02:14,2026-09-27,7,9,包裝天王,東網馬經,明治朗,西門獨貼士,https://racing.on.cc/racing/fav/current/rjfavf0101x0.html,news,oncc
2026-09-29 06:02:14,2026-09-27,7,1,錶之極光,東網馬經,明治朗,西門獨貼士,https://racing.on.cc/racing/fav/current/rjfavf0101x0.html,news,oncc
2026-09-29 06:02:14,2026-09-27,7,2,三軍勇將,東網馬經,明治朗,西門獨貼士,https://racing.on.cc/racing/fav/current/rjfavf0101x0.html,news,oncc
2026-09-29 06:02:14,2026-09-27,7,5,,東網馬經,明治朗,西門獨貼士,https://racing.on.cc/racing/fav/current/rjfavf0101x0.html,news,oncc
2026-09-29 06:02:14,2026-09-27,8,1,錶之銀河,東網馬經,明治朗,西門獨貼士,https://racing.on.cc/racing/fav/current/rjfavf0101x0.html,news,oncc
2026-09-29 06:02:14,2026-09-27,8,6,小鳥天堂,東網馬經,明治朗,西門獨貼士,https://racing.on.cc/racing/fav/current/rjfavf0101x0.html,news,oncc
2026-09-29 06:02:14,2026-09-27,8,3,白鷺金剛,東網馬經,明治朗,西門獨貼士,https://racing.on.cc/racing/fav/current/rjfavf0101x0.html,news,oncc
2026-09-29 06:02:14,2026-09-27,8,5,合夥奔馳,東網馬經,明治朗,西門獨貼士,https://racing.on.cc/racing/fav/current/rjfavf0101x0.html,news,oncc
2026-09-29 06:02:14,2026-09-27,8,4,手機錶霸,東網馬經,明治朗,西門獨貼士,https://racing.on.cc/racing/fav/current/rjfavf0101x0.html,news,oncc
2026-09-29 06:02:14,2026-09-27,9,1,活力拍檔,東網馬經,明治朗,西門獨貼士,https://racing.on.cc/racing/fav/current/rjfavf0101x0.html,news,oncc
2026-09-29 06:02:14,2026-09-27,9,8,包裝戰仕,東網馬經,明治朗,西門獨貼士,https://racing.on.cc/racing/fav/current/rjfavf0101x0.html,news,oncc
2026-09-29 06:02:14,2026-09-27,9,9,大回報,東網馬經,明治朗,西門獨貼士,https://racing.on.cc/racing/fav/current/rjfavf0101x0.html,news,oncc
2026-09-29 06:02:14,2026-09-27,9,7,紫辰之星,東網馬經,明治朗,西門獨貼士,https://racing.on.cc/racing/fav/current/rjfavf0101x0.html,news,oncc
2026-09-29 06:02:14,2026-09-27,9,10,奇異果,東網馬經,明治朗,西門獨貼士,https://racing.on.cc/racing/fav/current/rjfavf0101x0.html,news,oncc
2026-09-29 06:02:14,2026-09-27,10,8,極上紗瓏,東網馬經,明治朗,西門獨貼士,https://racing.on.cc/racing/fav/current/rjfavf0101x0.html,news,oncc
2026-09-29 06:02:14,2026-09-27,10,5,風再起時,東網馬經,明治朗,西門獨貼士,https://racing.on.cc/racing/fav/current/rjfavf0101x0.html,news,oncc
2026-09-29 06:02:14,2026-09-27,10,10,增強,東網馬經,明治朗,西門獨貼士,https://racing.on.cc/racing/fav/current/rjfavf0101x0.html,news,oncc
2026-09-29 06:02:14,2026-09-27,10,9,興馳千里,東網馬經,明治朗,西門獨貼士,https://racing.on.cc/racing/fav/current/rjfavf0101x0.html,news,oncc
2026-09-29 06:02:14,2026-09-27,10,3,扶搖勢勁,東網馬經,明治朗,西門獨貼士,https://racing.on.cc/racing/fav/current/rjfavf0101x0.html,news,oncc
2026-09-29 06:02:14,2026-09-27,11,3,友瑩仁,東網馬經,明治朗,西門獨貼士,https://racing.on.cc/racing/fav/current/rjfavf0101x0.html,news,oncc
2026-09-29 06:02:14,2026-09-27,11,1,一生好彩,東網馬經,明治朗,西門獨貼士,https://racing.on.cc/racing/fav/current/rjfavf0101x0.html,news,oncc
2026-09-29 06:02:14,2026-09-27,11,7,名揚四海,東網馬經,明治朗,西門獨貼士,https://racing.on.cc/racing/fav/current/rjfavf0101x0.html,news,oncc
2026-09-29 06:02:14,2026-09-27,11,6,,東網馬經,明治朗,西門獨貼士,https://racing.on.cc/racing/fav/current/rjfavf0101x0.html,news,oncc
2026-09-29 06:02:14,2026-09-27,11,4,同樣美麗,東網馬經,明治朗,西門獨貼士,https://racing.on.cc/racing/fav/current/rjfavf0101x0.html,news,oncc
2026-09-29 06:02:14,2026-09-27,2,8,領駿輝煌,東網馬經,兆文,西門獨貼士,https://racing.on.cc/racing/fav/current/rjfavf0101x0.html,news,oncc
2026-09-29 06:02:14,2026-09-27,2,12,金多囍,東網馬經,兆文,西門獨貼士,https://racing.on.cc/racing/fav/current/rjfavf0101x0.html,news,oncc
2026-09-29 06:02:14,2026-09-27,2,11,源好運,東網馬經,兆文,西門獨貼士,https://racing.on.cc/racing/fav/current/rjfavf0101x0.html,news,oncc
2026-09-29 06:02:14,2026-09-27,2,10,隋我同來,東網馬經,兆文,西門獨貼士,https://racing.on.cc/racing/fav/current/rjfavf0101x0.html,news,oncc
2026-09-29 06:02:14,2026-09-27,2,4,小魔怪,東網馬經,兆文,西門獨貼士,https://racing.on.cc/racing/fav/current/rjfavf0101x0.html,news,oncc
2026-09-29 06:02:14,2026-09-27,3,11,快樂老撾,東網馬經,兆文,西門獨貼士,https://racing.on.cc/racing/fav/current/rjfavf0101x0.html,news,oncc
2026-09-29 06:02:14,2026-09-27,3,2,東方寶寶,東網馬經,兆文,西門獨貼士,https://racing.on.cc/racing/fav/current/rjfavf0101x0.html,news,oncc
2026-09-29 06:02:14,2026-09-27,3,1,一路精彩,東網馬經,兆文,西門獨貼士,https://racing.on.cc/racing/fav/current/rjfavf0101x0.html,news,oncc
2026-09-29 06:02:14,2026-09-27,3,8,銀騰,東網馬經,兆文,西門獨貼士,https://racing.on.cc/racing/fav/current/rjfavf0101x0.html,news,oncc
2026-09-29 06:02:14,2026-09-27,3,5,精益大師,東網馬經,兆文,西門獨貼士,https://racing.on.cc/racing/fav/current/rjfavf0101x0.html,news,oncc
2026-09-29 06:02:14,2026-09-27,4,3,,東網馬經,兆文,西門獨貼士,https://racing.on.cc/racing/fav/current/rjfavf0101x0.html,news,oncc
2026-09-29 06:02:14,2026-09-27,4,6,常嚐發財,東網馬經,兆文,西門獨貼士,https://racing.on.cc/racing/fav/current/rjfavf0101x0.html,news,oncc
2026-09-29 06:02:14,2026-09-27,4,1,極速神影,東網馬經,兆文,西門獨貼士,https://racing.on.cc/racing/fav/current/rjfavf0101x0.html,news,oncc
2026-09-29 06:02:14,2026-09-27,4,9,雷神太保,東網馬經,兆文,西門獨貼士,https://racing.on.cc/racing/fav/current/rjfavf0101x0.html,news,oncc
2026-09-29 06:02:14,2026-09-27,4,12,杭至尊,東網馬經,兆文,西門獨貼士,https://racing.on.cc/racing/fav/current/rjfavf0101x0.html,news,oncc
2026-09-29 06:02:14,2026-09-27,5,8,幸運大夫,東網馬經,兆文,西門獨貼士,https://racing.on.cc/racing/fav/current/rjfavf0101x0.html,news,oncc
2026-09-29 06:02:14,2026-09-27,5,5,穿甲戰鷹,東網馬經,兆文,西門獨貼士,https://racing.on.cc/racing/fav/current/rjfavf0101x0.html,news,oncc
2026-09-29 06:02:14,2026-09-27,5,6,砂漿麒星,東網馬經,兆文,西門獨貼士,https://racing.on.cc/racing/fav/current/rjfavf0101x0.html,news,oncc
2026-09-29 06:02:14,2026-09-27,5,2,怡傲錢莊,東網馬經,兆文,西門獨貼士,https://racing.on.cc/racing/fav/current/rjfavf0101x0.html,news,oncc
2026-09-29 06:02:14,2026-09-27,5,4,贏得自然,東網馬經,兆文,西門獨貼士,https://racing.on.cc/racing/fav/current/rjfavf0101x0.html,news,oncc
2026-09-29 06:02:14,2026-09-27,6,12,熱氣球,東網馬經,兆文,西門獨貼士,https://racing.on.cc/racing/fav/current/rjfavf0101x0.html,news,oncc
2026-09-29 06:02:14,2026-09-27,6,1,準輝煌,東網馬經,兆文,西門獨貼士,https://racing.on.cc/racing/fav/current/rjfavf0101x0.html,news,oncc
2026-09-29 06:02:14,2026-09-27,6,4,哈羅威,東網馬經,兆文,西門獨貼士,https://racing.on.cc/racing/fav/current/rjfavf0101x0.html,news,oncc
2026-09-29 06:02:14,2026-09-27,6,8,文明福星,東網馬經,兆文,西門獨貼士,https://racing.on.cc/racing/fav/current/rjfavf0101x0.html,news,oncc
2026-09-29 06:02:14,2026-09-27,6,9,確好勁,東網馬經,兆文,西門獨貼士,https://racing.on.cc/racing/fav/current/rjfavf0101x0.html,news,oncc
2026-09-29 06:02:14,2026-09-27,7,5,,東網馬經,兆文,西門獨貼士,https://racing.on.cc/racing/fav/current/rjfavf0101x0.html,news,oncc
2026-09-29 06:02:14,2026-09-27,7,2,三軍勇將,東網馬經,兆文,西門獨貼士,https://racing.on.cc/racing/fav/current/rjfavf0101x0.html,news,oncc
2026-09-29 06:02:14,2026-09-27,7,8,致力之城,東網馬經,兆文,西門獨貼士,https://racing.on.cc/racing/fav/current/rjfavf0101x0.html,news,oncc
2026-09-29 06:02:14,2026-09-27,7,12,伶俐驫駒,東網馬經,兆文,西門獨貼士,https://racing.on.cc/racing/fav/current/rjfavf0101x0.html,news,oncc
2026-09-29 06:02:14,2026-09-27,7,9,包裝天王,東網馬經,兆文,西門獨貼士,https://racing.on.cc/racing/fav/current/rjfavf0101x0.html,news,oncc
2026-09-29 06:02:14,2026-09-27,8,1,錶之銀河,東網馬經,兆文,西門獨貼士,https://racing.on.cc/racing/fav/current/rjfavf0101x0.html,news,oncc
2026-09-29 06:02:14,2026-09-27,8,6,小鳥天堂,東網馬經,兆文,西門獨貼士,https://racing.on.cc/racing/fav/current/rjfavf0101x0.html,news,oncc
2026-09-29 06:02:14,2026-09-27,8,3,白鷺金剛,東網馬經,兆文,西門獨貼士,https://racing.on.cc/racing/fav/current/rjfavf0101x0.html,news,oncc
2026-09-29 06:02:14,2026-09-27,8,5,合夥奔馳,東網馬經,兆文,西門獨貼士,https://racing.on.cc/racing/fav/current/rjfavf0101x0.html,news,oncc
2026-09-29 06:02:14,2026-09-27,8,2,驕陽明駒,東網馬經,兆文,西門獨貼士,https://racing.on.cc/racing/fav/current/rjfavf0101x0.html,news,oncc
2026-09-29 06:02:14,2026-09-27,9,8,包裝戰仕,東網馬經,兆文,西門獨貼士,https://racing.on.cc/racing/fav/current/rjfavf0101x0.html,news,oncc
2026-09-29 06:02:14,2026-09-27,9,9,大回報,東網馬經,兆文,西門獨貼士,https://racing.on.cc/racing/fav/current/rjfavf0101x0.html,news,oncc
2026-09-29 06:02:14,2026-09-27,9,14,量子力奇,東網馬經,兆文,西門獨貼士,https://racing.on.cc/racing/fav/current/rjfavf0101x0.html,news,oncc
2026-09-29 06:02:14,2026-09-27,9,1,活力拍檔,東網馬經,兆文,西門獨貼士,https://racing.on.cc/racing/fav/current/rjfavf0101x0.html,news,oncc
2026-09-29 06:02:14,2026-09-27,9,13,逍遙騎士,東網馬經,兆文,西門獨貼士,https://racing.on.cc/racing/fav/current/rjfavf0101x0.html,news,oncc
2026-09-29 06:02:14,2026-09-27,10,3,扶搖勢勁,東網馬經,兆文,西門獨貼士,https://racing.on.cc/racing/fav/current/rjfavf0101x0.html,news,oncc
2026-09-29 06:02:14,2026-09-27,10,9,興馳千里,東網馬經,兆文,西門獨貼士,https://racing.on.cc/racing/fav/current/rjfavf0101x0.html,news,oncc
2026-09-29 06:02:14,2026-09-27,10,10,增強,東網馬經,兆文,西門獨貼士,https://racing.on.cc/racing/fav/current/rjfavf0101x0.html,news,oncc
2026-09-29 06:02:14,2026-09-27,10,8,極上紗瓏,東網馬經,兆文,西門獨貼士,https://racing.on.cc/racing/fav/current/rjfavf0101x0.html,news,oncc
2026-09-29 06:02:14,2026-09-27,10,4,信心星,東網馬經,兆文,西門獨貼士,https://racing.on.cc/racing/fav/current/rjfavf0101x0.html,news,oncc
2026-09-29 06:02:14,2026-09-27,11,6,,東網馬經,兆文,西門獨貼士,https://racing.on.cc/racing/fav/current/rjfavf0101x0.html,news,oncc
2026-09-29 06:02:14,2026-09-27,11,3,友瑩仁,東網馬經,兆文,西門獨貼士,https://racing.on.cc/racing/fav/current/rjfavf0101x0.html,news,oncc
2026-09-29 06:02:14,2026-09-27,11,2,超勁赤兔,東網馬經,兆文,西門獨貼士,https://racing.on.cc/racing/fav/current/rjfavf0101x0.html,news,oncc
2026-09-29 06:02:14,2026-09-27,11,4,同樣美麗,東網馬經,兆文,西門獨貼士,https://racing.on.cc/racing/fav/current/rjfavf0101x0.html,news,oncc
2026-09-29 06:02:14,2026-09-27,11,8,安泰,東網馬經,兆文,西門獨貼士,https://racing.on.cc/racing/fav/current/rjfavf0101x0.html,news,oncc
2026-09-30 05:51:10,2026-09-27,7,1,錶之極光,東網馬經,卡洛斯,名家推介,https://racing.on.cc/racing/fav/current/rjfavg0001x0.html,news,oncc
2026-09-30 05:51:10,2026-09-27,7,9,包裝天王,東網馬經,卡洛斯,名家推介,https://racing.on.cc/racing/fav/current/rjfavg0001x0.html,news,oncc
2026-09-30 05:51:10,2026-09-27,7,8,致力之城,東網馬經,卡洛斯,名家推介,https://racing.on.cc/racing/fav/current/rjfavg0001x0.html,news,oncc
2026-09-30 05:51:10,2026-09-27,7,5,,東網馬經,卡洛斯,名家推介,https://racing.on.cc/racing/fav/current/rjfavg0001x0.html,news,oncc
2026-09-30 05:51:10,2026-09-27,11,6,,東網馬經,卡洛斯,名家推介,https://racing.on.cc/racing/fav/current/rjfavg0001x0.html,news,oncc
2026-09-30 05:51:10,2026-09-27,11,2,超勁赤兔,東網馬經,卡洛斯,名家推介,https://racing.on.cc/racing/fav/current/rjfavg0001x0.html,news,oncc
2026-09-30 05:51:10,2026-09-27,11,3,友瑩仁,東網馬經,卡洛斯,名家推介,https://racing.on.cc/racing/fav/current/rjfavg0001x0.html,news,oncc
2026-09-30 05:51:10,2026-09-27,11,4,同樣美麗,東網馬經,卡洛斯,名家推介,https://racing.on.cc/racing/fav/current/rjfavg0001x0.html,news,oncc
2026-09-30 05:51:10,2026-09-27,9,1,活力拍檔,東網馬經,匡公,名家推介,https://racing.on.cc/racing/fav/current/rjfavg0001x0.html,news,oncc
2026-09-30 05:51:10,2026-09-27,9,8,包裝戰仕,東網馬經,匡公,名家推介,https://racing.on.cc/racing/fav/current/rjfavg0001x0.html,news,oncc
2026-09-30 05:51:10,2026-09-27,9,3,快路,東網馬經,匡公,名家推介,https://racing.on.cc/racing/fav/current/rjfavg0001x0.html,news,oncc
2026-09-30 05:51:10,2026-09-27,9,4,一定掂,東網馬經,匡公,名家推介,https://racing.on.cc/racing/fav/current/rjfavg0001x0.html,news,oncc
2026-09-30 05:51:10,2026-09-27,10,3,扶搖勢勁,東網馬經,匡公,名家推介,https://racing.on.cc/racing/fav/current/rjfavg0001x0.html,news,oncc
2026-09-30 05:51:10,2026-09-27,10,9,興馳千里,東網馬經,匡公,名家推介,https://racing.on.cc/racing/fav/current/rjfavg0001x0.html,news,oncc
2026-09-30 05:51:10,2026-09-27,10,11,巴基之勝,東網馬經,匡公,名家推介,https://racing.on.cc/racing/fav/current/rjfavg0001x0.html,news,oncc
2026-09-30 05:51:10,2026-09-27,10,2,綠族無限,東網馬經,匡公,名家推介,https://racing.on.cc/racing/fav/current/rjfavg0001x0.html,news,oncc
2026-09-30 05:51:10,2026-09-27,1,2,嘉嘉友福,東網馬經,金駒,名家推介,https://racing.on.cc/racing/fav/current/rjfavg0001x0.html,news,oncc
2026-09-30 05:51:10,2026-09-27,1,3,日日獎,東網馬經,金駒,名家推介,https://racing.on.cc/racing/fav/current/rjfavg0001x0.html,news,oncc
2026-09-30 05:51:10,2026-09-27,1,6,銳一,東網馬經,金駒,名家推介,https://racing.on.cc/racing/fav/current/rjfavg0001x0.html,news,oncc
2026-09-30 05:51:10,2026-09-27,1,10,建測精英,東網馬經,金駒,名家推介,https://racing.on.cc/racing/fav/current/rjfavg0001x0.html,news,oncc
2026-09-30 05:51:10,2026-09-27,3,11,快樂老撾,東網馬經,金駒,名家推介,https://racing.on.cc/racing/fav/current/rjfavg0001x0.html,news,oncc
2026-09-30 05:51:10,2026-09-27,3,1,一路精彩,東網馬經,金駒,名家推介,https://racing.on.cc/racing/fav/current/rjfavg0001x0.html,news,oncc
2026-09-30 05:51:10,2026-09-27,3,2,東方寶寶,東網馬經,金駒,名家推介,https://racing.on.cc/racing/fav/current/rjfavg0001x0.html,news,oncc
2026-09-30 05:51:10,2026-09-27,3,3,順成之星,東網馬經,金駒,名家推介,https://racing.on.cc/racing/fav/current/rjfavg0001x0.html,news,oncc
2026-09-30 05:51:10,2026-09-27,4,9,雷神太保,東網馬經,西門獨,名家推介,https://racing.on.cc/racing/fav/current/rjfavg0001x0.html,news,oncc
2026-09-30 05:51:10,2026-09-27,4,1,極速神影,東網馬經,西門獨,名家推介,https://racing.on.cc/racing/fav/current/rjfavg0001x0.html,news,oncc
2026-09-30 05:51:10,2026-09-27,4,11,飛來霸,東網馬經,西門獨,名家推介,https://racing.on.cc/racing/fav/current/rjfavg0001x0.html,news,oncc
2026-09-30 05:51:10,2026-09-27,4,13,共創歡欣,東網馬經,西門獨,名家推介,https://racing.on.cc/racing/fav/current/rjfavg0001x0.html,news,oncc
2026-09-30 05:51:10,2026-09-27,11,6,,東網馬經,西門獨,名家推介,https://racing.on.cc/racing/fav/current/rjfavg0001x0.html,news,oncc
2026-09-30 05:51:10,2026-09-27,11,4,同樣美麗,東網馬經,西門獨,名家推介,https://racing.on.cc/racing/fav/current/rjfavg0001x0.html,news,oncc
2026-09-30 05:51:10,2026-09-27,11,3,友瑩仁,東網馬經,西門獨,名家推介,https://racing.on.cc/racing/fav/current/rjfavg0001x0.html,news,oncc
2026-09-30 05:51:10,2026-09-27,11,10,哥倫布,東網馬經,西門獨,名家推介,https://racing.on.cc/racing/fav/current/rjfavg0001x0.html,news,oncc
2026-09-30 05:51:10,2026-09-27,2,4,小魔怪,東網馬經,諸葛數,名家推介,https://racing.on.cc/racing/fav/current/rjfavg0001x0.html,news,oncc
2026-09-30 05:51:10,2026-09-27,2,8,領駿輝煌,東網馬經,諸葛數,名家推介,https://racing.on.cc/racing/fav/current/rjfavg0001x0.html,news,oncc
2026-09-30 05:51:10,2026-09-27,2,12,金多囍,東網馬經,諸葛數,名家推介,https://racing.on.cc/racing/fav/current/rjfavg0001x0.html,news,oncc
2026-09-30 05:51:10,2026-09-27,2,11,源好運,東網馬經,諸葛數,名家推介,https://racing.on.cc/racing/fav/current/rjfavg0001x0.html,news,oncc
2026-09-30 05:51:10,2026-09-27,9,8,包裝戰仕,東網馬經,諸葛數,名家推介,https://racing.on.cc/racing/fav/current/rjfavg0001x0.html,news,oncc
2026-09-30 05:51:10,2026-09-27,9,1,活力拍檔,東網馬經,諸葛數,名家推介,https://racing.on.cc/racing/fav/current/rjfavg0001x0.html,news,oncc
2026-09-30 05:51:10,2026-09-27,9,13,逍遙騎士,東網馬經,諸葛數,名家推介,https://racing.on.cc/racing/fav/current/rjfavg0001x0.html,news,oncc
2026-09-30 05:51:10,2026-09-27,9,7,紫辰之星,東網馬經,諸葛數,名家推介,https://racing.on.cc/racing/fav/current/rjfavg0001x0.html,news,oncc
2026-09-30 05:51:10,2026-09-27,6,8,文明福星,東網馬經,長風,名家推介,https://racing.on.cc/racing/fav/current/rjfavg0001x0.html,news,oncc
2026-09-30 05:51:10,2026-09-27,6,9,確好勁,東網馬經,長風,名家推介,https://racing.on.cc/racing/fav/current/rjfavg0001x0.html,news,oncc
2026-09-30 05:51:10,2026-09-27,6,1,準輝煌,東網馬經,長風,名家推介,https://racing.on.cc/racing/fav/current/rjfavg0001x0.html,news,oncc
2026-09-30 05:51:10,2026-09-27,6,12,熱氣球,東網馬經,長風,名家推介,https://racing.on.cc/racing/fav/current/rjfavg0001x0.html,news,oncc
2026-09-30 05:51:10,2026-09-27,8,5,合夥奔馳,東網馬經,長風,名家推介,https://racing.on.cc/racing/fav/current/rjfavg0001x0.html,news,oncc
2026-09-30 05:51:10,2026-09-27,8,8,幸運有您,東網馬經,長風,名家推介,https://racing.on.cc/racing/fav/current/rjfavg0001x0.html,news,oncc
2026-09-30 05:51:10,2026-09-27,8,6,小鳥天堂,東網馬經,長風,名家推介,https://racing.on.cc/racing/fav/current/rjfavg0001x0.html,news,oncc
2026-09-30 05:51:10,2026-09-27,8,2,驕陽明駒,東網馬經,長風,名家推介,https://racing.on.cc/racing/fav/current/rjfavg0001x0.html,news,oncc
2026-09-30 05:51:10,2026-09-27,2,8,領駿輝煌,東網馬經,陳志懷,名家推介,https://racing.on.cc/racing/fav/current/rjfavg0001x0.html,news,oncc
2026-09-30 05:51:10,2026-09-27,2,11,源好運,東網馬經,陳志懷,名家推介,https://racing.on.cc/racing/fav/current/rjfavg0001x0.html,news,oncc
2026-09-30 05:51:10,2026-09-27,2,4,小魔怪,東網馬經,陳志懷,名家推介,https://racing.on.cc/racing/fav/current/rjfavg0001x0.html,news,oncc
2026-09-30 05:51:10,2026-09-27,2,12,金多囍,東網馬經,陳志懷,名家推介,https://racing.on.cc/racing/fav/current/rjfavg0001x0.html,news,oncc
2026-09-30 05:51:10,2026-09-27,10,2,綠族無限,東網馬經,陳志懷,名家推介,https://racing.on.cc/racing/fav/current/rjfavg0001x0.html,news,oncc
2026-09-30 05:51:10,2026-09-27,10,10,增強,東網馬經,陳志懷,名家推介,https://racing.on.cc/racing/fav/current/rjfavg0001x0.html,news,oncc
2026-09-30 05:51:10,2026-09-27,10,1,風雲武士,東網馬經,陳志懷,名家推介,https://racing.on.cc/racing/fav/current/rjfavg0001x0.html,news,oncc
2026-09-30 05:51:10,2026-09-27,10,8,極上紗瓏,東網馬經,陳志懷,名家推介,https://racing.on.cc/racing/fav/current/rjfavg0001x0.html,news,oncc
2026-09-30 05:51:10,2026-09-27,2,12,金多囍,東網馬經,明治朗,名家推介,https://racing.on.cc/racing/fav/current/rjfavg0001x0.html,news,oncc
2026-09-30 05:51:10,2026-09-27,2,4,小魔怪,東網馬經,明治朗,名家推介,https://racing.on.cc/racing/fav/current/rjfavg0001x0.html,news,oncc
2026-09-30 05:51:10,2026-09-27,2,8,領駿輝煌,東網馬經,明治朗,名家推介,https://racing.on.cc/racing/fav/current/rjfavg0001x0.html,news,oncc
2026-09-30 05:51:10,2026-09-27,2,11,源好運,東網馬經,明治朗,名家推介,https://racing.on.cc/racing/fav/current/rjfavg0001x0.html,news,oncc
2026-09-30 05:51:10,2026-09-27,9,1,活力拍檔,東網馬經,明治朗,名家推介,https://racing.on.cc/racing/fav/current/rjfavg0001x0.html,news,oncc
2026-09-30 05:51:10,2026-09-27,9,8,包裝戰仕,東網馬經,明治朗,名家推介,https://racing.on.cc/racing/fav/current/rjfavg0001x0.html,news,oncc
2026-09-30 05:51:10,2026-09-27,9,9,大回報,東網馬經,明治朗,名家推介,https://racing.on.cc/racing/fav/current/rjfavg0001x0.html,news,oncc
2026-09-30 05:51:10,2026-09-27,9,7,紫辰之星,東網馬經,明治朗,名家推介,https://racing.on.cc/racing/fav/current/rjfavg0001x0.html,news,oncc
2026-09-30 05:51:10,2026-09-27,1,1,機械騎士,東網馬經,內幕料,名家推介,https://racing.on.cc/racing/fav/current/rjfavg0001x0.html,news,oncc
2026-09-30 05:51:10,2026-09-27,1,2,嘉嘉友福,東網馬經,內幕料,名家推介,https://racing.on.cc/racing/fav/current/rjfavg0001x0.html,news,oncc
2026-09-30 05:51:10,2026-09-27,1,3,日日獎,東網馬經,內幕料,名家推介,https://racing.on.cc/racing/fav/current/rjfavg0001x0.html,news,oncc
2026-09-30 05:51:10,2026-09-27,1,5,喜行,東網馬經,內幕料,名家推介,https://racing.on.cc/racing/fav/current/rjfavg0001x0.html,news,oncc
2026-09-30 05:51:10,2026-09-27,8,1,錶之銀河,東網馬經,內幕料,名家推介,https://racing.on.cc/racing/fav/current/rjfavg0001x0.html,news,oncc
2026-09-30 05:51:10,2026-09-27,8,2,驕陽明駒,東網馬經,內幕料,名家推介,https://racing.on.cc/racing/fav/current/rjfavg0001x0.html,news,oncc
2026-09-30 05:51:10,2026-09-27,8,3,白鷺金剛,東網馬經,內幕料,名家推介,https://racing.on.cc/racing/fav/current/rjfavg0001x0.html,news,oncc
2026-09-30 05:51:10,2026-09-27,8,6,小鳥天堂,東網馬經,內幕料,名家推介,https://racing.on.cc/racing/fav/current/rjfavg0001x0.html,news,oncc
2026-09-30 05:51:10,2026-09-27,3,1,一路精彩,東網馬經,網中神,名家推介,https://racing.on.cc/racing/fav/current/rjfavg0001x0.html,news,oncc
2026-09-30 05:51:10,2026-09-27,3,8,銀騰,東網馬經,網中神,名家推介,https://racing.on.cc/racing/fav/current/rjfavg0001x0.html,news,oncc
2026-09-30 05:51:10,2026-09-27,3,11,快樂老撾,東網馬經,網中神,名家推介,https://racing.on.cc/racing/fav/current/rjfavg0001x0.html,news,oncc
2026-09-30 05:51:10,2026-09-27,3,12,銳高,東網馬經,網中神,名家推介,https://racing.on.cc/racing/fav/current/rjfavg0001x0.html,news,oncc
2026-09-30 05:51:10,2026-09-27,7,2,三軍勇將,東網馬經,網中神,名家推介,https://racing.on.cc/racing/fav/current/rjfavg0001x0.html,news,oncc
2026-09-30 05:51:10,2026-09-27,7,5,,東網馬經,網中神,名家推介,https://racing.on.cc/racing/fav/current/rjfavg0001x0.html,news,oncc
2026-09-30 05:51:10,2026-09-27,7,8,致力之城,東網馬經,網中神,名家推介,https://racing.on.cc/racing/fav/current/rjfavg0001x0.html,news,oncc
2026-09-30 05:51:10,2026-09-27,7,9,包裝天王,東網馬經,網中神,名家推介,https://racing.on.cc/racing/fav/current/rjfavg0001x0.html,news,oncc
2026-09-30 05:51:10,2026-09-27,4,1,極速神影,東網馬經,洛飛,名家推介,https://racing.on.cc/racing/fav/current/rjfavg0001x0.html,news,oncc
2026-09-30 05:51:10,2026-09-27,4,2,日出東方,東網馬經,洛飛,名家推介,https://racing.on.cc/racing/fav/current/rjfavg0001x0.html,news,oncc
2026-09-30 05:51:10,2026-09-27,4,6,常嚐發財,東網馬經,洛飛,名家推介,https://racing.on.cc/racing/fav/current/rjfavg0001x0.html,news,oncc
2026-09-30 05:51:10,2026-09-27,4,11,飛來霸,東網馬經,洛飛,名家推介,https://racing.on.cc/racing/fav/current/rjfavg0001x0.html,news,oncc
2026-09-30 05:51:10,2026-09-27,11,2,超勁赤兔,東網馬經,洛飛,名家推介,https://racing.on.cc/racing/fav/current/rjfavg0001x0.html,news,oncc
2026-09-30 05:51:10,2026-09-27,11,3,友瑩仁,東網馬經,洛飛,名家推介,https://racing.on.cc/racing/fav/current/rjfavg0001x0.html,news,oncc
2026-09-30 05:51:10,2026-09-27,11,6,,東網馬經,洛飛,名家推介,https://racing.on.cc/racing/fav/current/rjfavg0001x0.html,news,oncc
2026-09-30 05:51:10,2026-09-27,11,8,安泰,東網馬經,洛飛,名家推介,https://racing.on.cc/racing/fav/current/rjfavg0001x0.html,news,oncc
2026-09-30 16:38:34,2026-09-27,1,2,嘉嘉友福,東網馬經,西門獨,西門獨／諸葛數貼士,https://racing.on.cc/racing/fav/current/rjfavf0201x0.html,news,oncc
2026-09-30 16:38:34,2026-09-27,1,3,日日獎,東網馬經,西門獨,西門獨／諸葛數貼士,https://racing.on.cc/racing/fav/current/rjfavf0201x0.html,news,oncc
2026-09-30 16:38:34,2026-09-27,1,6,銳一,東網馬經,西門獨,西門獨／諸葛數貼士,https://racing.on.cc/racing/fav/current/rjfavf0201x0.html,news,oncc
2026-09-30 16:38:34,2026-09-27,1,5,喜行,東網馬經,西門獨,西門獨／諸葛數貼士,https://racing.on.cc/racing/fav/current/rjfavf0201x0.html,news,oncc
2026-09-30 16:38:34,2026-09-27,2,4,小魔怪,東網馬經,西門獨,西門獨／諸葛數貼士,https://racing.on.cc/racing/fav/current/rjfavf0201x0.html,news,oncc
2026-09-30 16:38:34,2026-09-27,2,8,領駿輝煌,東網馬經,西門獨,西門獨／諸葛數貼士,https://racing.on.cc/racing/fav/current/rjfavf0201x0.html,news,oncc
2026-09-30 16:38:34,2026-09-27,2,11,源好運,東網馬經,西門獨,西門獨／諸葛數貼士,https://racing.on.cc/racing/fav/current/rjfavf0201x0.html,news,oncc
2026-09-30 16:38:34,2026-09-27,2,12,金多囍,東網馬經,西門獨,西門獨／諸葛數貼士,https://racing.on.cc/racing/fav/current/rjfavf0201x0.html,news,oncc
2026-09-30 16:38:34,2026-09-27,3,9,果然僥倖,東網馬經,西門獨,西門獨／諸葛數貼士,https://racing.on.cc/racing/fav/current/rjfavf0201x0.html,news,oncc
2026-09-30 16:38:34,2026-09-27,3,11,快樂老撾,東網馬經,西門獨,西門獨／諸葛數貼士,https://racing.on.cc/racing/fav/current/rjfavf0201x0.html,news,oncc
2026-09-30 16:38:34,2026-09-27,3,12,銳高,東網馬經,西門獨,西門獨／諸葛數貼士,https://racing.on.cc/racing/fav/current/rjfavf0201x0.html,news,oncc
2026-09-30 16:38:34,2026-09-27,3,1,一路精彩,東網馬經,西門獨,西門獨／諸葛數貼士,https://racing.on.cc/racing/fav/current/rjfavf0201x0.html,news,oncc
2026-09-30 16:38:34,2026-09-27,4,9,雷神太保,東網馬經,西門獨,西門獨／諸葛數貼士,https://racing.on.cc/racing/fav/current/rjfavf0201x0.html,news,oncc
2026-09-30 16:38:34,2026-09-27,4,1,極速神影,東網馬經,西門獨,西門獨／諸葛數貼士,https://racing.on.cc/racing/fav/current/rjfavf0201x0.html,news,oncc
2026-09-30 16:38:34,2026-09-27,4,11,飛來霸,東網馬經,西門獨,西門獨／諸葛數貼士,https://racing.on.cc/racing/fav/current/rjfavf0201x0.html,news,oncc
2026-09-30 16:38:34,2026-09-27,4,13,共創歡欣,東網馬經,西門獨,西門獨／諸葛數貼士,https://racing.on.cc/racing/fav/current/rjfavf0201x0.html,news,oncc
2026-09-30 16:38:34,2026-09-27,5,6,砂漿麒星,東網馬經,西門獨,西門獨／諸葛數貼士,https://racing.on.cc/racing/fav/current/rjfavf0201x0.html,news,oncc
2026-09-30 16:38:34,2026-09-27,5,8,幸運大夫,東網馬經,西門獨,西門獨／諸葛數貼士,https://racing.on.cc/racing/fav/current/rjfavf0201x0.html,news,oncc
2026-09-30 16:38:34,2026-09-27,5,5,穿甲戰鷹,東網馬經,西門獨,西門獨／諸葛數貼士,https://racing.on.cc/racing/fav/current/rjfavf0201x0.html,news,oncc
2026-09-30 16:38:34,2026-09-27,5,2,怡傲錢莊,東網馬經,西門獨,西門獨／諸葛數貼士,https://racing.on.cc/racing/fav/current/rjfavf0201x0.html,news,oncc
2026-09-30 16:38:34,2026-09-27,6,2,都靈冠星,東網馬經,西門獨,西門獨／諸葛數貼士,https://racing.on.cc/racing/fav/current/rjfavf0201x0.html,news,oncc
2026-09-30 16:38:34,2026-09-27,6,1,準輝煌,東網馬經,西門獨,西門獨／諸葛數貼士,https://racing.on.cc/racing/fav/current/rjfavf0201x0.html,news,oncc
2026-09-30 16:38:34,2026-09-27,6,4,哈羅威,東網馬經,西門獨,西門獨／諸葛數貼士,https://racing.on.cc/racing/fav/current/rjfavf0201x0.html,news,oncc
2026-09-30 16:38:34,2026-09-27,6,9,確好勁,東網馬經,西門獨,西門獨／諸葛數貼士,https://racing.on.cc/racing/fav/current/rjfavf0201x0.html,news,oncc
2026-09-30 16:38:34,2026-09-27,7,8,致力之城,東網馬經,西門獨,西門獨／諸葛數貼士,https://racing.on.cc/racing/fav/current/rjfavf0201x0.html,news,oncc
2026-09-30 16:38:34,2026-09-27,7,9,包裝天王,東網馬經,西門獨,西門獨／諸葛數貼士,https://racing.on.cc/racing/fav/current/rjfavf0201x0.html,news,oncc
2026-09-30 16:38:34,2026-09-27,7,12,伶俐驫駒,東網馬經,西門獨,西門獨／諸葛數貼士,https://racing.on.cc/racing/fav/current/rjfavf0201x0.html,news,oncc
2026-09-30 16:38:34,2026-09-27,7,5,,東網馬經,西門獨,西門獨／諸葛數貼士,https://racing.on.cc/racing/fav/current/rjfavf0201x0.html,news,oncc
2026-09-30 16:38:34,2026-09-27,8,3,白鷺金剛,東網馬經,西門獨,西門獨／諸葛數貼士,https://racing.on.cc/racing/fav/current/rjfavf0201x0.html,news,oncc
2026-09-30 16:38:34,2026-09-27,8,6,小鳥天堂,東網馬經,西門獨,西門獨／諸葛數貼士,https://racing.on.cc/racing/fav/current/rjfavf0201x0.html,news,oncc
2026-09-30 16:38:34,2026-09-27,8,2,驕陽明駒,東網馬經,西門獨,西門獨／諸葛數貼士,https://racing.on.cc/racing/fav/current/rjfavf0201x0.html,news,oncc
2026-09-30 16:38:34,2026-09-27,8,1,錶之銀河,東網馬經,西門獨,西門獨／諸葛數貼士,https://racing.on.cc/racing/fav/current/rjfavf0201x0.html,news,oncc
2026-09-30 16:38:34,2026-09-27,9,8,包裝戰仕,東網馬經,西門獨,西門獨／諸葛數貼士,https://racing.on.cc/racing/fav/current/rjfavf0201x0.html,news,oncc
2026-09-30 16:38:34,2026-09-27,9,1,活力拍檔,東網馬經,西門獨,西門獨／諸葛數貼士,https://racing.on.cc/racing/fav/current/rjfavf0201x0.html,news,oncc
2026-09-30 16:38:34,2026-09-27,9,14,量子力奇,東網馬經,西門獨,西門獨／諸葛數貼士,https://racing.on.cc/racing/fav/current/rjfavf0201x0.html,news,oncc
2026-09-30 16:38:34,2026-09-27,9,10,奇異果,東網馬經,西門獨,西門獨／諸葛數貼士,https://racing.on.cc/racing/fav/current/rjfavf0201x0.html,news,oncc
2026-09-30 16:38:34,2026-09-27,10,9,興馳千里,東網馬經,西門獨,西門獨／諸葛數貼士,https://racing.on.cc/racing/fav/current/rjfavf0201x0.html,news,oncc
2026-09-30 16:38:34,2026-09-27,10,10,增強,東網馬經,西門獨,西門獨／諸葛數貼士,https://racing.on.cc/racing/fav/current/rjfavf0201x0.html,news,oncc
2026-09-30 16:38:34,2026-09-27,10,3,扶搖勢勁,東網馬經,西門獨,西門獨／諸葛數貼士,https://racing.on.cc/racing/fav/current/rjfavf0201x0.html,news,oncc
2026-09-30 16:38:34,2026-09-27,10,8,極上紗瓏,東網馬經,西門獨,西門獨／諸葛數貼士,https://racing.on.cc/racing/fav/current/rjfavf0201x0.html,news,oncc
2026-09-30 16:38:34,2026-09-27,11,6,,東網馬經,西門獨,西門獨／諸葛數貼士,https://racing.on.cc/racing/fav/current/rjfavf0201x0.html,news,oncc
2026-09-30 16:38:34,2026-09-27,11,4,同樣美麗,東網馬經,西門獨,西門獨／諸葛數貼士,https://racing.on.cc/racing/fav/current/rjfavf0201x0.html,news,oncc
2026-09-30 16:38:34,2026-09-27,11,3,友瑩仁,東網馬經,西門獨,西門獨／諸葛數貼士,https://racing.on.cc/racing/fav/current/rjfavf0201x0.html,news,oncc
2026-09-30 16:38:34,2026-09-27,11,10,哥倫布,東網馬經,西門獨,西門獨／諸葛數貼士,https://racing.on.cc/racing/fav/current/rjfavf0201x0.html,news,oncc
2026-09-30 16:38:34,2026-09-27,1,2,嘉嘉友福,東網馬經,諸葛數,西門獨／諸葛數貼士,https://racing.on.cc/racing/fav/current/rjfavf0201x0.html,news,oncc
2026-09-30 16:38:34,2026-09-27,1,3,日日獎,東網馬經,諸葛數,西門獨／諸葛數貼士,https://racing.on.cc/racing/fav/current/rjfavf0201x0.html,news,oncc
2026-09-30 16:38:34,2026-09-27,1,1,機械騎士,東網馬經,諸葛數,西門獨／諸葛數貼士,https://racing.on.cc/racing/fav/current/rjfavf0201x0.html,news,oncc
2026-09-30 16:38:34,2026-09-27,1,5,喜行,東網馬經,諸葛數,西門獨／諸葛數貼士,https://racing.on.cc/racing/fav/current/rjfavf0201x0.html,news,oncc
2026-09-30 16:38:34,2026-09-27,2,4,小魔怪,東網馬經,諸葛數,西門獨／諸葛數貼士,https://racing.on.cc/racing/fav/current/rjfavf0201x0.html,news,oncc
2026-09-30 16:38:34,2026-09-27,2,8,領駿輝煌,東網馬經,諸葛數,西門獨／諸葛數貼士,https://racing.on.cc/racing/fav/current/rjfavf0201x0.html,news,oncc
2026-09-30 16:38:34,2026-09-27,2,12,金多囍,東網馬經,諸葛數,西門獨／諸葛數貼士,https://racing.on.cc/racing/fav/current/rjfavf0201x0.html,news,oncc
2026-09-30 16:38:34,2026-09-27,2,11,源好運,東網馬經,諸葛數,西門獨／諸葛數貼士,https://racing.on.cc/racing/fav/current/rjfavf0201x0.html,news,oncc
2026-09-30 16:38:34,2026-09-27,3,11,快樂老撾,東網馬經,諸葛數,西門獨／諸葛數貼士,https://racing.on.cc/racing/fav/current/rjfavf0201x0.html,news,oncc
2026-09-30 16:38:34,2026-09-27,3,1,一路精彩,東網馬經,諸葛數,西門獨／諸葛數貼士,https://racing.on.cc/racing/fav/current/rjfavf0201x0.html,news,oncc
2026-09-30 16:38:34,2026-09-27,3,3,順成之星,東網馬經,諸葛數,西門獨／諸葛數貼士,https://racing.on.cc/racing/fav/current/rjfavf0201x0.html,news,oncc
2026-09-30 16:38:34,2026-09-27,3,4,閃電武士,東網馬經,諸葛數,西門獨／諸葛數貼士,https://racing.on.cc/racing/fav/current/rjfavf0201x0.html,news,oncc
2026-09-30 16:38:34,2026-09-27,4,1,極速神影,東網馬經,諸葛數,西門獨／諸葛數貼士,https://racing.on.cc/racing/fav/current/rjfavf0201x0.html,news,oncc
2026-09-30 16:38:34,2026-09-27,4,12,杭至尊,東網馬經,諸葛數,西門獨／諸葛數貼士,https://racing.on.cc/racing/fav/current/rjfavf0201x0.html,news,oncc
2026-09-30 16:38:34,2026-09-27,4,13,共創歡欣,東網馬經,諸葛數,西門獨／諸葛數貼士,https://racing.on.cc/racing/fav/current/rjfavf0201x0.html,news,oncc
2026-09-30 16:38:34,2026-09-27,4,9,雷神太保,東網馬經,諸葛數,西門獨／諸葛數貼士,https://racing.on.cc/racing/fav/current/rjfavf0201x0.html,news,oncc
2026-09-30 16:38:34,2026-09-27,5,6,砂漿麒星,東網馬經,諸葛數,西門獨／諸葛數貼士,https://racing.on.cc/racing/fav/current/rjfavf0201x0.html,news,oncc
2026-09-30 16:38:34,2026-09-27,5,5,穿甲戰鷹,東網馬經,諸葛數,西門獨／諸葛數貼士,https://racing.on.cc/racing/fav/current/rjfavf0201x0.html,news,oncc
2026-09-30 16:38:34,2026-09-27,5,8,幸運大夫,東網馬經,諸葛數,西門獨／諸葛數貼士,https://racing.on.cc/racing/fav/current/rjfavf0201x0.html,news,oncc
2026-09-30 16:38:34,2026-09-27,5,3,表廠傳奇,東網馬經,諸葛數,西門獨／諸葛數貼士,https://racing.on.cc/racing/fav/current/rjfavf0201x0.html,news,oncc
2026-09-30 16:38:34,2026-09-27,6,1,準輝煌,東網馬經,諸葛數,西門獨／諸葛數貼士,https://racing.on.cc/racing/fav/current/rjfavf0201x0.html,news,oncc
2026-09-30 16:38:34,2026-09-27,6,2,都靈冠星,東網馬經,諸葛數,西門獨／諸葛數貼士,https://racing.on.cc/racing/fav/current/rjfavf0201x0.html,news,oncc
2026-09-30 16:38:34,2026-09-27,6,13,戀愛狂,東網馬經,諸葛數,西門獨／諸葛數貼士,https://racing.on.cc/racing/fav/current/rjfavf0201x0.html,news,oncc
2026-09-30 16:38:34,2026-09-27,6,3,,東網馬經,諸葛數,西門獨／諸葛數貼士,https://racing.on.cc/racing/fav/current/rjfavf0201x0.html,news,oncc
2026-09-30 16:38:34,2026-09-27,7,8,致力之城,東網馬經,諸葛數,西門獨／諸葛數貼士,https://racing.on.cc/racing/fav/current/rjfavf0201x0.html,news,oncc
2026-09-30 16:38:34,2026-09-27,7,1,錶之極光,東網馬經,諸葛數,西門獨／諸葛數貼士,https://racing.on.cc/racing/fav/current/rjfavf0201x0.html,news,oncc
2026-09-30 16:38:34,2026-09-27,7,9,包裝天王,東網馬經,諸葛數,西門獨／諸葛數貼士,https://racing.on.cc/racing/fav/current/rjfavf0201x0.html,news,oncc
2026-09-30 16:38:34,2026-09-27,7,5,,東網馬經,諸葛數,西門獨／諸葛數貼士,https://racing.on.cc/racing/fav/current/rjfavf0201x0.html,news,oncc
2026-09-30 16:38:34,2026-09-27,8,2,驕陽明駒,東網馬經,諸葛數,西門獨／諸葛數貼士,https://racing.on.cc/racing/fav/current/rjfavf0201x0.html,news,oncc
2026-09-30 16:38:34,2026-09-27,8,1,錶之銀河,東網馬經,諸葛數,西門獨／諸葛數貼士,https://racing.on.cc/racing/fav/current/rjfavf0201x0.html,news,oncc
2026-09-30 16:38:34,2026-09-27,8,5,合夥奔馳,東網馬經,諸葛數,西門獨／諸葛數貼士,https://racing.on.cc/racing/fav/current/rjfavf0201x0.html,news,oncc
2026-09-30 16:38:34,2026-09-27,8,3,白鷺金剛,東網馬經,諸葛數,西門獨／諸葛數貼士,https://racing.on.cc/racing/fav/current/rjfavf0201x0.html,news,oncc
2026-09-30 16:38:34,2026-09-27,9,8,包裝戰仕,東網馬經,諸葛數,西門獨／諸葛數貼士,https://racing.on.cc/racing/fav/current/rjfavf0201x0.html,news,oncc
2026-09-30 16:38:34,2026-09-27,9,1,活力拍檔,東網馬經,諸葛數,西門獨／諸葛數貼士,https://racing.on.cc/racing/fav/current/rjfavf0201x0.html,news,oncc
2026-09-30 16:38:34,2026-09-27,9,13,逍遙騎士,東網馬經,諸葛數,西門獨／諸葛數貼士,https://racing.on.cc/racing/fav/current/rjfavf0201x0.html,news,oncc
2026-09-30 16:38:34,2026-09-27,9,7,紫辰之星,東網馬經,諸葛數,西門獨／諸葛數貼士,https://racing.on.cc/racing/fav/current/rjfavf0201x0.html,news,oncc
2026-09-30 16:38:34,2026-09-27,10,8,極上紗瓏,東網馬經,諸葛數,西門獨／諸葛數貼士,https://racing.on.cc/racing/fav/current/rjfavf0201x0.html,news,oncc
2026-09-30 16:38:34,2026-09-27,10,9,興馳千里,東網馬經,諸葛數,西門獨／諸葛數貼士,https://racing.on.cc/racing/fav/current/rjfavf0201x0.html,news,oncc
2026-09-30 16:38:34,2026-09-27,10,3,扶搖勢勁,東網馬經,諸葛數,西門獨／諸葛數貼士,https://racing.on.cc/racing/fav/current/rjfavf0201x0.html,news,oncc
2026-09-30 16:38:34,2026-09-27,10,7,維港智能,東網馬經,諸葛數,西門獨／諸葛數貼士,https://racing.on.cc/racing/fav/current/rjfavf0201x0.html,news,oncc
2026-09-30 16:38:34,2026-09-27,11,6,,東網馬經,諸葛數,西門獨／諸葛數貼士,https://racing.on.cc/racing/fav/current/rjfavf0201x0.html,news,oncc
2026-09-30 16:38:34,2026-09-27,11,4,同樣美麗,東網馬經,諸葛數,西門獨／諸葛數貼士,https://racing.on.cc/racing/fav/current/rjfavf0201x0.html,news,oncc
2026-09-30 16:38:34,2026-09-27,11,3,友瑩仁,東網馬經,諸葛數,西門獨／諸葛數貼士,https://racing.on.cc/racing/fav/current/rjfavf0201x0.html,news,oncc
2026-09-30 16:38:34,2026-09-27,11,2,超勁赤兔,東網馬經,諸葛數,西門獨／諸葛數貼士,https://racing.on.cc/racing/fav/current/rjfavf0201x0.html,news,oncc
2026-09-30 16:38:34,2026-09-27,1,1,機械騎士,東網馬經,陳志懷,西門獨／諸葛數貼士,https://racing.on.cc/racing/fav/current/rjfavf0201x0.html,news,oncc
2026-09-30 16:38:34,2026-09-27,1,5,喜行,東網馬經,陳志懷,西門獨／諸葛數貼士,https://racing.on.cc/racing/fav/current/rjfavf0201x0.html,news,oncc
2026-09-30 16:38:34,2026-09-27,1,2,嘉嘉友福,東網馬經,陳志懷,西門獨／諸葛數貼士,https://racing.on.cc/racing/fav/current/rjfavf0201x0.html,news,oncc
2026-09-30 16:38:34,2026-09-27,1,10,建測精英,東網馬經,陳志懷,西門獨／諸葛數貼士,https://racing.on.cc/racing/fav/current/rjfavf0201x0.html,news,oncc
2026-09-30 16:38:34,2026-09-27,2,8,領駿輝煌,東網馬經,陳志懷,西門獨／諸葛數貼士,https://racing.on.cc/racing/fav/current/rjfavf0201x0.html,news,oncc
2026-09-30 16:38:34,2026-09-27,2,11,源好運,東網馬經,陳志懷,西門獨／諸葛數貼士,https://racing.on.cc/racing/fav/current/rjfavf0201x0.html,news,oncc
2026-09-30 16:38:34,2026-09-27,2,4,小魔怪,東網馬經,陳志懷,西門獨／諸葛數貼士,https://racing.on.cc/racing/fav/current/rjfavf0201x0.html,news,oncc
2026-09-30 16:38:34,2026-09-27,2,12,金多囍,東網馬經,陳志懷,西門獨／諸葛數貼士,https://racing.on.cc/racing/fav/current/rjfavf0201x0.html,news,oncc
2026-09-30 16:38:34,2026-09-27,3,9,果然僥倖,東網馬經,陳志懷,西門獨／諸葛數貼士,https://racing.on.cc/racing/fav/current/rjfavf0201x0.html,news,oncc
2026-09-30 16:38:34,2026-09-27,3,4,閃電武士,東網馬經,陳志懷,西門獨／諸葛數貼士,https://racing.on.cc/racing/fav/current/rjfavf0201x0.html,news,oncc
2026-09-30 16:38:34,2026-09-27,3,7,猛將兄,東網馬經,陳志懷,西門獨／諸葛數貼士,https://racing.on.cc/racing/fav/current/rjfavf0201x0.html,news,oncc
2026-09-30 16:38:34,2026-09-27,3,8,銀騰,東網馬經,陳志懷,西門獨／諸葛數貼士,https://racing.on.cc/racing/fav/current/rjfavf0201x0.html,news,oncc
2026-09-30 16:38:34,2026-09-27,4,6,常嚐發財,東網馬經,陳志懷,西門獨／諸葛數貼士,https://racing.on.cc/racing/fav/current/rjfavf0201x0.html,news,oncc
2026-09-30 16:38:34,2026-09-27,4,12,杭至尊,東網馬經,陳志懷,西門獨／諸葛數貼士,https://racing.on.cc/racing/fav/current/rjfavf0201x0.html,news,oncc
2026-09-30 16:38:34,2026-09-27,4,9,雷神太保,東網馬經,陳志懷,西門獨／諸葛數貼士,https://racing.on.cc/racing/fav/current/rjfavf0201x0.html,news,oncc
2026-09-30 16:38:34,2026-09-27,4,11,飛來霸,東網馬經,陳志懷,西門獨／諸葛數貼士,https://racing.on.cc/racing/fav/current/rjfavf0201x0.html,news,oncc
2026-09-30 16:38:34,2026-09-27,5,2,怡傲錢莊,東網馬經,陳志懷,西門獨／諸葛數貼士,https://racing.on.cc/racing/fav/current/rjfavf0201x0.html,news,oncc
2026-09-30 16:38:34,2026-09-27,5,6,砂漿麒星,東網馬經,陳志懷,西門獨／諸葛數貼士,https://racing.on.cc/racing/fav/current/rjfavf0201x0.html,news,oncc
2026-09-30 16:38:34,2026-09-27,5,4,贏得自然,東網馬經,陳志懷,西門獨／諸葛數貼士,https://racing.on.cc/racing/fav/current/rjfavf0201x0.html,news,oncc
2026-09-30 16:38:34,2026-09-27,5,10,魅力星,東網馬經,陳志懷,西門獨／諸葛數貼士,https://racing.on.cc/racing/fav/current/rjfavf0201x0.html,news,oncc
2026-09-30 16:38:34,2026-09-27,6,2,都靈冠星,東網馬經,陳志懷,西門獨／諸葛數貼士,https://racing.on.cc/racing/fav/current/rjfavf0201x0.html,news,oncc
2026-09-30 16:38:34,2026-09-27,6,1,準輝煌,東網馬經,陳志懷,西門獨／諸葛數貼士,https://racing.on.cc/racing/fav/current/rjfavf0201x0.html,news,oncc
2026-09-30 16:38:34,2026-09-27,6,4,哈羅威,東網馬經,陳志懷,西門獨／諸葛數貼士,https://racing.on.cc/racing/fav/current/rjfavf0201x0.html,news,oncc
2026-09-30 16:38:34,2026-09-27,6,9,確好勁,東網馬經,陳志懷,西門獨／諸葛數貼士,https://racing.on.cc/racing/fav/current/rjfavf0201x0.html,news,oncc
2026-09-30 16:38:34,2026-09-27,7,8,致力之城,東網馬經,陳志懷,西門獨／諸葛數貼士,https://racing.on.cc/racing/fav/current/rjfavf0201x0.html,news,oncc
2026-09-30 16:38:34,2026-09-27,7,5,,東網馬經,陳志懷,西門獨／諸葛數貼士,https://racing.on.cc/racing/fav/current/rjfavf0201x0.html,news,oncc
2026-09-30 16:38:34,2026-09-27,7,1,錶之極光,東網馬經,陳志懷,西門獨／諸葛數貼士,https://racing.on.cc/racing/fav/current/rjfavf0201x0.html,news,oncc
2026-09-30 16:38:34,2026-09-27,7,9,包裝天王,東網馬經,陳志懷,西門獨／諸葛數貼士,https://racing.on.cc/racing/fav/current/rjfavf0201x0.html,news,oncc
2026-09-30 16:38:34,2026-09-27,8,6,小鳥天堂,東網馬經,陳志懷,西門獨／諸葛數貼士,https://racing.on.cc/racing/fav/current/rjfavf0201x0.html,news,oncc
2026-09-30 16:38:34,2026-09-27,8,1,錶之銀河,東網馬經,陳志懷,西門獨／諸葛數貼士,https://racing.on.cc/racing/fav/current/rjfavf0201x0.html,news,oncc
2026-09-30 16:38:34,2026-09-27,8,4,手機錶霸,東網馬經,陳志懷,西門獨／諸葛數貼士,https://racing.on.cc/racing/fav/current/rjfavf0201x0.html,news,oncc
2026-09-30 16:38:34,2026-09-27,8,7,紫荊盛勢,東網馬經,陳志懷,西門獨／諸葛數貼士,https://racing.on.cc/racing/fav/current/rjfavf0201x0.html,news,oncc
2026-09-30 16:38:34,2026-09-27,9,8,包裝戰仕,東網馬經,陳志懷,西門獨／諸葛數貼士,https://racing.on.cc/racing/fav/current/rjfavf0201x0.html,news,oncc
2026-09-30 16:38:34,2026-09-27,9,2,英駿飛駒,東網馬經,陳志懷,西門獨／諸葛數貼士,https://racing.on.cc/racing/fav/current/rjfavf0201x0.html,news,oncc
2026-09-30 16:38:34,2026-09-27,9,1,活力拍檔,東網馬經,陳志懷,西門獨／諸葛數貼士,https://racing.on.cc/racing/fav/current/rjfavf0201x0.html,news,oncc
2026-09-30 16:38:34,2026-09-27,9,7,紫辰之星,東網馬經,陳志懷,西門獨／諸葛數貼士,https://racing.on.cc/racing/fav/current/rjfavf0201x0.html,news,oncc
2026-09-30 16:38:34,2026-09-27,10,2,綠族無限,東網馬經,陳志懷,西門獨／諸葛數貼士,https://racing.on.cc/racing/fav/current/rjfavf0201x0.html,news,oncc
2026-09-30 16:38:34,2026-09-27,10,10,增強,東網馬經,陳志懷,西門獨／諸葛數貼士,https://racing.on.cc/racing/fav/current/rjfavf0201x0.html,news,oncc
2026-09-30 16:38:34,2026-09-27,10,1,風雲武士,東網馬經,陳志懷,西門獨／諸葛數貼士,https://racing.on.cc/racing/fav/current/rjfavf0201x0.html,news,oncc
2026-09-30 16:38:34,2026-09-27,10,8,極上紗瓏,東網馬經,陳志懷,西門獨／諸葛數貼士,https://racing.on.cc/racing/fav/current/rjfavf0201x0.html,news,oncc
2026-09-30 16:38:34,2026-09-27,11,2,超勁赤兔,東網馬經,陳志懷,西門獨／諸葛數貼士,https://racing.on.cc/racing/fav/current/rjfavf0201x0.html,news,oncc
2026-09-30 16:38:34,2026-09-27,11,10,哥倫布,東網馬經,陳志懷,西門獨／諸葛數貼士,https://racing.on.cc/racing/fav/current/rjfavf0201x0.html,news,oncc
2026-09-30 16:38:34,2026-09-27,11,4,同樣美麗,東網馬經,陳志懷,西門獨／諸葛數貼士,https://racing.on.cc/racing/fav/current/rjfavf0201x0.html,news,oncc
2026-09-30 16:38:34,2026-09-27,11,3,友瑩仁,東網馬經,陳志懷,西門獨／諸葛數貼士,https://racing.on.cc/racing/fav/current/rjfavf0201x0.html,news,oncc
2026-09-30 16:38:34,2026-09-27,1,1,機械騎士,東網馬經,明治朗,西門獨／諸葛數貼士,https://racing.on.cc/racing/fav/current/rjfavf0201x0.html,news,oncc
2026-09-30 16:38:34,2026-09-27,1,5,喜行,東網馬經,明治朗,西門獨／諸葛數貼士,https://racing.on.cc/racing/fav/current/rjfavf0201x0.html,news,oncc
2026-09-30 16:38:34,2026-09-27,1,6,銳一,東網馬經,明治朗,西門獨／諸葛數貼士,https://racing.on.cc/racing/fav/current/rjfavf0201x0.html,news,oncc
2026-09-30 16:38:34,2026-09-27,1,2,嘉嘉友福,東網馬經,明治朗,西門獨／諸葛數貼士,https://racing.on.cc/racing/fav/current/rjfavf0201x0.html,news,oncc
2026-09-30 16:38:34,2026-09-27,2,12,金多囍,東網馬經,明治朗,西門獨／諸葛數貼士,https://racing.on.cc/racing/fav/current/rjfavf0201x0.html,news,oncc
2026-09-30 16:38:34,2026-09-27,2,4,小魔怪,東網馬經,明治朗,西門獨／諸葛數貼士,https://racing.on.cc/racing/fav/current/rjfavf0201x0.html,news,oncc
2026-09-30 16:38:34,2026-09-27,2,8,領駿輝煌,東網馬經,明治朗,西門獨／諸葛數貼士,https://racing.on.cc/racing/fav/current/rjfavf0201x0.html,news,oncc
2026-09-30 16:38:34,2026-09-27,2,11,源好運,東網馬經,明治朗,西門獨／諸葛數貼士,https://racing.on.cc/racing/fav/current/rjfavf0201x0.html,news,oncc
2026-09-30 16:38:34,2026-09-27,3,12,銳高,東網馬經,明治朗,西門獨／諸葛數貼士,https://racing.on.cc/racing/fav/current/rjfavf0201x0.html,news,oncc
2026-09-30 16:38:34,2026-09-27,3,11,快樂老撾,東網馬經,明治朗,西門獨／諸葛數貼士,https://racing.on.cc/racing/fav/current/rjfavf0201x0.html,news,oncc
2026-09-30 16:38:34,2026-09-27,3,2,東方寶寶,東網馬經,明治朗,西門獨／諸葛數貼士,https://racing.on.cc/racing/fav/current/rjfavf0201x0.html,news,oncc
2026-09-30 16:38:34,2026-09-27,3,1,一路精彩,東網馬經,明治朗,西門獨／諸葛數貼士,https://racing.on.cc/racing/fav/current/rjfavf0201x0.html,news,oncc
2026-09-30 16:38:34,2026-09-27,4,12,杭至尊,東網馬經,明治朗,西門獨／諸葛數貼士,https://racing.on.cc/racing/fav/current/rjfavf0201x0.html,news,oncc
2026-09-30 16:38:34,2026-09-27,4,9,雷神太保,東網馬經,明治朗,西門獨／諸葛數貼士,https://racing.on.cc/racing/fav/current/rjfavf0201x0.html,news,oncc
2026-09-30 16:38:34,2026-09-27,4,6,常嚐發財,東網馬經,明治朗,西門獨／諸葛數貼士,https://racing.on.cc/racing/fav/current/rjfavf0201x0.html,news,oncc
2026-09-30 16:38:34,2026-09-27,4,1,極速神影,東網馬經,明治朗,西門獨／諸葛數貼士,https://racing.on.cc/racing/fav/current/rjfavf0201x0.html,news,oncc
2026-09-30 16:38:34,2026-09-27,5,6,砂漿麒星,東網馬經,明治朗,西門獨／諸葛數貼士,https://racing.on.cc/racing/fav/current/rjfavf0201x0.html,news,oncc
2026-09-30 16:38:34,2026-09-27,5,5,穿甲戰鷹,東網馬經,明治朗,西門獨／諸葛數貼士,https://racing.on.cc/racing/fav/current/rjfavf0201x0.html,news,oncc
2026-09-30 16:38:34,2026-09-27,5,4,贏得自然,東網馬經,明治朗,西門獨／諸葛數貼士,https://racing.on.cc/racing/fav/current/rjfavf0201x0.html,news,oncc
2026-09-30 16:38:34,2026-09-27,5,8,幸運大夫,東網馬經,明治朗,西門獨／諸葛數貼士,https://racing.on.cc/racing/fav/current/rjfavf0201x0.html,news,oncc
2026-09-30 16:38:34,2026-09-27,6,9,確好勁,東網馬經,明治朗,西門獨／諸葛數貼士,https://racing.on.cc/racing/fav/current/rjfavf0201x0.html,news,oncc
2026-09-30 16:38:34,2026-09-27,6,8,文明福星,東網馬經,明治朗,西門獨／諸葛數貼士,https://racing.on.cc/racing/fav/current/rjfavf0201x0.html,news,oncc
2026-09-30 16:38:34,2026-09-27,6,1,準輝煌,東網馬經,明治朗,西門獨／諸葛數貼士,https://racing.on.cc/racing/fav/current/rjfavf0201x0.html,news,oncc
2026-09-30 16:38:34,2026-09-27,6,4,哈羅威,東網馬經,明治朗,西門獨／諸葛數貼士,https://racing.on.cc/racing/fav/current/rjfavf0201x0.html,news,oncc
2026-09-30 16:38:34,2026-09-27,7,8,致力之城,東網馬經,明治朗,西門獨／諸葛數貼士,https://racing.on.cc/racing/fav/current/rjfavf0201x0.html,news,oncc
2026-09-30 16:38:34,2026-09-27,7,9,包裝天王,東網馬經,明治朗,西門獨／諸葛數貼士,https://racing.on.cc/racing/fav/current/rjfavf0201x0.html,news,oncc
2026-09-30 16:38:34,2026-09-27,7,1,錶之極光,東網馬經,明治朗,西門獨／諸葛數貼士,https://racing.on.cc/racing/fav/current/rjfavf0201x0.html,news,oncc
2026-09-30 16:38:34,2026-09-27,7,2,三軍勇將,東網馬經,明治朗,西門獨／諸葛數貼士,https://racing.on.cc/racing/fav/current/rjfavf0201x0.html,news,oncc
2026-09-30 16:38:34,2026-09-27,8,1,錶之銀河,東網馬經,明治朗,西門獨／諸葛數貼士,https://racing.on.cc/racing/fav/current/rjfavf0201x0.html,news,oncc
2026-09-30 16:38:34,2026-09-27,8,6,小鳥天堂,東網馬經,明治朗,西門獨／諸葛數貼士,https://racing.on.cc/racing/fav/current/rjfavf0201x0.html,news,oncc
2026-09-30 16:38:34,2026-09-27,8,3,白鷺金剛,東網馬經,明治朗,西門獨／諸葛數貼士,https://racing.on.cc/racing/fav/current/rjfavf0201x0.html,news,oncc
2026-09-30 16:38:34,2026-09-27,8,5,合夥奔馳,東網馬經,明治朗,西門獨／諸葛數貼士,https://racing.on.cc/racing/fav/current/rjfavf0201x0.html,news,oncc
2026-09-30 16:38:34,2026-09-27,9,1,活力拍檔,東網馬經,明治朗,西門獨／諸葛數貼士,https://racing.on.cc/racing/fav/current/rjfavf0201x0.html,news,oncc
2026-09-30 16:38:34,2026-09-27,9,8,包裝戰仕,東網馬經,明治朗,西門獨／諸葛數貼士,https://racing.on.cc/racing/fav/current/rjfavf0201x0.html,news,oncc
2026-09-30 16:38:34,2026-09-27,9,9,大回報,東網馬經,明治朗,西門獨／諸葛數貼士,https://racing.on.cc/racing/fav/current/rjfavf0201x0.html,news,oncc
2026-09-30 16:38:34,2026-09-27,9,7,紫辰之星,東網馬經,明治朗,西門獨／諸葛數貼士,https://racing.on.cc/racing/fav/current/rjfavf0201x0.html,news,oncc
2026-09-30 16:38:34,2026-09-27,10,8,極上紗瓏,東網馬經,明治朗,西門獨／諸葛數貼士,https://racing.on.cc/racing/fav/current/rjfavf0201x0.html,news,oncc
2026-09-30 16:38:34,2026-09-27,10,5,風再起時,東網馬經,明治朗,西門獨／諸葛數貼士,https://racing.on.cc/racing/fav/current/rjfavf0201x0.html,news,oncc
2026-09-30 16:38:34,2026-09-27,10,10,增強,東網馬經,明治朗,西門獨／諸葛數貼士,https://racing.on.cc/racing/fav/current/rjfavf0201x0.html,news,oncc
2026-09-30 16:38:34,2026-09-27,10,9,興馳千里,東網馬經,明治朗,西門獨／諸葛數貼士,https://racing.on.cc/racing/fav/current/rjfavf0201x0.html,news,oncc
2026-09-30 16:38:34,2026-09-27,11,3,友瑩仁,東網馬經,明治朗,西門獨／諸葛數貼士,https://racing.on.cc/racing/fav/current/rjfavf0201x0.html,news,oncc
2026-09-30 16:38:34,2026-09-27,11,1,一生好彩,東網馬經,明治朗,西門獨／諸葛數貼士,https://racing.on.cc/racing/fav/current/rjfavf0201x0.html,news,oncc
2026-09-30 16:38:34,2026-09-27,11,7,名揚四海,東網馬經,明治朗,西門獨／諸葛數貼士,https://racing.on.cc/racing/fav/current/rjfavf0201x0.html,news,oncc
2026-09-30 16:38:34,2026-09-27,11,6,,東網馬經,明治朗,西門獨／諸葛數貼士,https://racing.on.cc/racing/fav/current/rjfavf0201x0.html,news,oncc
2026-09-30 16:38:34,2026-09-27,1,6,銳一,東網馬經,兆文,西門獨／諸葛數貼士,https://racing.on.cc/racing/fav/current/rjfavf0201x0.html,news,oncc
2026-09-30 16:38:34,2026-09-27,1,3,日日獎,東網馬經,兆文,西門獨／諸葛數貼士,https://racing.on.cc/racing/fav/current/rjfavf0201x0.html,news,oncc
2026-09-30 16:38:34,2026-09-27,1,9,五福星,東網馬經,兆文,西門獨／諸葛數貼士,https://racing.on.cc/racing/fav/current/rjfavf0201x0.html,news,oncc
2026-09-30 16:38:34,2026-09-27,1,1,機械騎士,東網馬經,兆文,西門獨／諸葛數貼士,https://racing.on.cc/racing/fav/current/rjfavf0201x0.html,news,oncc
2026-09-30 16:38:34,2026-09-27,2,8,領駿輝煌,東網馬經,兆文,西門獨／諸葛數貼士,https://racing.on.cc/racing/fav/current/rjfavf0201x0.html,news,oncc
2026-09-30 16:38:34,2026-09-27,2,12,金多囍,東網馬經,兆文,西門獨／諸葛數貼士,https://racing.on.cc/racing/fav/current/rjfavf0201x0.html,news,oncc
2026-09-30 16:38:34,2026-09-27,2,11,源好運,東網馬經,兆文,西門獨／諸葛數貼士,https://racing.on.cc/racing/fav/current/rjfavf0201x0.html,news,oncc
2026-09-30 16:38:34,2026-09-27,2,10,隋我同來,東網馬經,兆文,西門獨／諸葛數貼士,https://racing.on.cc/racing/fav/current/rjfavf0201x0.html,news,oncc
2026-09-30 16:38:34,2026-09-27,3,11,快樂老撾,東網馬經,兆文,西門獨／諸葛數貼士,https://racing.on.cc/racing/fav/current/rjfavf0201x0.html,news,oncc
2026-09-30 16:38:34,2026-09-27,3,2,東方寶寶,東網馬經,兆文,西門獨／諸葛數貼士,https://racing.on.cc/racing/fav/current/rjfavf0201x0.html,news,oncc
2026-09-30 16:38:34,2026-09-27,3,1,一路精彩,東網馬經,兆文,西門獨／諸葛數貼士,https://racing.on.cc/racing/fav/current/rjfavf0201x0.html,news,oncc
2026-09-30 16:38:34,2026-09-27,3,8,銀騰,東網馬經,兆文,西門獨／諸葛數貼士,https://racing.on.cc/racing/fav/current/rjfavf0201x0.html,news,oncc
2026-09-30 16:38:34,2026-09-27,4,3,,東網馬經,兆文,西門獨／諸葛數貼士,https://racing.on.cc/racing/fav/current/rjfavf0201x0.html,news,oncc
2026-09-30 16:38:34,2026-09-27,4,6,常嚐發財,東網馬經,兆文,西門獨／諸葛數貼士,https://racing.on.cc/racing/fav/current/rjfavf0201x0.html,news,oncc
2026-09-30 16:38:34,2026-09-27,4,1,極速神影,東網馬經,兆文,西門獨／諸葛數貼士,https://racing.on.cc/racing/fav/current/rjfavf0201x0.html,news,oncc
2026-09-30 16:38:34,2026-09-27,4,9,雷神太保,東網馬經,兆文,西門獨／諸葛數貼士,https://racing.on.cc/racing/fav/current/rjfavf0201x0.html,news,oncc
2026-09-30 16:38:34,2026-09-27,5,8,幸運大夫,東網馬經,兆文,西門獨／諸葛數貼士,https://racing.on.cc/racing/fav/current/rjfavf0201x0.html,news,oncc
2026-09-30 16:38:34,2026-09-27,5,5,穿甲戰鷹,東網馬經,兆文,西門獨／諸葛數貼士,https://racing.on.cc/racing/fav/current/rjfavf0201x0.html,news,oncc
2026-09-30 16:38:34,2026-09-27,5,6,砂漿麒星,東網馬經,兆文,西門獨／諸葛數貼士,https://racing.on.cc/racing/fav/current/rjfavf0201x0.html,news,oncc
2026-09-30 16:38:34,2026-09-27,5,2,怡傲錢莊,東網馬經,兆文,西門獨／諸葛數貼士,https://racing.on.cc/racing/fav/current/rjfavf0201x0.html,news,oncc
2026-09-30 16:38:34,2026-09-27,6,12,熱氣球,東網馬經,兆文,西門獨／諸葛數貼士,https://racing.on.cc/racing/fav/current/rjfavf0201x0.html,news,oncc
2026-09-30 16:38:34,2026-09-27,6,1,準輝煌,東網馬經,兆文,西門獨／諸葛數貼士,https://racing.on.cc/racing/fav/current/rjfavf0201x0.html,news,oncc
2026-09-30 16:38:34,2026-09-27,6,13,戀愛狂,東網馬經,兆文,西門獨／諸葛數貼士,https://racing.on.cc/racing/fav/current/rjfavf0201x0.html,news,oncc
2026-09-30 16:38:34,2026-09-27,6,4,哈羅威,東網馬經,兆文,西門獨／諸葛數貼士,https://racing.on.cc/racing/fav/current/rjfavf0201x0.html,news,oncc
2026-09-30 16:38:34,2026-09-27,7,2,三軍勇將,東網馬經,兆文,西門獨／諸葛數貼士,https://racing.on.cc/racing/fav/current/rjfavf0201x0.html,news,oncc
2026-09-30 16:38:34,2026-09-27,7,9,包裝天王,東網馬經,兆文,西門獨／諸葛數貼士,https://racing.on.cc/racing/fav/current/rjfavf0201x0.html,news,oncc
2026-09-30 16:38:34,2026-09-27,7,1,錶之極光,東網馬經,兆文,西門獨／諸葛數貼士,https://racing.on.cc/racing/fav/current/rjfavf0201x0.html,news,oncc
2026-09-30 16:38:34,2026-09-27,7,8,致力之城,東網馬經,兆文,西門獨／諸葛數貼士,https://racing.on.cc/racing/fav/current/rjfavf0201x0.html,news,oncc
2026-09-30 16:38:34,2026-09-27,8,1,錶之銀河,東網馬經,兆文,西門獨／諸葛數貼士,https://racing.on.cc/racing/fav/current/rjfavf0201x0.html,news,oncc
2026-09-30 16:38:34,2026-09-27,8,6,小鳥天堂,東網馬經,兆文,西門獨／諸葛數貼士,https://racing.on.cc/racing/fav/current/rjfavf0201x0.html,news,oncc
2026-09-30 16:38:34,2026-09-27,8,3,白鷺金剛,東網馬經,兆文,西門獨／諸葛數貼士,https://racing.on.cc/racing/fav/current/rjfavf0201x0.html,news,oncc
2026-09-30 16:38:34,2026-09-27,8,5,合夥奔馳,東網馬經,兆文,西門獨／諸葛數貼士,https://racing.on.cc/racing/fav/current/rjfavf0201x0.html,news,oncc
2026-09-30 16:38:34,2026-09-27,9,8,包裝戰仕,東網馬經,兆文,西門獨／諸葛數貼士,https://racing.on.cc/racing/fav/current/rjfavf0201x0.html,news,oncc
2026-09-30 16:38:34,2026-09-27,9,9,大回報,東網馬經,兆文,西門獨／諸葛數貼士,https://racing.on.cc/racing/fav/current/rjfavf0201x0.html,news,oncc
2026-09-30 16:38:34,2026-09-27,9,1,活力拍檔,東網馬經,兆文,西門獨／諸葛數貼士,https://racing.on.cc/racing/fav/current/rjfavf0201x0.html,news,oncc
2026-09-30 16:38:34,2026-09-27,9,13,逍遙騎士,東網馬經,兆文,西門獨／諸葛數貼士,https://racing.on.cc/racing/fav/current/rjfavf0201x0.html,news,oncc
2026-09-30 16:38:34,2026-09-27,10,3,扶搖勢勁,東網馬經,兆文,西門獨／諸葛數貼士,https://racing.on.cc/racing/fav/current/rjfavf0201x0.html,news,oncc
2026-09-30 16:38:34,2026-09-27,10,9,興馳千里,東網馬經,兆文,西門獨／諸葛數貼士,https://racing.on.cc/racing/fav/current/rjfavf0201x0.html,news,oncc
2026-09-30 16:38:34,2026-09-27,10,10,增強,東網馬經,兆文,西門獨／諸葛數貼士,https://racing.on.cc/racing/fav/current/rjfavf0201x0.html,news,oncc
2026-09-30 16:38:34,2026-09-27,10,8,極上紗瓏,東網馬經,兆文,西門獨／諸葛數貼士,https://racing.on.cc/racing/fav/current/rjfavf0201x0.html,news,oncc
2026-09-30 16:38:34,2026-09-27,11,6,,東網馬經,兆文,西門獨／諸葛數貼士,https://racing.on.cc/racing/fav/current/rjfavf0201x0.html,news,oncc
2026-09-30 16:38:34,2026-09-27,11,3,友瑩仁,東網馬經,兆文,西門獨／諸葛數貼士,https://racing.on.cc/racing/fav/current/rjfavf0201x0.html,news,oncc
2026-09-30 16:38:34,2026-09-27,11,2,超勁赤兔,東網馬經,兆文,西門獨／諸葛數貼士,https://racing.on.cc/racing/fav/current/rjfavf0201x0.html,news,oncc
2026-09-30 16:38:34,2026-09-27,11,12,膨才,東網馬經,兆文,西門獨／諸葛數貼士,https://racing.on.cc/racing/fav/current/rjfavf0201x0.html,news,oncc
2026-09-30 16:38:34,2026-09-27,1,1,機械騎士,東網馬經,東網馬經,東網馬經,https://racing.on.cc/racing/fav/current/rjfavf0301x0.html,news,oncc
2026-09-30 16:38:34,2026-09-27,1,2,嘉嘉友福,東網馬經,東網馬經,東網馬經,https://racing.on.cc/racing/fav/current/rjfavf0301x0.html,news,oncc
2026-09-30 16:38:34,2026-09-27,1,3,日日獎,東網馬經,東網馬經,東網馬經,https://racing.on.cc/racing/fav/current/rjfavf0301x0.html,news,oncc
2026-09-30 16:38:34,2026-09-27,1,6,銳一,東網馬經,東網馬經,東網馬經,https://racing.on.cc/racing/fav/current/rjfavf0301x0.html,news,oncc
2026-09-30 16:38:34,2026-09-27,2,8,領駿輝煌,東網馬經,東網馬經,東網馬經,https://racing.on.cc/racing/fav/current/rjfavf0301x0.html,news,oncc
2026-09-30 16:38:34,2026-09-27,2,12,金多囍,東網馬經,東網馬經,東網馬經,https://racing.on.cc/racing/fav/current/rjfavf0301x0.html,news,oncc
2026-09-30 16:38:34,2026-09-27,2,7,星光大道,東網馬經,東網馬經,東網馬經,https://racing.on.cc/racing/fav/current/rjfavf0301x0.html,news,oncc
2026-09-30 16:38:34,2026-09-27,2,10,隋我同來,東網馬經,東網馬經,東網馬經,https://racing.on.cc/racing/fav/current/rjfavf0301x0.html,news,oncc
2026-09-30 16:38:34,2026-09-27,3,11,快樂老撾,東網馬經,東網馬經,東網馬經,https://racing.on.cc/racing/fav/current/rjfavf0301x0.html,news,oncc
2026-09-30 16:38:34,2026-09-27,3,2,東方寶寶,東網馬經,東網馬經,東網馬經,https://racing.on.cc/racing/fav/current/rjfavf0301x0.html,news,oncc
2026-09-30 16:38:34,2026-09-27,3,8,銀騰,東網馬經,東網馬經,東網馬經,https://racing.on.cc/racing/fav/current/rjfavf0301x0.html,news,oncc
2026-09-30 16:38:34,2026-09-27,3,9,果然僥倖,東網馬經,東網馬經,東網馬經,https://racing.on.cc/racing/fav/current/rjfavf0301x0.html,news,oncc
2026-09-30 16:38:34,2026-09-27,4,6,常嚐發財,東網馬經,東網馬經,東網馬經,https://racing.on.cc/racing/fav/current/rjfavf0301x0.html,news,oncc
2026-09-30 16:38:34,2026-09-27,4,1,極速神影,東網馬經,東網馬經,東網馬經,https://racing.on.cc/racing/fav/current/rjfavf0301x0.html,news,oncc
2026-09-30 16:38:34,2026-09-27,4,11,飛來霸,東網馬經,東網馬經,東網馬經,https://racing.on.cc/racing/fav/current/rjfavf0301x0.html,news,oncc
2026-09-30 16:38:34,2026-09-27,4,13,共創歡欣,東網馬經,東網馬經,東網馬經,https://racing.on.cc/racing/fav/current/rjfavf0301x0.html,news,oncc
2026-09-30 16:38:34,2026-09-27,5,2,怡傲錢莊,東網馬經,東網馬經,東網馬經,https://racing.on.cc/racing/fav/current/rjfavf0301x0.html,news,oncc
2026-09-30 16:38:34,2026-09-27,5,4,贏得自然,東網馬經,東網馬經,東網馬經,https://racing.on.cc/racing/fav/current/rjfavf0301x0.html,news,oncc
2026-09-30 16:38:34,2026-09-27,5,5,穿甲戰鷹,東網馬經,東網馬經,東網馬經,https://racing.on.cc/racing/fav/current/rjfavf0301x0.html,news,oncc
2026-09-30 16:38:34,2026-09-27,5,6,砂漿麒星,東網馬經,東網馬經,東網馬經,https://racing.on.cc/racing/fav/current/rjfavf0301x0.html,news,oncc
2026-09-30 16:38:34,2026-09-27,6,10,潮州高球,東網馬經,東網馬經,東網馬經,https://racing.on.cc/racing/fav/current/rjfavf0301x0.html,news,oncc
2026-09-30 16:38:34,2026-09-27,6,1,準輝煌,東網馬經,東網馬經,東網馬經,https://racing.on.cc/racing/fav/current/rjfavf0301x0.html,news,oncc
2026-09-30 16:38:34,2026-09-27,6,4,哈羅威,東網馬經,東網馬經,東網馬經,https://racing.on.cc/racing/fav/current/rjfavf0301x0.html,news,oncc
2026-09-30 16:38:34,2026-09-27,6,3,,東網馬經,東網馬經,東網馬經,https://racing.on.cc/racing/fav/current/rjfavf0301x0.html,news,oncc
2026-09-30 16:38:34,2026-09-27,7,5,,東網馬經,東網馬經,東網馬經,https://racing.on.cc/racing/fav/current/rjfavf0301x0.html,news,oncc
2026-09-30 16:38:34,2026-09-27,7,8,致力之城,東網馬經,東網馬經,東網馬經,https://racing.on.cc/racing/fav/current/rjfavf0301x0.html,news,oncc
2026-09-30 16:38:34,2026-09-27,7,9,包裝天王,東網馬經,東網馬經,東網馬經,https://racing.on.cc/racing/fav/current/rjfavf0301x0.html,news,oncc
2026-09-30 16:38:34,2026-09-27,7,12,伶俐驫駒,東網馬經,東網馬經,東網馬經,https://racing.on.cc/racing/fav/current/rjfavf0301x0.html,news,oncc
2026-09-30 16:38:34,2026-09-27,8,6,小鳥天堂,東網馬經,東網馬經,東網馬經,https://racing.on.cc/racing/fav/current/rjfavf0301x0.html,news,oncc
2026-09-30 16:38:34,2026-09-27,8,3,白鷺金剛,東網馬經,東網馬經,東網馬經,https://racing.on.cc/racing/fav/current/rjfavf0301x0.html,news,oncc
2026-09-30 16:38:34,2026-09-27,8,2,驕陽明駒,東網馬經,東網馬經,東網馬經,https://racing.on.cc/racing/fav/current/rjfavf0301x0.html,news,oncc
2026-09-30 16:38:34,2026-09-27,8,5,合夥奔馳,東網馬經,東網馬經,東網馬經,https://racing.on.cc/racing/fav/current/rjfavf0301x0.html,news,oncc
2026-09-30 16:38:34,2026-09-27,9,1,活力拍檔,東網馬經,東網馬經,東網馬經,https://racing.on.cc/racing/fav/current/rjfavf0301x0.html,news,oncc
2026-09-30 16:38:34,2026-09-27,9,8,包裝戰仕,東網馬經,東網馬經,東網馬經,https://racing.on.cc/racing/fav/current/rjfavf0301x0.html,news,oncc
2026-09-30 16:38:34,2026-09-27,9,11,紫荊拼搏,東網馬經,東網馬經,東網馬經,https://racing.on.cc/racing/fav/current/rjfavf0301x0.html,news,oncc
2026-09-30 16:38:34,2026-09-27,9,4,一定掂,東網馬經,東網馬經,東網馬經,https://racing.on.cc/racing/fav/current/rjfavf0301x0.html,news,oncc
2026-09-30 16:38:34,2026-09-27,10,3,扶搖勢勁,東網馬經,東網馬經,東網馬經,https://racing.on.cc/racing/fav/current/rjfavf0301x0.html,news,oncc
2026-09-30 16:38:34,2026-09-27,10,6,競駿輝煌,東網馬經,東網馬經,東網馬經,https://racing.on.cc/racing/fav/current/rjfavf0301x0.html,news,oncc
2026-09-30 16:38:34,2026-09-27,10,8,極上紗瓏,東網馬經,東網馬經,東網馬經,https://racing.on.cc/racing/fav/current/rjfavf0301x0.html,news,oncc
2026-09-30 16:38:34,2026-09-27,10,9,興馳千里,東網馬經,東網馬經,東網馬經,https://racing.on.cc/racing/fav/current/rjfavf0301x0.html,news,oncc
2026-09-30 16:38:34,2026-09-27,11,3,友瑩仁,東網馬經,東網馬經,東網馬經,https://racing.on.cc/racing/fav/current/rjfavf0301x0.html,news,oncc
2026-09-30 16:38:34,2026-09-27,11,6,,東網馬經,東網馬經,東網馬經,https://racing.on.cc/racing/fav/current/rjfavf0301x0.html,news,oncc
2026-09-30 16:38:34,2026-09-27,11,8,安泰,東網馬經,東網馬經,東網馬經,https://racing.on.cc/racing/fav/current/rjfavf0301x0.html,news,oncc
2026-09-30 16:38:34,2026-09-27,11,10,哥倫布,東網馬經,東網馬經,東網馬經,https://racing.on.cc/racing/fav/current/rjfavf0301x0.html,news,oncc
2026-09-30 16:38:34,2026-09-30,,,嘉應光彩,星島頭條,三寶心水,三寶心水│「嘉應光彩」戰意鮮明,https://www.stheadline.com/racing-tips/3621104/三寶心水嘉應光彩戰意鮮明,news,
2026-09-30 16:38:34,2026-09-30,,,禾道豐,星島頭條,三寶心水,三寶心水│「嘉應光彩」戰意鮮明,https://www.stheadline.com/racing-tips/3621104/三寶心水嘉應光彩戰意鮮明,news,
2026-09-30 16:38:34,2026-09-30,,,越駿聯歡,星島頭條,三寶心水,三寶心水│「嘉應光彩」戰意鮮明,https://www.stheadline.com/racing-tips/3621104/三寶心水嘉應光彩戰意鮮明,news,
2026-09-30 16:38:34,2026-09-30,,,杭至尊,星島頭條,三寶心水,三寶心水│「嘉應光彩」戰意鮮明,https://www.stheadline.com/racing-tips/3621104/三寶心水嘉應光彩戰意鮮明,news,
2026-09-30 16:38:34,2026-09-30,,,利高八斗,星島頭條,三寶心水,三寶心水│「嘉應光彩」戰意鮮明,https://www.stheadline.com/racing-tips/3621104/三寶心水嘉應光彩戰意鮮明,news,
2026-09-30 16:38:34,2026-09-30,,,添開心,星島頭條,三寶心水,三寶心水│「嘉應光彩」戰意鮮明,https://www.stheadline.com/racing-tips/3621104/三寶心水嘉應光彩戰意鮮明,news,
2026-09-30 16:38:34,2026-09-30,,,遨遊波士,星島頭條,Ian心水,Ian心水│「遨遊波士」減磅威力大,https://www.stheadline.com/racing-tips/3621102/Ian心水遨遊波士減磅威力大,news,
2026-09-30 16:38:34,2026-09-30,,,盈妮威楓,星島頭條,Ian心水,Ian心水│「遨遊波士」減磅威力大,https://www.stheadline.com/racing-tips/3621102/Ian心水遨遊波士減磅威力大,news,
2026-09-30 16:38:34,2026-09-30,,,時尚歡笑,星島頭條,Ian心水,Ian心水│「遨遊波士」減磅威力大,https://www.stheadline.com/racing-tips/3621102/Ian心水遨遊波士減磅威力大,news,
2026-09-30 16:38:34,2026-09-30,,,捷威,星島頭條,Ian心水,Ian心水│「遨遊波士」減磅威力大,https://www.stheadline.com/racing-tips/3621102/Ian心水遨遊波士減磅威力大,news,
2026-09-30 16:38:34,2026-09-30,,,智多多寶,星島頭條,Ian心水,Ian心水│「遨遊波士」減磅威力大,https://www.stheadline.com/racing-tips/3621102/Ian心水遨遊波士減磅威力大,news,
2026-09-30 16:38:34,2026-09-30,,,佰勝金龍,星島頭條,Ian心水,Ian心水│「遨遊波士」減磅威力大,https://www.stheadline.com/racing-tips/3621102/Ian心水遨遊波士減磅威力大,news,
2026-09-30 16:38:34,2026-09-30,,,天天更好,星島頭條,Dickson心水,Dickson心水│「天天更好」評分有利,https://www.stheadline.com/racing-tips/3621100/Dickson心水天天更好評分有利,news,
2026-09-30 16:38:34,2026-09-30,,,潮州高球,星島頭條,Dickson心水,Dickson心水│「天天更好」評分有利,https://www.stheadline.com/racing-tips/3621100/Dickson心水天天更好評分有利,news,
2026-09-30 16:38:34,2026-09-30,,,確好勁,星島頭條,Dickson心水,Dickson心水│「天天更好」評分有利,https://www.stheadline.com/racing-tips/3621100/Dickson心水天天更好評分有利,news,
2026-09-30 16:38:34,2026-09-30,,,領駿輝煌,星島頭條,Dickson心水,Dickson心水│「天天更好」評分有利,https://www.stheadline.com/racing-tips/3621100/Dickson心水天天更好評分有利,news,
2026-09-30 16:38:34,2026-09-30,,,巴閉精,星島頭條,Dickson心水,Dickson心水│「天天更好」評分有利,https://www.stheadline.com/racing-tips/3621100/Dickson心水天天更好評分有利,news,
2026-09-30 16:38:34,2026-09-30,,,實力股,星島頭條,Dickson心水,Dickson心水│「天天更好」評分有利,https://www.stheadline.com/racing-tips/3621100/Dickson心水天天更好評分有利,news,
2026-09-30 16:38:34,2026-09-30,,,辣得準,星島頭條,Dickson心水,Dickson心水│「天天更好」評分有利,https://www.stheadline.com/racing-tips/3621100/Dickson心水天天更好評分有利,news,
2026-10-01 06:24:20,2026-10-01,1,,同有運,東網馬經,兆文,兆文專欄,https://racing.on.cc/racing/fav/current/rjfavi0101x0.html,news,oncc
2026-10-01 06:24:20,2026-10-01,1,,寶進,東網馬經,兆文,兆文專欄,https://racing.on.cc/racing/fav/current/rjfavi0101x0.html,news,oncc
2026-10-01 06:24:20,2026-10-01,8,,閃電奇駿,東網馬經,兆文,兆文專欄,https://racing.on.cc/racing/fav/current/rjfavi0101x0.html,news,oncc
2026-10-01 06:24:20,2026-10-01,8,,八玲瓏,東網馬經,兆文,兆文專欄,https://racing.on.cc/racing/fav/current/rjfavi0101x0.html,news,oncc
2026-10-01 06:24:20,2026-10-01,11,,勇者為皇,東網馬經,兆文,兆文專欄,https://racing.on.cc/racing/fav/current/rjfavi0101x0.html,news,oncc
2026-10-01 06:24:20,2026-10-01,11,,嵐臣,東網馬經,兆文,兆文專欄,https://racing.on.cc/racing/fav/current/rjfavi0101x0.html,news,oncc
2026-10-01 06:24:20,2026-10-01,11,,包裝戰仕,東網馬經,兆文,兆文專欄,https://racing.on.cc/racing/fav/current/rjfavi0101x0.html,news,oncc
2026-10-02 06:02:28,2026-10-01,2,2,,東網馬經,西門獨,西門獨貼士,https://racing.on.cc/racing/fav/current/rjfavf0101x0.html,news,oncc
2026-10-02 06:02:28,2026-10-01,2,3,彭玥,東網馬經,西門獨,西門獨貼士,https://racing.on.cc/racing/fav/current/rjfavf0101x0.html,news,oncc
2026-10-02 06:02:28,2026-10-01,2,8,萬事勝利,東網馬經,西門獨,西門獨貼士,https://racing.on.cc/racing/fav/current/rjfavf0101x0.html,news,oncc
2026-10-02 06:02:28,2026-10-01,2,6,志醒大將,東網馬經,西門獨,西門獨貼士,https://racing.on.cc/racing/fav/current/rjfavf0101x0.html,news,oncc
2026-10-02 06:02:28,2026-10-01,2,1,君達得,東網馬經,西門獨,西門獨貼士,https://racing.on.cc/racing/fav/current/rjfavf0101x0.html,news,oncc
2026-10-02 06:02:28,2026-10-01,3,2,翠紅,東網馬經,西門獨,西門獨貼士,https://racing.on.cc/racing/fav/current/rjfavf0101x0.html,news,oncc
2026-10-02 06:02:28,2026-10-01,3,4,顏色之皇,東網馬經,西門獨,西門獨貼士,https://racing.on.cc/racing/fav/current/rjfavf0101x0.html,news,oncc
2026-10-02 06:02:28,2026-10-01,3,7,魔術控制,東網馬經,西門獨,西門獨貼士,https://racing.on.cc/racing/fav/current/rjfavf0101x0.html,news,oncc
2026-10-02 06:02:28,2026-10-01,3,1,精算暴雪,東網馬經,西門獨,西門獨貼士,https://racing.on.cc/racing/fav/current/rjfavf0101x0.html,news,oncc
2026-10-02 06:02:28,2026-10-01,3,3,美麗第一,東網馬經,西門獨,西門獨貼士,https://racing.on.cc/racing/fav/current/rjfavf0101x0.html,news,oncc
2026-10-02 06:02:28,2026-10-01,4,7,實力加,東網馬經,西門獨,西門獨貼士,https://racing.on.cc/racing/fav/current/rjfavf0101x0.html,news,oncc
2026-10-02 06:02:28,2026-10-01,4,10,遨遊波士,東網馬經,西門獨,西門獨貼士,https://racing.on.cc/racing/fav/current/rjfavf0101x0.html,news,oncc
2026-10-02 06:02:28,2026-10-01,4,6,盈妮威楓,東網馬經,西門獨,西門獨貼士,https://racing.on.cc/racing/fav/current/rjfavf0101x0.html,news,oncc
2026-10-02 06:02:28,2026-10-01,4,5,錶之翠河,東網馬經,西門獨,西門獨貼士,https://racing.on.cc/racing/fav/current/rjfavf0101x0.html,news,oncc
2026-10-02 06:02:28,2026-10-01,4,14,久久為軍,東網馬經,西門獨,西門獨貼士,https://racing.on.cc/racing/fav/current/rjfavf0101x0.html,news,oncc
2026-10-02 06:02:28,2026-10-01,5,3,嘉應耀昇,東網馬經,西門獨,西門獨貼士,https://racing.on.cc/racing/fav/current/rjfavf0101x0.html,news,oncc
2026-10-02 06:02:28,2026-10-01,5,2,怡昌光輝,東網馬經,西門獨,西門獨貼士,https://racing.on.cc/racing/fav/current/rjfavf0101x0.html,news,oncc
2026-10-02 06:02:28,2026-10-01,5,1,星球勇士,東網馬經,西門獨,西門獨貼士,https://racing.on.cc/racing/fav/current/rjfavf0101x0.html,news,oncc
2026-10-02 06:02:28,2026-10-01,5,12,天寶威威,東網馬經,西門獨,西門獨貼士,https://racing.on.cc/racing/fav/current/rjfavf0101x0.html,news,oncc
2026-10-02 06:02:28,2026-10-01,5,13,豪邁先登,東網馬經,西門獨,西門獨貼士,https://racing.on.cc/racing/fav/current/rjfavf0101x0.html,news,oncc
2026-10-02 06:02:28,2026-10-01,6,6,夢照發,東網馬經,西門獨,西門獨貼士,https://racing.on.cc/racing/fav/current/rjfavf0101x0.html,news,oncc
2026-10-02 06:02:28,2026-10-01,6,8,智多多寶,東網馬經,西門獨,西門獨貼士,https://racing.on.cc/racing/fav/current/rjfavf0101x0.html,news,oncc
2026-10-02 06:02:28,2026-10-01,6,13,禾道威,東網馬經,西門獨,西門獨貼士,https://racing.on.cc/racing/fav/current/rjfavf0101x0.html,news,oncc
2026-10-02 06:02:28,2026-10-01,6,4,浪漫老撾,東網馬經,西門獨,西門獨貼士,https://racing.on.cc/racing/fav/current/rjfavf0101x0.html,news,oncc
2026-10-02 06:02:28,2026-10-01,6,1,捷威,東網馬經,西門獨,西門獨貼士,https://racing.on.cc/racing/fav/current/rjfavf0101x0.html,news,oncc
2026-10-02 06:02:28,2026-10-01,7,2,光年程祥,東網馬經,西門獨,西門獨貼士,https://racing.on.cc/racing/fav/current/rjfavf0101x0.html,news,oncc
2026-10-02 06:02:28,2026-10-01,7,14,翠湖烈風,東網馬經,西門獨,西門獨貼士,https://racing.on.cc/racing/fav/current/rjfavf0101x0.html,news,oncc
2026-10-02 06:02:28,2026-10-01,7,10,嘉應光彩,東網馬經,西門獨,西門獨貼士,https://racing.on.cc/racing/fav/current/rjfavf0101x0.html,news,oncc
2026-10-02 06:02:28,2026-10-01,7,4,莊家班,東網馬經,西門獨,西門獨貼士,https://racing.on.cc/racing/fav/current/rjfavf0101x0.html,news,oncc
2026-10-02 06:02:28,2026-10-01,7,6,烈進駒,東網馬經,西門獨,西門獨貼士,https://racing.on.cc/racing/fav/current/rjfavf0101x0.html,news,oncc
2026-10-02 06:02:28,2026-10-01,8,11,閃電奇駿,東網馬經,西門獨,西門獨貼士,https://racing.on.cc/racing/fav/current/rjfavf0101x0.html,news,oncc
2026-10-02 06:02:28,2026-10-01,8,6,擅搏,東網馬經,西門獨,西門獨貼士,https://racing.on.cc/racing/fav/current/rjfavf0101x0.html,news,oncc
2026-10-02 06:02:28,2026-10-01,8,4,明德輝煌,東網馬經,西門獨,西門獨貼士,https://racing.on.cc/racing/fav/current/rjfavf0101x0.html,news,oncc
2026-10-02 06:02:28,2026-10-01,8,5,八玲瓏,東網馬經,西門獨,西門獨貼士,https://racing.on.cc/racing/fav/current/rjfavf0101x0.html,news,oncc
2026-10-02 06:02:28,2026-10-01,8,8,天天更好,東網馬經,西門獨,西門獨貼士,https://racing.on.cc/racing/fav/current/rjfavf0101x0.html,news,oncc
2026-10-02 06:02:28,2026-10-01,9,9,晒冷,東網馬經,西門獨,西門獨貼士,https://racing.on.cc/racing/fav/current/rjfavf0101x0.html,news,oncc
2026-10-02 06:02:28,2026-10-01,9,12,威利金箭,東網馬經,西門獨,西門獨貼士,https://racing.on.cc/racing/fav/current/rjfavf0101x0.html,news,oncc
2026-10-02 06:02:28,2026-10-01,9,3,超輕鬆,東網馬經,西門獨,西門獨貼士,https://racing.on.cc/racing/fav/current/rjfavf0101x0.html,news,oncc
2026-10-02 06:02:28,2026-10-01,9,2,喜慶寶,東網馬經,西門獨,西門獨貼士,https://racing.on.cc/racing/fav/current/rjfavf0101x0.html,news,oncc
2026-10-02 06:02:28,2026-10-01,9,4,喜尊龍,東網馬經,西門獨,西門獨貼士,https://racing.on.cc/racing/fav/current/rjfavf0101x0.html,news,oncc
2026-10-02 06:02:28,2026-10-01,10,7,巴閉精,東網馬經,西門獨,西門獨貼士,https://racing.on.cc/racing/fav/current/rjfavf0101x0.html,news,oncc
2026-10-02 06:02:28,2026-10-01,10,8,金錢遊戲,東網馬經,西門獨,西門獨貼士,https://racing.on.cc/racing/fav/current/rjfavf0101x0.html,news,oncc
2026-10-02 06:02:28,2026-10-01,10,14,八仟好運,東網馬經,西門獨,西門獨貼士,https://racing.on.cc/racing/fav/current/rjfavf0101x0.html,news,oncc
2026-10-02 06:02:28,2026-10-01,10,4,非凡豪傑,東網馬經,西門獨,西門獨貼士,https://racing.on.cc/racing/fav/current/rjfavf0101x0.html,news,oncc
2026-10-02 06:02:28,2026-10-01,10,1,超寫意,東網馬經,西門獨,西門獨貼士,https://racing.on.cc/racing/fav/current/rjfavf0101x0.html,news,oncc
2026-10-02 06:02:28,2026-10-01,11,4,金金小子,東網馬經,西門獨,西門獨貼士,https://racing.on.cc/racing/fav/current/rjfavf0101x0.html,news,oncc
2026-10-02 06:02:28,2026-10-01,11,14,勇闖高峰,東網馬經,西門獨,西門獨貼士,https://racing.on.cc/racing/fav/current/rjfavf0101x0.html,news,oncc
2026-10-02 06:02:28,2026-10-01,11,10,利高八斗,東網馬經,西門獨,西門獨貼士,https://racing.on.cc/racing/fav/current/rjfavf0101x0.html,news,oncc
2026-10-02 06:02:28,2026-10-01,11,11,勇者為皇,東網馬經,西門獨,西門獨貼士,https://racing.on.cc/racing/fav/current/rjfavf0101x0.html,news,oncc
2026-10-02 06:02:28,2026-10-01,11,8,辣得準,東網馬經,西門獨,西門獨貼士,https://racing.on.cc/racing/fav/current/rjfavf0101x0.html,news,oncc
2026-10-02 06:02:28,2026-10-01,2,1,君達得,東網馬經,諸葛數,西門獨貼士,https://racing.on.cc/racing/fav/current/rjfavf0101x0.html,news,oncc
2026-10-02 06:02:28,2026-10-01,2,2,,東網馬經,諸葛數,西門獨貼士,https://racing.on.cc/racing/fav/current/rjfavf0101x0.html,news,oncc
2026-10-02 06:02:28,2026-10-01,2,6,志醒大將,東網馬經,諸葛數,西門獨貼士,https://racing.on.cc/racing/fav/current/rjfavf0101x0.html,news,oncc
2026-10-02 06:02:28,2026-10-01,2,10,發財金戈,東網馬經,諸葛數,西門獨貼士,https://racing.on.cc/racing/fav/current/rjfavf0101x0.html,news,oncc
2026-10-02 06:02:28,2026-10-01,2,12,精算特殊,東網馬經,諸葛數,西門獨貼士,https://racing.on.cc/racing/fav/current/rjfavf0101x0.html,news,oncc
2026-10-02 06:02:28,2026-10-01,3,2,翠紅,東網馬經,諸葛數,西門獨貼士,https://racing.on.cc/racing/fav/current/rjfavf0101x0.html,news,oncc
2026-10-02 06:02:28,2026-10-01,3,1,精算暴雪,東網馬經,諸葛數,西門獨貼士,https://racing.on.cc/racing/fav/current/rjfavf0101x0.html,news,oncc
2026-10-02 06:02:28,2026-10-01,3,7,魔術控制,東網馬經,諸葛數,西門獨貼士,https://racing.on.cc/racing/fav/current/rjfavf0101x0.html,news,oncc
2026-10-02 06:02:28,2026-10-01,3,4,顏色之皇,東網馬經,諸葛數,西門獨貼士,https://racing.on.cc/racing/fav/current/rjfavf0101x0.html,news,oncc
2026-10-02 06:02:28,2026-10-01,3,5,好友心得,東網馬經,諸葛數,西門獨貼士,https://racing.on.cc/racing/fav/current/rjfavf0101x0.html,news,oncc
2026-10-02 06:02:28,2026-10-01,4,14,久久為軍,東網馬經,諸葛數,西門獨貼士,https://racing.on.cc/racing/fav/current/rjfavf0101x0.html,news,oncc
2026-10-02 06:02:28,2026-10-01,4,3,超拍檔,東網馬經,諸葛數,西門獨貼士,https://racing.on.cc/racing/fav/current/rjfavf0101x0.html,news,oncc
2026-10-02 06:02:28,2026-10-01,4,7,實力加,東網馬經,諸葛數,西門獨貼士,https://racing.on.cc/racing/fav/current/rjfavf0101x0.html,news,oncc
2026-10-02 06:02:28,2026-10-01,4,11,豐功偉績,東網馬經,諸葛數,西門獨貼士,https://racing.on.cc/racing/fav/current/rjfavf0101x0.html,news,oncc
2026-10-02 06:02:28,2026-10-01,4,5,錶之翠河,東網馬經,諸葛數,西門獨貼士,https://racing.on.cc/racing/fav/current/rjfavf0101x0.html,news,oncc
2026-10-02 06:02:28,2026-10-01,5,3,嘉應耀昇,東網馬經,諸葛數,西門獨貼士,https://racing.on.cc/racing/fav/current/rjfavf0101x0.html,news,oncc
2026-10-02 06:02:28,2026-10-01,5,2,怡昌光輝,東網馬經,諸葛數,西門獨貼士,https://racing.on.cc/racing/fav/current/rjfavf0101x0.html,news,oncc
2026-10-02 06:02:28,2026-10-01,5,1,星球勇士,東網馬經,諸葛數,西門獨貼士,https://racing.on.cc/racing/fav/current/rjfavf0101x0.html,news,oncc
2026-10-02 06:02:28,2026-10-01,5,6,盈俊天下,東網馬經,諸葛數,西門獨貼士,https://racing.on.cc/racing/fav/current/rjfavf0101x0.html,news,oncc
2026-10-02 06:02:28,2026-10-01,5,4,輕功猛男,東網馬經,諸葛數,西門獨貼士,https://racing.on.cc/racing/fav/current/rjfavf0101x0.html,news,oncc
2026-10-02 06:02:28,2026-10-01,6,1,捷威,東網馬經,諸葛數,西門獨貼士,https://racing.on.cc/racing/fav/current/rjfavf0101x0.html,news,oncc
2026-10-02 06:02:28,2026-10-01,6,3,佰勝金龍,東網馬經,諸葛數,西門獨貼士,https://racing.on.cc/racing/fav/current/rjfavf0101x0.html,news,oncc
2026-10-02 06:02:28,2026-10-01,6,6,夢照發,東網馬經,諸葛數,西門獨貼士,https://racing.on.cc/racing/fav/current/rjfavf0101x0.html,news,oncc
2026-10-02 06:02:28,2026-10-01,6,13,禾道威,東網馬經,諸葛數,西門獨貼士,https://racing.on.cc/racing/fav/current/rjfavf0101x0.html,news,oncc
2026-10-02 06:02:28,2026-10-01,6,5,熒光,東網馬經,諸葛數,西門獨貼士,https://racing.on.cc/racing/fav/current/rjfavf0101x0.html,news,oncc
2026-10-02 06:02:28,2026-10-01,7,2,光年程祥,東網馬經,諸葛數,西門獨貼士,https://racing.on.cc/racing/fav/current/rjfavf0101x0.html,news,oncc
2026-10-02 06:02:28,2026-10-01,7,6,烈進駒,東網馬經,諸葛數,西門獨貼士,https://racing.on.cc/racing/fav/current/rjfavf0101x0.html,news,oncc
2026-10-02 06:02:28,2026-10-01,7,11,同喜,東網馬經,諸葛數,西門獨貼士,https://racing.on.cc/racing/fav/current/rjfavf0101x0.html,news,oncc
2026-10-02 06:02:28,2026-10-01,7,1,長勝金剛,東網馬經,諸葛數,西門獨貼士,https://racing.on.cc/racing/fav/current/rjfavf0101x0.html,news,oncc
2026-10-02 06:02:28,2026-10-01,7,5,自力更生,東網馬經,諸葛數,西門獨貼士,https://racing.on.cc/racing/fav/current/rjfavf0101x0.html,news,oncc
2026-10-02 06:02:28,2026-10-01,8,4,明德輝煌,東網馬經,諸葛數,西門獨貼士,https://racing.on.cc/racing/fav/current/rjfavf0101x0.html,news,oncc
2026-10-02 06:02:28,2026-10-01,8,5,八玲瓏,東網馬經,諸葛數,西門獨貼士,https://racing.on.cc/racing/fav/current/rjfavf0101x0.html,news,oncc
2026-10-02 06:02:28,2026-10-01,8,13,花果猴王,東網馬經,諸葛數,西門獨貼士,https://racing.on.cc/racing/fav/current/rjfavf0101x0.html,news,oncc
2026-10-02 06:02:28,2026-10-01,8,1,全能勇士,東網馬經,諸葛數,西門獨貼士,https://racing.on.cc/racing/fav/current/rjfavf0101x0.html,news,oncc
2026-10-02 06:02:28,2026-10-01,8,2,添開心,東網馬經,諸葛數,西門獨貼士,https://racing.on.cc/racing/fav/current/rjfavf0101x0.html,news,oncc
2026-10-02 06:02:28,2026-10-01,9,2,喜慶寶,東網馬經,諸葛數,西門獨貼士,https://racing.on.cc/racing/fav/current/rjfavf0101x0.html,news,oncc
2026-10-02 06:02:28,2026-10-01,9,1,首飾天空,東網馬經,諸葛數,西門獨貼士,https://racing.on.cc/racing/fav/current/rjfavf0101x0.html,news,oncc
2026-10-02 06:02:28,2026-10-01,9,3,超輕鬆,東網馬經,諸葛數,西門獨貼士,https://racing.on.cc/racing/fav/current/rjfavf0101x0.html,news,oncc
2026-10-02 06:02:28,2026-10-01,9,9,晒冷,東網馬經,諸葛數,西門獨貼士,https://racing.on.cc/racing/fav/current/rjfavf0101x0.html,news,oncc
2026-10-02 06:02:28,2026-10-01,9,12,威利金箭,東網馬經,諸葛數,西門獨貼士,https://racing.on.cc/racing/fav/current/rjfavf0101x0.html,news,oncc
2026-10-02 06:02:28,2026-10-01,10,4,非凡豪傑,東網馬經,諸葛數,西門獨貼士,https://racing.on.cc/racing/fav/current/rjfavf0101x0.html,news,oncc
2026-10-02 06:02:28,2026-10-01,10,7,巴閉精,東網馬經,諸葛數,西門獨貼士,https://racing.on.cc/racing/fav/current/rjfavf0101x0.html,news,oncc
2026-10-02 06:02:28,2026-10-01,10,9,禾道豐,東網馬經,諸葛數,西門獨貼士,https://racing.on.cc/racing/fav/current/rjfavf0101x0.html,news,oncc
2026-10-02 06:02:28,2026-10-01,10,1,超寫意,東網馬經,諸葛數,西門獨貼士,https://racing.on.cc/racing/fav/current/rjfavf0101x0.html,news,oncc
2026-10-02 06:02:28,2026-10-01,10,3,友瑩亮,東網馬經,諸葛數,西門獨貼士,https://racing.on.cc/racing/fav/current/rjfavf0101x0.html,news,oncc
2026-10-02 06:02:28,2026-10-01,11,6,超和平,東網馬經,諸葛數,西門獨貼士,https://racing.on.cc/racing/fav/current/rjfavf0101x0.html,news,oncc
2026-10-02 06:02:28,2026-10-01,11,10,利高八斗,東網馬經,諸葛數,西門獨貼士,https://racing.on.cc/racing/fav/current/rjfavf0101x0.html,news,oncc
2026-10-02 06:02:28,2026-10-01,11,1,偵探傳奇,東網馬經,諸葛數,西門獨貼士,https://racing.on.cc/racing/fav/current/rjfavf0101x0.html,news,oncc
2026-10-02 06:02:28,2026-10-01,11,4,金金小子,東網馬經,諸葛數,西門獨貼士,https://racing.on.cc/racing/fav/current/rjfavf0101x0.html,news,oncc
2026-10-02 06:02:28,2026-10-01,11,3,,東網馬經,諸葛數,西門獨貼士,https://racing.on.cc/racing/fav/current/rjfavf0101x0.html,news,oncc
2026-10-02 06:02:28,2026-10-01,2,9,開心三多,東網馬經,陳志懷,西門獨貼士,https://racing.on.cc/racing/fav/current/rjfavf0101x0.html,news,oncc
2026-10-02 06:02:28,2026-10-01,2,6,志醒大將,東網馬經,陳志懷,西門獨貼士,https://racing.on.cc/racing/fav/current/rjfavf0101x0.html,news,oncc
2026-10-02 06:02:28,2026-10-01,2,2,,東網馬經,陳志懷,西門獨貼士,https://racing.on.cc/racing/fav/current/rjfavf0101x0.html,news,oncc
2026-10-02 06:02:28,2026-10-01,2,11,駟跑得,東網馬經,陳志懷,西門獨貼士,https://racing.on.cc/racing/fav/current/rjfavf0101x0.html,news,oncc
2026-10-02 06:02:28,2026-10-01,2,1,君達得,東網馬經,陳志懷,西門獨貼士,https://racing.on.cc/racing/fav/current/rjfavf0101x0.html,news,oncc
2026-10-02 06:02:28,2026-10-01,3,4,顏色之皇,東網馬經,陳志懷,西門獨貼士,https://racing.on.cc/racing/fav/current/rjfavf0101x0.html,news,oncc
2026-10-02 06:02:28,2026-10-01,3,6,天天同樂,東網馬經,陳志懷,西門獨貼士,https://racing.on.cc/racing/fav/current/rjfavf0101x0.html,news,oncc
2026-10-02 06:02:28,2026-10-01,3,7,魔術控制,東網馬經,陳志懷,西門獨貼士,https://racing.on.cc/racing/fav/current/rjfavf0101x0.html,news,oncc
2026-10-02 06:02:28,2026-10-01,3,3,美麗第一,東網馬經,陳志懷,西門獨貼士,https://racing.on.cc/racing/fav/current/rjfavf0101x0.html,news,oncc
2026-10-02 06:02:28,2026-10-01,3,2,翠紅,東網馬經,陳志懷,西門獨貼士,https://racing.on.cc/racing/fav/current/rjfavf0101x0.html,news,oncc
2026-10-02 06:02:28,2026-10-01,4,7,實力加,東網馬經,陳志懷,西門獨貼士,https://racing.on.cc/racing/fav/current/rjfavf0101x0.html,news,oncc
2026-10-02 06:02:28,2026-10-01,4,10,遨遊波士,東網馬經,陳志懷,西門獨貼士,https://racing.on.cc/racing/fav/current/rjfavf0101x0.html,news,oncc
2026-10-02 06:02:28,2026-10-01,4,13,鑽飾閃耀,東網馬經,陳志懷,西門獨貼士,https://racing.on.cc/racing/fav/current/rjfavf0101x0.html,news,oncc
2026-10-02 06:02:28,2026-10-01,4,14,久久為軍,東網馬經,陳志懷,西門獨貼士,https://racing.on.cc/racing/fav/current/rjfavf0101x0.html,news,oncc
2026-10-02 06:02:28,2026-10-01,4,12,馬上盈,東網馬經,陳志懷,西門獨貼士,https://racing.on.cc/racing/fav/current/rjfavf0101x0.html,news,oncc
2026-10-02 06:02:28,2026-10-01,5,1,星球勇士,東網馬經,陳志懷,西門獨貼士,https://racing.on.cc/racing/fav/current/rjfavf0101x0.html,news,oncc
2026-10-02 06:02:28,2026-10-01,5,3,嘉應耀昇,東網馬經,陳志懷,西門獨貼士,https://racing.on.cc/racing/fav/current/rjfavf0101x0.html,news,oncc
2026-10-02 06:02:28,2026-10-01,5,6,盈俊天下,東網馬經,陳志懷,西門獨貼士,https://racing.on.cc/racing/fav/current/rjfavf0101x0.html,news,oncc
2026-10-02 06:02:28,2026-10-01,5,12,天寶威威,東網馬經,陳志懷,西門獨貼士,https://racing.on.cc/racing/fav/current/rjfavf0101x0.html,news,oncc
2026-10-02 06:02:28,2026-10-01,5,4,輕功猛男,東網馬經,陳志懷,西門獨貼士,https://racing.on.cc/racing/fav/current/rjfavf0101x0.html,news,oncc
2026-10-02 06:02:28,2026-10-01,6,9,勁步速,東網馬經,陳志懷,西門獨貼士,https://racing.on.cc/racing/fav/current/rjfavf0101x0.html,news,oncc
2026-10-02 06:02:28,2026-10-01,6,5,熒光,東網馬經,陳志懷,西門獨貼士,https://racing.on.cc/racing/fav/current/rjfavf0101x0.html,news,oncc
2026-10-02 06:02:28,2026-10-01,6,3,佰勝金龍,東網馬經,陳志懷,西門獨貼士,https://racing.on.cc/racing/fav/current/rjfavf0101x0.html,news,oncc
2026-10-02 06:02:28,2026-10-01,6,7,好運年,東網馬經,陳志懷,西門獨貼士,https://racing.on.cc/racing/fav/current/rjfavf0101x0.html,news,oncc
2026-10-02 06:02:28,2026-10-01,6,14,電路一百,東網馬經,陳志懷,西門獨貼士,https://racing.on.cc/racing/fav/current/rjfavf0101x0.html,news,oncc
2026-10-02 06:02:28,2026-10-01,7,6,烈進駒,東網馬經,陳志懷,西門獨貼士,https://racing.on.cc/racing/fav/current/rjfavf0101x0.html,news,oncc
2026-10-02 06:02:28,2026-10-01,7,4,莊家班,東網馬經,陳志懷,西門獨貼士,https://racing.on.cc/racing/fav/current/rjfavf0101x0.html,news,oncc
2026-10-02 06:02:28,2026-10-01,7,2,光年程祥,東網馬經,陳志懷,西門獨貼士,https://racing.on.cc/racing/fav/current/rjfavf0101x0.html,news,oncc
2026-10-02 06:02:28,2026-10-01,7,10,嘉應光彩,東網馬經,陳志懷,西門獨貼士,https://racing.on.cc/racing/fav/current/rjfavf0101x0.html,news,oncc
2026-10-02 06:02:28,2026-10-01,7,11,同喜,東網馬經,陳志懷,西門獨貼士,https://racing.on.cc/racing/fav/current/rjfavf0101x0.html,news,oncc
2026-10-02 06:02:28,2026-10-01,8,11,閃電奇駿,東網馬經,陳志懷,西門獨貼士,https://racing.on.cc/racing/fav/current/rjfavf0101x0.html,news,oncc
2026-10-02 06:02:28,2026-10-01,8,5,八玲瓏,東網馬經,陳志懷,西門獨貼士,https://racing.on.cc/racing/fav/current/rjfavf0101x0.html,news,oncc
2026-10-02 06:02:28,2026-10-01,8,8,天天更好,東網馬經,陳志懷,西門獨貼士,https://racing.on.cc/racing/fav/current/rjfavf0101x0.html,news,oncc
2026-10-02 06:02:28,2026-10-01,8,4,明德輝煌,東網馬經,陳志懷,西門獨貼士,https://racing.on.cc/racing/fav/current/rjfavf0101x0.html,news,oncc
2026-10-02 06:02:28,2026-10-01,8,14,領航多福,東網馬經,陳志懷,西門獨貼士,https://racing.on.cc/racing/fav/current/rjfavf0101x0.html,news,oncc
2026-10-02 06:02:28,2026-10-01,9,2,喜慶寶,東網馬經,陳志懷,西門獨貼士,https://racing.on.cc/racing/fav/current/rjfavf0101x0.html,news,oncc
2026-10-02 06:02:28,2026-10-01,9,4,喜尊龍,東網馬經,陳志懷,西門獨貼士,https://racing.on.cc/racing/fav/current/rjfavf0101x0.html,news,oncc
2026-10-02 06:02:28,2026-10-01,9,12,威利金箭,東網馬經,陳志懷,西門獨貼士,https://racing.on.cc/racing/fav/current/rjfavf0101x0.html,news,oncc
2026-10-02 06:02:28,2026-10-01,9,9,晒冷,東網馬經,陳志懷,西門獨貼士,https://racing.on.cc/racing/fav/current/rjfavf0101x0.html,news,oncc
2026-10-02 06:02:28,2026-10-01,9,11,飛鷹翱翔,東網馬經,陳志懷,西門獨貼士,https://racing.on.cc/racing/fav/current/rjfavf0101x0.html,news,oncc
2026-10-02 06:02:28,2026-10-01,10,4,非凡豪傑,東網馬經,陳志懷,西門獨貼士,https://racing.on.cc/racing/fav/current/rjfavf0101x0.html,news,oncc
2026-10-02 06:02:28,2026-10-01,10,7,巴閉精,東網馬經,陳志懷,西門獨貼士,https://racing.on.cc/racing/fav/current/rjfavf0101x0.html,news,oncc
2026-10-02 06:02:28,2026-10-01,10,8,金錢遊戲,東網馬經,陳志懷,西門獨貼士,https://racing.on.cc/racing/fav/current/rjfavf0101x0.html,news,oncc
2026-10-02 06:02:28,2026-10-01,10,14,八仟好運,東網馬經,陳志懷,西門獨貼士,https://racing.on.cc/racing/fav/current/rjfavf0101x0.html,news,oncc
2026-10-02 06:02:28,2026-10-01,10,1,超寫意,東網馬經,陳志懷,西門獨貼士,https://racing.on.cc/racing/fav/current/rjfavf0101x0.html,news,oncc
2026-10-02 06:02:28,2026-10-01,11,1,偵探傳奇,東網馬經,陳志懷,西門獨貼士,https://racing.on.cc/racing/fav/current/rjfavf0101x0.html,news,oncc
2026-10-02 06:02:28,2026-10-01,11,6,超和平,東網馬經,陳志懷,西門獨貼士,https://racing.on.cc/racing/fav/current/rjfavf0101x0.html,news,oncc
2026-10-02 06:02:28,2026-10-01,11,4,金金小子,東網馬經,陳志懷,西門獨貼士,https://racing.on.cc/racing/fav/current/rjfavf0101x0.html,news,oncc
2026-10-02 06:02:28,2026-10-01,11,7,,東網馬經,陳志懷,西門獨貼士,https://racing.on.cc/racing/fav/current/rjfavf0101x0.html,news,oncc
2026-10-02 06:02:28,2026-10-01,11,10,利高八斗,東網馬經,陳志懷,西門獨貼士,https://racing.on.cc/racing/fav/current/rjfavf0101x0.html,news,oncc
2026-10-02 06:02:28,2026-10-01,2,6,志醒大將,東網馬經,明治朗,西門獨貼士,https://racing.on.cc/racing/fav/current/rjfavf0101x0.html,news,oncc
2026-10-02 06:02:28,2026-10-01,2,7,我最好,東網馬經,明治朗,西門獨貼士,https://racing.on.cc/racing/fav/current/rjfavf0101x0.html,news,oncc
2026-10-02 06:02:28,2026-10-01,2,1,君達得,東網馬經,明治朗,西門獨貼士,https://racing.on.cc/racing/fav/current/rjfavf0101x0.html,news,oncc
2026-10-02 06:02:28,2026-10-01,2,9,開心三多,東網馬經,明治朗,西門獨貼士,https://racing.on.cc/racing/fav/current/rjfavf0101x0.html,news,oncc
2026-10-02 06:02:28,2026-10-01,2,10,發財金戈,東網馬經,明治朗,西門獨貼士,https://racing.on.cc/racing/fav/current/rjfavf0101x0.html,news,oncc
2026-10-02 06:02:28,2026-10-01,3,6,天天同樂,東網馬經,明治朗,西門獨貼士,https://racing.on.cc/racing/fav/current/rjfavf0101x0.html,news,oncc
2026-10-02 06:02:28,2026-10-01,3,7,魔術控制,東網馬經,明治朗,西門獨貼士,https://racing.on.cc/racing/fav/current/rjfavf0101x0.html,news,oncc
2026-10-02 06:02:28,2026-10-01,3,4,顏色之皇,東網馬經,明治朗,西門獨貼士,https://racing.on.cc/racing/fav/current/rjfavf0101x0.html,news,oncc
2026-10-02 06:02:28,2026-10-01,3,2,翠紅,東網馬經,明治朗,西門獨貼士,https://racing.on.cc/racing/fav/current/rjfavf0101x0.html,news,oncc
2026-10-02 06:02:28,2026-10-01,3,1,精算暴雪,東網馬經,明治朗,西門獨貼士,https://racing.on.cc/racing/fav/current/rjfavf0101x0.html,news,oncc
2026-10-02 06:02:28,2026-10-01,4,7,實力加,東網馬經,明治朗,西門獨貼士,https://racing.on.cc/racing/fav/current/rjfavf0101x0.html,news,oncc
2026-10-02 06:02:28,2026-10-01,4,10,遨遊波士,東網馬經,明治朗,西門獨貼士,https://racing.on.cc/racing/fav/current/rjfavf0101x0.html,news,oncc
2026-10-02 06:02:28,2026-10-01,4,14,久久為軍,東網馬經,明治朗,西門獨貼士,https://racing.on.cc/racing/fav/current/rjfavf0101x0.html,news,oncc
2026-10-02 06:02:28,2026-10-01,4,13,鑽飾閃耀,東網馬經,明治朗,西門獨貼士,https://racing.on.cc/racing/fav/current/rjfavf0101x0.html,news,oncc
2026-10-02 06:02:28,2026-10-01,4,1,星價,東網馬經,明治朗,西門獨貼士,https://racing.on.cc/racing/fav/current/rjfavf0101x0.html,news,oncc
2026-10-02 06:02:28,2026-10-01,5,1,星球勇士,東網馬經,明治朗,西門獨貼士,https://racing.on.cc/racing/fav/current/rjfavf0101x0.html,news,oncc
2026-10-02 06:02:28,2026-10-01,5,3,嘉應耀昇,東網馬經,明治朗,西門獨貼士,https://racing.on.cc/racing/fav/current/rjfavf0101x0.html,news,oncc
2026-10-02 06:02:28,2026-10-01,5,12,天寶威威,東網馬經,明治朗,西門獨貼士,https://racing.on.cc/racing/fav/current/rjfavf0101x0.html,news,oncc
2026-10-02 06:02:28,2026-10-01,5,6,盈俊天下,東網馬經,明治朗,西門獨貼士,https://racing.on.cc/racing/fav/current/rjfavf0101x0.html,news,oncc
2026-10-02 06:02:28,2026-10-01,5,2,怡昌光輝,東網馬經,明治朗,西門獨貼士,https://racing.on.cc/racing/fav/current/rjfavf0101x0.html,news,oncc
2026-10-02 06:02:28,2026-10-01,6,8,智多多寶,東網馬經,明治朗,西門獨貼士,https://racing.on.cc/racing/fav/current/rjfavf0101x0.html,news,oncc
2026-10-02 06:02:28,2026-10-01,6,6,夢照發,東網馬經,明治朗,西門獨貼士,https://racing.on.cc/racing/fav/current/rjfavf0101x0.html,news,oncc
2026-10-02 06:02:28,2026-10-01,6,1,捷威,東網馬經,明治朗,西門獨貼士,https://racing.on.cc/racing/fav/current/rjfavf0101x0.html,news,oncc
2026-10-02 06:02:28,2026-10-01,6,3,佰勝金龍,東網馬經,明治朗,西門獨貼士,https://racing.on.cc/racing/fav/current/rjfavf0101x0.html,news,oncc
2026-10-02 06:02:28,2026-10-01,6,4,浪漫老撾,東網馬經,明治朗,西門獨貼士,https://racing.on.cc/racing/fav/current/rjfavf0101x0.html,news,oncc
2026-10-02 06:02:28,2026-10-01,7,10,嘉應光彩,東網馬經,明治朗,西門獨貼士,https://racing.on.cc/racing/fav/current/rjfavf0101x0.html,news,oncc
2026-10-02 06:02:28,2026-10-01,7,6,烈進駒,東網馬經,明治朗,西門獨貼士,https://racing.on.cc/racing/fav/current/rjfavf0101x0.html,news,oncc
2026-10-02 06:02:28,2026-10-01,7,2,光年程祥,東網馬經,明治朗,西門獨貼士,https://racing.on.cc/racing/fav/current/rjfavf0101x0.html,news,oncc
2026-10-02 06:02:28,2026-10-01,7,13,凱旋王者,東網馬經,明治朗,西門獨貼士,https://racing.on.cc/racing/fav/current/rjfavf0101x0.html,news,oncc
2026-10-02 06:02:28,2026-10-01,7,11,同喜,東網馬經,明治朗,西門獨貼士,https://racing.on.cc/racing/fav/current/rjfavf0101x0.html,news,oncc
2026-10-02 06:02:28,2026-10-01,8,1,全能勇士,東網馬經,明治朗,西門獨貼士,https://racing.on.cc/racing/fav/current/rjfavf0101x0.html,news,oncc
2026-10-02 06:02:28,2026-10-01,8,11,閃電奇駿,東網馬經,明治朗,西門獨貼士,https://racing.on.cc/racing/fav/current/rjfavf0101x0.html,news,oncc
2026-10-02 06:02:28,2026-10-01,8,8,天天更好,東網馬經,明治朗,西門獨貼士,https://racing.on.cc/racing/fav/current/rjfavf0101x0.html,news,oncc
2026-10-02 06:02:28,2026-10-01,8,4,明德輝煌,東網馬經,明治朗,西門獨貼士,https://racing.on.cc/racing/fav/current/rjfavf0101x0.html,news,oncc
2026-10-02 06:02:28,2026-10-01,8,2,添開心,東網馬經,明治朗,西門獨貼士,https://racing.on.cc/racing/fav/current/rjfavf0101x0.html,news,oncc
2026-10-02 06:02:28,2026-10-01,9,5,樂勝天下,東網馬經,明治朗,西門獨貼士,https://racing.on.cc/racing/fav/current/rjfavf0101x0.html,news,oncc
2026-10-02 06:02:28,2026-10-01,9,4,喜尊龍,東網馬經,明治朗,西門獨貼士,https://racing.on.cc/racing/fav/current/rjfavf0101x0.html,news,oncc
2026-10-02 06:02:28,2026-10-01,9,12,威利金箭,東網馬經,明治朗,西門獨貼士,https://racing.on.cc/racing/fav/current/rjfavf0101x0.html,news,oncc
2026-10-02 06:02:28,2026-10-01,9,9,晒冷,東網馬經,明治朗,西門獨貼士,https://racing.on.cc/racing/fav/current/rjfavf0101x0.html,news,oncc
2026-10-02 06:02:28,2026-10-01,9,8,,東網馬經,明治朗,西門獨貼士,https://racing.on.cc/racing/fav/current/rjfavf0101x0.html,news,oncc
2026-10-02 06:02:28,2026-10-01,10,8,金錢遊戲,東網馬經,明治朗,西門獨貼士,https://racing.on.cc/racing/fav/current/rjfavf0101x0.html,news,oncc
2026-10-02 06:02:28,2026-10-01,10,9,禾道豐,東網馬經,明治朗,西門獨貼士,https://racing.on.cc/racing/fav/current/rjfavf0101x0.html,news,oncc
2026-10-02 06:02:28,2026-10-01,10,3,友瑩亮,東網馬經,明治朗,西門獨貼士,https://racing.on.cc/racing/fav/current/rjfavf0101x0.html,news,oncc
2026-10-02 06:02:28,2026-10-01,10,4,非凡豪傑,東網馬經,明治朗,西門獨貼士,https://racing.on.cc/racing/fav/current/rjfavf0101x0.html,news,oncc
2026-10-02 06:02:28,2026-10-01,10,14,八仟好運,東網馬經,明治朗,西門獨貼士,https://racing.on.cc/racing/fav/current/rjfavf0101x0.html,news,oncc
2026-10-02 06:02:28,2026-10-01,11,1,偵探傳奇,東網馬經,明治朗,西門獨貼士,https://racing.on.cc/racing/fav/current/rjfavf0101x0.html,news,oncc
2026-10-02 06:02:28,2026-10-01,11,4,金金小子,東網馬經,明治朗,西門獨貼士,https://racing.on.cc/racing/fav/current/rjfavf0101x0.html,news,oncc
2026-10-02 06:02:28,2026-10-01,11,8,辣得準,東網馬經,明治朗,西門獨貼士,https://racing.on.cc/racing/fav/current/rjfavf0101x0.html,news,oncc
2026-10-02 06:02:28,2026-10-01,11,9,星運少爵,東網馬經,明治朗,西門獨貼士,https://racing.on.cc/racing/fav/current/rjfavf0101x0.html,news,oncc
2026-10-02 06:02:28,2026-10-01,11,11,勇者為皇,東網馬經,明治朗,西門獨貼士,https://racing.on.cc/racing/fav/current/rjfavf0101x0.html,news,oncc
2026-10-02 06:02:28,2026-10-01,2,6,志醒大將,東網馬經,兆文,西門獨貼士,https://racing.on.cc/racing/fav/current/rjfavf0101x0.html,news,oncc
2026-10-02 06:02:28,2026-10-01,2,9,開心三多,東網馬經,兆文,西門獨貼士,https://racing.on.cc/racing/fav/current/rjfavf0101x0.html,news,oncc
2026-10-02 06:02:28,2026-10-01,2,1,君達得,東網馬經,兆文,西門獨貼士,https://racing.on.cc/racing/fav/current/rjfavf0101x0.html,news,oncc
2026-10-02 06:02:28,2026-10-01,2,10,發財金戈,東網馬經,兆文,西門獨貼士,https://racing.on.cc/racing/fav/current/rjfavf0101x0.html,news,oncc
2026-10-02 06:02:28,2026-10-01,2,3,彭玥,東網馬經,兆文,西門獨貼士,https://racing.on.cc/racing/fav/current/rjfavf0101x0.html,news,oncc
2026-10-02 06:02:28,2026-10-01,3,4,顏色之皇,東網馬經,兆文,西門獨貼士,https://racing.on.cc/racing/fav/current/rjfavf0101x0.html,news,oncc
2026-10-02 06:02:28,2026-10-01,3,2,翠紅,東網馬經,兆文,西門獨貼士,https://racing.on.cc/racing/fav/current/rjfavf0101x0.html,news,oncc
2026-10-02 06:02:28,2026-10-01,3,6,天天同樂,東網馬經,兆文,西門獨貼士,https://racing.on.cc/racing/fav/current/rjfavf0101x0.html,news,oncc
2026-10-02 06:02:28,2026-10-01,3,7,魔術控制,東網馬經,兆文,西門獨貼士,https://racing.on.cc/racing/fav/current/rjfavf0101x0.html,news,oncc
2026-10-02 06:02:28,2026-10-01,3,3,美麗第一,東網馬經,兆文,西門獨貼士,https://racing.on.cc/racing/fav/current/rjfavf0101x0.html,news,oncc
2026-10-02 06:02:28,2026-10-01,4,10,遨遊波士,東網馬經,兆文,西門獨貼士,https://racing.on.cc/racing/fav/current/rjfavf0101x0.html,news,oncc
2026-10-02 06:02:28,2026-10-01,4,7,實力加,東網馬經,兆文,西門獨貼士,https://racing.on.cc/racing/fav/current/rjfavf0101x0.html,news,oncc
2026-10-02 06:02:28,2026-10-01,4,11,豐功偉績,東網馬經,兆文,西門獨貼士,https://racing.on.cc/racing/fav/current/rjfavf0101x0.html,news,oncc
2026-10-02 06:02:28,2026-10-01,4,6,盈妮威楓,東網馬經,兆文,西門獨貼士,https://racing.on.cc/racing/fav/current/rjfavf0101x0.html,news,oncc
2026-10-02 06:02:28,2026-10-01,4,12,馬上盈,東網馬經,兆文,西門獨貼士,https://racing.on.cc/racing/fav/current/rjfavf0101x0.html,news,oncc
2026-10-02 06:02:28,2026-10-01,5,3,嘉應耀昇,東網馬經,兆文,西門獨貼士,https://racing.on.cc/racing/fav/current/rjfavf0101x0.html,news,oncc
2026-10-02 06:02:28,2026-10-01,5,14,,東網馬經,兆文,西門獨貼士,https://racing.on.cc/racing/fav/current/rjfavf0101x0.html,news,oncc
2026-10-02 06:02:28,2026-10-01,5,2,怡昌光輝,東網馬經,兆文,西門獨貼士,https://racing.on.cc/racing/fav/current/rjfavf0101x0.html,news,oncc
2026-10-02 06:02:28,2026-10-01,5,1,星球勇士,東網馬經,兆文,西門獨貼士,https://racing.on.cc/racing/fav/current/rjfavf0101x0.html,news,oncc
2026-10-02 06:02:28,2026-10-01,5,12,天寶威威,東網馬經,兆文,西門獨貼士,https://racing.on.cc/racing/fav/current/rjfavf0101x0.html,news,oncc
2026-10-02 06:02:28,2026-10-01,6,1,捷威,東網馬經,兆文,西門獨貼士,https://racing.on.cc/racing/fav/current/rjfavf0101x0.html,news,oncc
2026-10-02 06:02:28,2026-10-01,6,3,佰勝金龍,東網馬經,兆文,西門獨貼士,https://racing.on.cc/racing/fav/current/rjfavf0101x0.html,news,oncc
2026-10-02 06:02:28,2026-10-01,6,7,好運年,東網馬經,兆文,西門獨貼士,https://racing.on.cc/racing/fav/current/rjfavf0101x0.html,news,oncc
2026-10-02 06:02:28,2026-10-01,6,13,禾道威,東網馬經,兆文,西門獨貼士,https://racing.on.cc/racing/fav/current/rjfavf0101x0.html,news,oncc
2026-10-02 06:02:28,2026-10-01,6,14,電路一百,東網馬經,兆文,西門獨貼士,https://racing.on.cc/racing/fav/current/rjfavf0101x0.html,news,oncc
2026-10-02 06:02:28,2026-10-01,7,2,光年程祥,東網馬經,兆文,西門獨貼士,https://racing.on.cc/racing/fav/current/rjfavf0101x0.html,news,oncc
2026-10-02 06:02:28,2026-10-01,7,6,烈進駒,東網馬經,兆文,西門獨貼士,https://racing.on.cc/racing/fav/current/rjfavf0101x0.html,news,oncc
2026-10-02 06:02:28,2026-10-01,7,10,嘉應光彩,東網馬經,兆文,西門獨貼士,https://racing.on.cc/racing/fav/current/rjfavf0101x0.html,news,oncc
2026-10-02 06:02:28,2026-10-01,7,13,凱旋王者,東網馬經,兆文,西門獨貼士,https://racing.on.cc/racing/fav/current/rjfavf0101x0.html,news,oncc
2026-10-02 06:02:28,2026-10-01,7,14,翠湖烈風,東網馬經,兆文,西門獨貼士,https://racing.on.cc/racing/fav/current/rjfavf0101x0.html,news,oncc
2026-10-02 06:02:28,2026-10-01,8,11,閃電奇駿,東網馬經,兆文,西門獨貼士,https://racing.on.cc/racing/fav/current/rjfavf0101x0.html,news,oncc
2026-10-02 06:02:28,2026-10-01,8,5,八玲瓏,東網馬經,兆文,西門獨貼士,https://racing.on.cc/racing/fav/current/rjfavf0101x0.html,news,oncc
2026-10-02 06:02:28,2026-10-01,8,4,明德輝煌,東網馬經,兆文,西門獨貼士,https://racing.on.cc/racing/fav/current/rjfavf0101x0.html,news,oncc
2026-10-02 06:02:28,2026-10-01,8,13,花果猴王,東網馬經,兆文,西門獨貼士,https://racing.on.cc/racing/fav/current/rjfavf0101x0.html,news,oncc
2026-10-02 06:02:28,2026-10-01,8,1,全能勇士,東網馬經,兆文,西門獨貼士,https://racing.on.cc/racing/fav/current/rjfavf0101x0.html,news,oncc
2026-10-02 06:02:28,2026-10-01,9,2,喜慶寶,東網馬經,兆文,西門獨貼士,https://racing.on.cc/racing/fav/current/rjfavf0101x0.html,news,oncc
2026-10-02 06:02:28,2026-10-01,9,1,首飾天空,東網馬經,兆文,西門獨貼士,https://racing.on.cc/racing/fav/current/rjfavf0101x0.html,news,oncc
2026-10-02 06:02:28,2026-10-01,9,9,晒冷,東網馬經,兆文,西門獨貼士,https://racing.on.cc/racing/fav/current/rjfavf0101x0.html,news,oncc
2026-10-02 06:02:28,2026-10-01,9,3,超輕鬆,東網馬經,兆文,西門獨貼士,https://racing.on.cc/racing/fav/current/rjfavf0101x0.html,news,oncc
2026-10-02 06:02:28,2026-10-01,9,4,喜尊龍,東網馬經,兆文,西門獨貼士,https://racing.on.cc/racing/fav/current/rjfavf0101x0.html,news,oncc
2026-10-02 06:02:28,2026-10-01,10,3,友瑩亮,東網馬經,兆文,西門獨貼士,https://racing.on.cc/racing/fav/current/rjfavf0101x0.html,news,oncc
2026-10-02 06:02:28,2026-10-01,10,14,八仟好運,東網馬經,兆文,西門獨貼士,https://racing.on.cc/racing/fav/current/rjfavf0101x0.html,news,oncc
2026-10-02 06:02:28,2026-10-01,10,7,巴閉精,東網馬經,兆文,西門獨貼士,https://racing.on.cc/racing/fav/current/rjfavf0101x0.html,news,oncc
2026-10-02 06:02:28,2026-10-01,10,4,非凡豪傑,東網馬經,兆文,西門獨貼士,https://racing.on.cc/racing/fav/current/rjfavf0101x0.html,news,oncc
2026-10-02 06:02:28,2026-10-01,10,1,超寫意,東網馬經,兆文,西門獨貼士,https://racing.on.cc/racing/fav/current/rjfavf0101x0.html,news,oncc
2026-10-02 06:02:28,2026-10-01,11,11,勇者為皇,東網馬經,兆文,西門獨貼士,https://racing.on.cc/racing/fav/current/rjfavf0101x0.html,news,oncc
2026-10-02 06:02:28,2026-10-01,11,8,辣得準,東網馬經,兆文,西門獨貼士,https://racing.on.cc/racing/fav/current/rjfavf0101x0.html,news,oncc
2026-10-02 06:02:28,2026-10-01,11,6,超和平,東網馬經,兆文,西門獨貼士,https://racing.on.cc/racing/fav/current/rjfavf0101x0.html,news,oncc
2026-10-02 06:02:28,2026-10-01,11,9,星運少爵,東網馬經,兆文,西門獨貼士,https://racing.on.cc/racing/fav/current/rjfavf0101x0.html,news,oncc
2026-10-02 06:02:28,2026-10-01,11,1,偵探傳奇,東網馬經,兆文,西門獨貼士,https://racing.on.cc/racing/fav/current/rjfavf0101x0.html,news,oncc
2026-10-03 05:37:15,2026-10-01,5,1,星球勇士,東網馬經,卡洛斯,名家推介,https://racing.on.cc/racing/fav/current/rjfavg0001x0.html,news,oncc
2026-10-03 05:37:15,2026-10-01,5,2,怡昌光輝,東網馬經,卡洛斯,名家推介,https://racing.on.cc/racing/fav/current/rjfavg0001x0.html,news,oncc
2026-10-03 05:37:15,2026-10-01,5,4,輕功猛男,東網馬經,卡洛斯,名家推介,https://racing.on.cc/racing/fav/current/rjfavg0001x0.html,news,oncc
2026-10-03 05:37:15,2026-10-01,5,3,嘉應耀昇,東網馬經,卡洛斯,名家推介,https://racing.on.cc/racing/fav/current/rjfavg0001x0.html,news,oncc
2026-10-03 05:37:15,2026-10-01,10,14,八仟好運,東網馬經,卡洛斯,名家推介,https://racing.on.cc/racing/fav/current/rjfavg0001x0.html,news,oncc
2026-10-03 05:37:15,2026-10-01,10,3,友瑩亮,東網馬經,卡洛斯,名家推介,https://racing.on.cc/racing/fav/current/rjfavg0001x0.html,news,oncc
2026-10-03 05:37:15,2026-10-01,10,8,金錢遊戲,東網馬經,卡洛斯,名家推介,https://racing.on.cc/racing/fav/current/rjfavg0001x0.html,news,oncc
2026-10-03 05:37:15,2026-10-01,10,4,非凡豪傑,東網馬經,卡洛斯,名家推介,https://racing.on.cc/racing/fav/current/rjfavg0001x0.html,news,oncc
2026-10-03 05:37:15,2026-10-01,8,11,閃電奇駿,東網馬經,匡公,名家推介,https://racing.on.cc/racing/fav/current/rjfavg0001x0.html,news,oncc
2026-10-03 05:37:15,2026-10-01,8,4,明德輝煌,東網馬經,匡公,名家推介,https://racing.on.cc/racing/fav/current/rjfavg0001x0.html,news,oncc
2026-10-03 05:37:15,2026-10-01,8,5,八玲瓏,東網馬經,匡公,名家推介,https://racing.on.cc/racing/fav/current/rjfavg0001x0.html,news,oncc
2026-10-03 05:37:15,2026-10-01,8,1,全能勇士,東網馬經,匡公,名家推介,https://racing.on.cc/racing/fav/current/rjfavg0001x0.html,news,oncc
2026-10-03 05:37:15,2026-10-01,11,11,勇者為皇,東網馬經,匡公,名家推介,https://racing.on.cc/racing/fav/current/rjfavg0001x0.html,news,oncc
2026-10-03 05:37:15,2026-10-01,11,1,偵探傳奇,東網馬經,匡公,名家推介,https://racing.on.cc/racing/fav/current/rjfavg0001x0.html,news,oncc
2026-10-03 05:37:15,2026-10-01,11,8,辣得準,東網馬經,匡公,名家推介,https://racing.on.cc/racing/fav/current/rjfavg0001x0.html,news,oncc
2026-10-03 05:37:15,2026-10-01,11,3,,東網馬經,匡公,名家推介,https://racing.on.cc/racing/fav/current/rjfavg0001x0.html,news,oncc
2026-10-03 05:37:15,2026-10-01,2,6,志醒大將,東網馬經,金駒,名家推介,https://racing.on.cc/racing/fav/current/rjfavg0001x0.html,news,oncc
2026-10-03 05:37:15,2026-10-01,2,1,君達得,東網馬經,金駒,名家推介,https://racing.on.cc/racing/fav/current/rjfavg0001x0.html,news,oncc
2026-10-03 05:37:15,2026-10-01,2,9,開心三多,東網馬經,金駒,名家推介,https://racing.on.cc/racing/fav/current/rjfavg0001x0.html,news,oncc
2026-10-03 05:37:15,2026-10-01,2,10,發財金戈,東網馬經,金駒,名家推介,https://racing.on.cc/racing/fav/current/rjfavg0001x0.html,news,oncc
2026-10-03 05:37:15,2026-10-01,4,7,實力加,東網馬經,金駒,名家推介,https://racing.on.cc/racing/fav/current/rjfavg0001x0.html,news,oncc
2026-10-03 05:37:15,2026-10-01,4,10,遨遊波士,東網馬經,金駒,名家推介,https://racing.on.cc/racing/fav/current/rjfavg0001x0.html,news,oncc
2026-10-03 05:37:15,2026-10-01,4,14,久久為軍,東網馬經,金駒,名家推介,https://racing.on.cc/racing/fav/current/rjfavg0001x0.html,news,oncc
2026-10-03 05:37:15,2026-10-01,4,5,錶之翠河,東網馬經,金駒,名家推介,https://racing.on.cc/racing/fav/current/rjfavg0001x0.html,news,oncc
2026-10-03 05:37:15,2026-10-01,8,11,閃電奇駿,東網馬經,西門獨,名家推介,https://racing.on.cc/racing/fav/current/rjfavg0001x0.html,news,oncc
2026-10-03 05:37:15,2026-10-01,8,6,擅搏,東網馬經,西門獨,名家推介,https://racing.on.cc/racing/fav/current/rjfavg0001x0.html,news,oncc
2026-10-03 05:37:15,2026-10-01,8,4,明德輝煌,東網馬經,西門獨,名家推介,https://racing.on.cc/racing/fav/current/rjfavg0001x0.html,news,oncc
2026-10-03 05:37:15,2026-10-01,8,5,八玲瓏,東網馬經,西門獨,名家推介,https://racing.on.cc/racing/fav/current/rjfavg0001x0.html,news,oncc
2026-10-03 05:37:15,2026-10-01,9,9,晒冷,東網馬經,西門獨,名家推介,https://racing.on.cc/racing/fav/current/rjfavg0001x0.html,news,oncc
2026-10-03 05:37:15,2026-10-01,9,12,威利金箭,東網馬經,西門獨,名家推介,https://racing.on.cc/racing/fav/current/rjfavg0001x0.html,news,oncc
2026-10-03 05:37:15,2026-10-01,9,2,喜慶寶,東網馬經,西門獨,名家推介,https://racing.on.cc/racing/fav/current/rjfavg0001x0.html,news,oncc
2026-10-03 05:37:15,2026-10-01,9,3,超輕鬆,東網馬經,西門獨,名家推介,https://racing.on.cc/racing/fav/current/rjfavg0001x0.html,news,oncc
2026-10-03 05:37:15,2026-10-01,1,12,怡昌奇兵,東網馬經,諸葛數,名家推介,https://racing.on.cc/racing/fav/current/rjfavg0001x0.html,news,oncc
2026-10-03 05:37:15,2026-10-01,1,2,靖哥哥,東網馬經,諸葛數,名家推介,https://racing.on.cc/racing/fav/current/rjfavg0001x0.html,news,oncc
2026-10-03 05:37:15,2026-10-01,1,7,萬里雲,東網馬經,諸葛數,名家推介,https://racing.on.cc/racing/fav/current/rjfavg0001x0.html,news,oncc
2026-10-03 05:37:15,2026-10-01,1,5,同有運,東網馬經,諸葛數,名家推介,https://racing.on.cc/racing/fav/current/rjfavg0001x0.html,news,oncc
2026-10-03 05:37:15,2026-10-01,2,1,君達得,東網馬經,諸葛數,名家推介,https://racing.on.cc/racing/fav/current/rjfavg0001x0.html,news,oncc
2026-10-03 05:37:15,2026-10-01,2,2,,東網馬經,諸葛數,名家推介,https://racing.on.cc/racing/fav/current/rjfavg0001x0.html,news,oncc
2026-10-03 05:37:15,2026-10-01,2,6,志醒大將,東網馬經,諸葛數,名家推介,https://racing.on.cc/racing/fav/current/rjfavg0001x0.html,news,oncc
2026-10-03 05:37:15,2026-10-01,2,10,發財金戈,東網馬經,諸葛數,名家推介,https://racing.on.cc/racing/fav/current/rjfavg0001x0.html,news,oncc
2026-10-03 05:37:15,2026-10-01,5,12,天寶威威,東網馬經,長風,名家推介,https://racing.on.cc/racing/fav/current/rjfavg0001x0.html,news,oncc
2026-10-03 05:37:15,2026-10-01,5,3,嘉應耀昇,東網馬經,長風,名家推介,https://racing.on.cc/racing/fav/current/rjfavg0001x0.html,news,oncc
2026-10-03 05:37:15,2026-10-01,5,1,星球勇士,東網馬經,長風,名家推介,https://racing.on.cc/racing/fav/current/rjfavg0001x0.html,news,oncc
2026-10-03 05:37:15,2026-10-01,5,11,升升雙息,東網馬經,長風,名家推介,https://racing.on.cc/racing/fav/current/rjfavg0001x0.html,news,oncc
2026-10-03 05:37:15,2026-10-01,10,4,非凡豪傑,東網馬經,長風,名家推介,https://racing.on.cc/racing/fav/current/rjfavg0001x0.html,news,oncc
2026-10-03 05:37:15,2026-10-01,10,3,友瑩亮,東網馬經,長風,名家推介,https://racing.on.cc/racing/fav/current/rjfavg0001x0.html,news,oncc
2026-10-03 05:37:15,2026-10-01,10,14,八仟好運,東網馬經,長風,名家推介,https://racing.on.cc/racing/fav/current/rjfavg0001x0.html,news,oncc
2026-10-03 05:37:15,2026-10-01,10,7,巴閉精,東網馬經,長風,名家推介,https://racing.on.cc/racing/fav/current/rjfavg0001x0.html,news,oncc
2026-10-03 05:37:15,2026-10-01,1,11,不勞而獲,東網馬經,陳志懷,名家推介,https://racing.on.cc/racing/fav/current/rjfavg0001x0.html,news,oncc
2026-10-03 05:37:15,2026-10-01,1,2,靖哥哥,東網馬經,陳志懷,名家推介,https://racing.on.cc/racing/fav/current/rjfavg0001x0.html,news,oncc
2026-10-03 05:37:15,2026-10-01,1,5,同有運,東網馬經,陳志懷,名家推介,https://racing.on.cc/racing/fav/current/rjfavg0001x0.html,news,oncc
2026-10-03 05:37:15,2026-10-01,1,6,魅力知福,東網馬經,陳志懷,名家推介,https://racing.on.cc/racing/fav/current/rjfavg0001x0.html,news,oncc
2026-10-03 05:37:15,2026-10-01,8,11,閃電奇駿,東網馬經,陳志懷,名家推介,https://racing.on.cc/racing/fav/current/rjfavg0001x0.html,news,oncc
2026-10-03 05:37:15,2026-10-01,8,5,八玲瓏,東網馬經,陳志懷,名家推介,https://racing.on.cc/racing/fav/current/rjfavg0001x0.html,news,oncc
2026-10-03 05:37:15,2026-10-01,8,8,天天更好,東網馬經,陳志懷,名家推介,https://racing.on.cc/racing/fav/current/rjfavg0001x0.html,news,oncc
2026-10-03 05:37:15,2026-10-01,8,4,明德輝煌,東網馬經,陳志懷,名家推介,https://racing.on.cc/racing/fav/current/rjfavg0001x0.html,news,oncc
2026-10-03 05:37:15,2026-10-01,2,6,志醒大將,東網馬經,明治朗,名家推介,https://racing.on.cc/racing/fav/current/rjfavg0001x0.html,news,oncc
2026-10-03 05:37:15,2026-10-01,2,7,我最好,東網馬經,明治朗,名家推介,https://racing.on.cc/racing/fav/current/rjfavg0001x0.html,news,oncc
2026-10-03 05:37:15,2026-10-01,2,1,君達得,東網馬經,明治朗,名家推介,https://racing.on.cc/racing/fav/current/rjfavg0001x0.html,news,oncc
2026-10-03 05:37:15,2026-10-01,2,9,開心三多,東網馬經,明治朗,名家推介,https://racing.on.cc/racing/fav/current/rjfavg0001x0.html,news,oncc
2026-10-03 05:37:15,2026-10-01,7,10,嘉應光彩,東網馬經,明治朗,名家推介,https://racing.on.cc/racing/fav/current/rjfavg0001x0.html,news,oncc
2026-10-03 05:37:15,2026-10-01,7,6,烈進駒,東網馬經,明治朗,名家推介,https://racing.on.cc/racing/fav/current/rjfavg0001x0.html,news,oncc
2026-10-03 05:37:15,2026-10-01,7,2,光年程祥,東網馬經,明治朗,名家推介,https://racing.on.cc/racing/fav/current/rjfavg0001x0.html,news,oncc
2026-10-03 05:37:15,2026-10-01,7,13,凱旋王者,東網馬經,明治朗,名家推介,https://racing.on.cc/racing/fav/current/rjfavg0001x0.html,news,oncc
2026-10-03 05:37:15,2026-10-01,5,1,星球勇士,東網馬經,內幕料,名家推介,https://racing.on.cc/racing/fav/current/rjfavg0001x0.html,news,oncc
2026-10-03 05:37:15,2026-10-01,5,3,嘉應耀昇,東網馬經,內幕料,名家推介,https://racing.on.cc/racing/fav/current/rjfavg0001x0.html,news,oncc
2026-10-03 05:37:15,2026-10-01,5,7,,東網馬經,內幕料,名家推介,https://racing.on.cc/racing/fav/current/rjfavg0001x0.html,news,oncc
2026-10-03 05:37:15,2026-10-01,5,12,天寶威威,東網馬經,內幕料,名家推介,https://racing.on.cc/racing/fav/current/rjfavg0001x0.html,news,oncc
2026-10-03 05:37:15,2026-10-01,8,1,全能勇士,東網馬經,內幕料,名家推介,https://racing.on.cc/racing/fav/current/rjfavg0001x0.html,news,oncc
2026-10-03 05:37:15,2026-10-01,8,2,添開心,東網馬經,內幕料,名家推介,https://racing.on.cc/racing/fav/current/rjfavg0001x0.html,news,oncc
2026-10-03 05:37:15,2026-10-01,8,4,明德輝煌,東網馬經,內幕料,名家推介,https://racing.on.cc/racing/fav/current/rjfavg0001x0.html,news,oncc
2026-10-03 05:37:15,2026-10-01,8,8,天天更好,東網馬經,內幕料,名家推介,https://racing.on.cc/racing/fav/current/rjfavg0001x0.html,news,oncc
2026-10-03 05:37:15,2026-10-01,6,1,捷威,東網馬經,網中神,名家推介,https://racing.on.cc/racing/fav/current/rjfavg0001x0.html,news,oncc
2026-10-03 05:37:15,2026-10-01,6,5,熒光,東網馬經,網中神,名家推介,https://racing.on.cc/racing/fav/current/rjfavg0001x0.html,news,oncc
2026-10-03 05:37:15,2026-10-01,6,8,智多多寶,東網馬經,網中神,名家推介,https://racing.on.cc/racing/fav/current/rjfavg0001x0.html,news,oncc
2026-10-03 05:37:15,2026-10-01,6,13,禾道威,東網馬經,網中神,名家推介,https://racing.on.cc/racing/fav/current/rjfavg0001x0.html,news,oncc
2026-10-03 05:37:15,2026-10-01,7,2,光年程祥,東網馬經,網中神,名家推介,https://racing.on.cc/racing/fav/current/rjfavg0001x0.html,news,oncc
2026-10-03 05:37:15,2026-10-01,7,4,莊家班,東網馬經,網中神,名家推介,https://racing.on.cc/racing/fav/current/rjfavg0001x0.html,news,oncc
2026-10-03 05:37:15,2026-10-01,7,13,凱旋王者,東網馬經,網中神,名家推介,https://racing.on.cc/racing/fav/current/rjfavg0001x0.html,news,oncc
2026-10-03 05:37:15,2026-10-01,7,14,翠湖烈風,東網馬經,網中神,名家推介,https://racing.on.cc/racing/fav/current/rjfavg0001x0.html,news,oncc
2026-10-03 05:37:15,2026-10-01,4,3,超拍檔,東網馬經,洛飛,名家推介,https://racing.on.cc/racing/fav/current/rjfavg0001x0.html,news,oncc
2026-10-03 05:37:15,2026-10-01,4,5,錶之翠河,東網馬經,洛飛,名家推介,https://racing.on.cc/racing/fav/current/rjfavg0001x0.html,news,oncc
2026-10-03 05:37:15,2026-10-01,4,7,實力加,東網馬經,洛飛,名家推介,https://racing.on.cc/racing/fav/current/rjfavg0001x0.html,news,oncc
2026-10-03 05:37:15,2026-10-01,4,12,馬上盈,東網馬經,洛飛,名家推介,https://racing.on.cc/racing/fav/current/rjfavg0001x0.html,news,oncc
2026-10-03 05:37:15,2026-10-01,11,4,金金小子,東網馬經,洛飛,名家推介,https://racing.on.cc/racing/fav/current/rjfavg0001x0.html,news,oncc
2026-10-03 05:37:15,2026-10-01,11,5,赤海,東網馬經,洛飛,名家推介,https://racing.on.cc/racing/fav/current/rjfavg0001x0.html,news,oncc
2026-10-03 05:37:15,2026-10-01,11,6,超和平,東網馬經,洛飛,名家推介,https://racing.on.cc/racing/fav/current/rjfavg0001x0.html,news,oncc
2026-10-03 05:37:15,2026-10-01,11,7,,東網馬經,洛飛,名家推介,https://racing.on.cc/racing/fav/current/rjfavg0001x0.html,news,oncc
2026-10-03 05:37:15,2026-10-04,9,3,堅有利,東網馬經,諸葛數,西門獨貼士,https://racing.on.cc/racing/fav/current/rjfavf0101x0.html,news,oncc
2026-10-03 05:37:15,2026-10-04,4,7,劍無情,東網馬經,明治朗,西門獨貼士,https://racing.on.cc/racing/fav/current/rjfavf0101x0.html,news,oncc
2026-10-03 05:37:15,2026-10-04,11,9,三甲之星,東網馬經,明治朗,西門獨貼士,https://racing.on.cc/racing/fav/current/rjfavf0101x0.html,news,oncc
2026-10-03 15:02:20,2026-10-01,1,4,錶之無限,東網馬經,西門獨,西門獨／諸葛數貼士,https://racing.on.cc/racing/fav/current/rjfavf0201x0.html,news,oncc
2026-10-03 15:02:20,2026-10-01,1,5,同有運,東網馬經,西門獨,西門獨／諸葛數貼士,https://racing.on.cc/racing/fav/current/rjfavf0201x0.html,news,oncc
2026-10-03 15:02:20,2026-10-01,1,12,怡昌奇兵,東網馬經,西門獨,西門獨／諸葛數貼士,https://racing.on.cc/racing/fav/current/rjfavf0201x0.html,news,oncc
2026-10-03 15:02:20,2026-10-01,1,1,新力驕,東網馬經,西門獨,西門獨／諸葛數貼士,https://racing.on.cc/racing/fav/current/rjfavf0201x0.html,news,oncc
2026-10-03 15:02:20,2026-10-01,2,2,,東網馬經,西門獨,西門獨／諸葛數貼士,https://racing.on.cc/racing/fav/current/rjfavf0201x0.html,news,oncc
2026-10-03 15:02:20,2026-10-01,2,3,彭玥,東網馬經,西門獨,西門獨／諸葛數貼士,https://racing.on.cc/racing/fav/current/rjfavf0201x0.html,news,oncc
2026-10-03 15:02:20,2026-10-01,2,8,萬事勝利,東網馬經,西門獨,西門獨／諸葛數貼士,https://racing.on.cc/racing/fav/current/rjfavf0201x0.html,news,oncc
2026-10-03 15:02:20,2026-10-01,2,6,志醒大將,東網馬經,西門獨,西門獨／諸葛數貼士,https://racing.on.cc/racing/fav/current/rjfavf0201x0.html,news,oncc
2026-10-03 15:02:20,2026-10-01,3,2,翠紅,東網馬經,西門獨,西門獨／諸葛數貼士,https://racing.on.cc/racing/fav/current/rjfavf0201x0.html,news,oncc
2026-10-03 15:02:20,2026-10-01,3,4,顏色之皇,東網馬經,西門獨,西門獨／諸葛數貼士,https://racing.on.cc/racing/fav/current/rjfavf0201x0.html,news,oncc
2026-10-03 15:02:20,2026-10-01,3,7,魔術控制,東網馬經,西門獨,西門獨／諸葛數貼士,https://racing.on.cc/racing/fav/current/rjfavf0201x0.html,news,oncc
2026-10-03 15:02:20,2026-10-01,3,1,精算暴雪,東網馬經,西門獨,西門獨／諸葛數貼士,https://racing.on.cc/racing/fav/current/rjfavf0201x0.html,news,oncc
2026-10-03 15:02:20,2026-10-01,4,7,實力加,東網馬經,西門獨,西門獨／諸葛數貼士,https://racing.on.cc/racing/fav/current/rjfavf0201x0.html,news,oncc
2026-10-03 15:02:20,2026-10-01,4,10,遨遊波士,東網馬經,西門獨,西門獨／諸葛數貼士,https://racing.on.cc/racing/fav/current/rjfavf0201x0.html,news,oncc
2026-10-03 15:02:20,2026-10-01,4,6,盈妮威楓,東網馬經,西門獨,西門獨／諸葛數貼士,https://racing.on.cc/racing/fav/current/rjfavf0201x0.html,news,oncc
2026-10-03 15:02:20,2026-10-01,4,5,錶之翠河,東網馬經,西門獨,西門獨／諸葛數貼士,https://racing.on.cc/racing/fav/current/rjfavf0201x0.html,news,oncc
2026-10-03 15:02:20,2026-10-01,5,3,嘉應耀昇,東網馬經,西門獨,西門獨／諸葛數貼士,https://racing.on.cc/racing/fav/current/rjfavf0201x0.html,news,oncc
2026-10-03 15:02:20,2026-10-01,5,2,怡昌光輝,東網馬經,西門獨,西門獨／諸葛數貼士,https://racing.on.cc/racing/fav/current/rjfavf0201x0.html,news,oncc
2026-10-03 15:02:20,2026-10-01,5,1,星球勇士,東網馬經,西門獨,西門獨／諸葛數貼士,https://racing.on.cc/racing/fav/current/rjfavf0201x0.html,news,oncc
2026-10-03 15:02:20,2026-10-01,5,12,天寶威威,東網馬經,西門獨,西門獨／諸葛數貼士,https://racing.on.cc/racing/fav/current/rjfavf0201x0.html,news,oncc
2026-10-03 15:02:20,2026-10-01,6,6,夢照發,東網馬經,西門獨,西門獨／諸葛數貼士,https://racing.on.cc/racing/fav/current/rjfavf0201x0.html,news,oncc
2026-10-03 15:02:20,2026-10-01,6,8,智多多寶,東網馬經,西門獨,西門獨／諸葛數貼士,https://racing.on.cc/racing/fav/current/rjfavf0201x0.html,news,oncc
2026-10-03 15:02:20,2026-10-01,6,13,禾道威,東網馬經,西門獨,西門獨／諸葛數貼士,https://racing.on.cc/racing/fav/current/rjfavf0201x0.html,news,oncc
2026-10-03 15:02:20,2026-10-01,6,4,浪漫老撾,東網馬經,西門獨,西門獨／諸葛數貼士,https://racing.on.cc/racing/fav/current/rjfavf0201x0.html,news,oncc
2026-10-03 15:02:20,2026-10-01,7,2,光年程祥,東網馬經,西門獨,西門獨／諸葛數貼士,https://racing.on.cc/racing/fav/current/rjfavf0201x0.html,news,oncc
2026-10-03 15:02:20,2026-10-01,7,14,翠湖烈風,東網馬經,西門獨,西門獨／諸葛數貼士,https://racing.on.cc/racing/fav/current/rjfavf0201x0.html,news,oncc
2026-10-03 15:02:20,2026-10-01,7,10,嘉應光彩,東網馬經,西門獨,西門獨／諸葛數貼士,https://racing.on.cc/racing/fav/current/rjfavf0201x0.html,news,oncc
2026-10-03 15:02:20,2026-10-01,7,4,莊家班,東網馬經,西門獨,西門獨／諸葛數貼士,https://racing.on.cc/racing/fav/current/rjfavf0201x0.html,news,oncc
2026-10-03 15:02:20,2026-10-01,8,11,閃電奇駿,東網馬經,西門獨,西門獨／諸葛數貼士,https://racing.on.cc/racing/fav/current/rjfavf0201x0.html,news,oncc
2026-10-03 15:02:20,2026-10-01,8,6,擅搏,東網馬經,西門獨,西門獨／諸葛數貼士,https://racing.on.cc/racing/fav/current/rjfavf0201x0.html,news,oncc
2026-10-03 15:02:20,2026-10-01,8,4,明德輝煌,東網馬經,西門獨,西門獨／諸葛數貼士,https://racing.on.cc/racing/fav/current/rjfavf0201x0.html,news,oncc
2026-10-03 15:02:20,2026-10-01,8,5,八玲瓏,東網馬經,西門獨,西門獨／諸葛數貼士,https://racing.on.cc/racing/fav/current/rjfavf0201x0.html,news,oncc
2026-10-03 15:02:20,2026-10-01,9,9,晒冷,東網馬經,西門獨,西門獨／諸葛數貼士,https://racing.on.cc/racing/fav/current/rjfavf0201x0.html,news,oncc
2026-10-03 15:02:20,2026-10-01,9,12,威利金箭,東網馬經,西門獨,西門獨／諸葛數貼士,https://racing.on.cc/racing/fav/current/rjfavf0201x0.html,news,oncc
2026-10-03 15:02:20,2026-10-01,9,2,喜慶寶,東網馬經,西門獨,西門獨／諸葛數貼士,https://racing.on.cc/racing/fav/current/rjfavf0201x0.html,news,oncc
2026-10-03 15:02:20,2026-10-01,9,3,超輕鬆,東網馬經,西門獨,西門獨／諸葛數貼士,https://racing.on.cc/racing/fav/current/rjfavf0201x0.html,news,oncc
2026-10-03 15:02:20,2026-10-01,10,7,巴閉精,東網馬經,西門獨,西門獨／諸葛數貼士,https://racing.on.cc/racing/fav/current/rjfavf0201x0.html,news,oncc
2026-10-03 15:02:20,2026-10-01,10,8,金錢遊戲,東網馬經,西門獨,西門獨／諸葛數貼士,https://racing.on.cc/racing/fav/current/rjfavf0201x0.html,news,oncc
2026-10-03 15:02:20,2026-10-01,10,14,八仟好運,東網馬經,西門獨,西門獨／諸葛數貼士,https://racing.on.cc/racing/fav/current/rjfavf0201x0.html,news,oncc
2026-10-03 15:02:20,2026-10-01,10,4,非凡豪傑,東網馬經,西門獨,西門獨／諸葛數貼士,https://racing.on.cc/racing/fav/current/rjfavf0201x0.html,news,oncc
2026-10-03 15:02:20,2026-10-01,11,4,金金小子,東網馬經,西門獨,西門獨／諸葛數貼士,https://racing.on.cc/racing/fav/current/rjfavf0201x0.html,news,oncc
2026-10-03 15:02:20,2026-10-01,11,14,勇闖高峰,東網馬經,西門獨,西門獨／諸葛數貼士,https://racing.on.cc/racing/fav/current/rjfavf0201x0.html,news,oncc
2026-10-03 15:02:20,2026-10-01,11,10,利高八斗,東網馬經,西門獨,西門獨／諸葛數貼士,https://racing.on.cc/racing/fav/current/rjfavf0201x0.html,news,oncc
2026-10-03 15:02:20,2026-10-01,11,11,勇者為皇,東網馬經,西門獨,西門獨／諸葛數貼士,https://racing.on.cc/racing/fav/current/rjfavf0201x0.html,news,oncc
2026-10-03 15:02:20,2026-10-01,1,12,怡昌奇兵,東網馬經,諸葛數,西門獨／諸葛數貼士,https://racing.on.cc/racing/fav/current/rjfavf0201x0.html,news,oncc
2026-10-03 15:02:20,2026-10-01,1,2,靖哥哥,東網馬經,諸葛數,西門獨／諸葛數貼士,https://racing.on.cc/racing/fav/current/rjfavf0201x0.html,news,oncc
2026-10-03 15:02:20,2026-10-01,1,7,萬里雲,東網馬經,諸葛數,西門獨／諸葛數貼士,https://racing.on.cc/racing/fav/current/rjfavf0201x0.html,news,oncc
2026-10-03 15:02:20,2026-10-01,1,5,同有運,東網馬經,諸葛數,西門獨／諸葛數貼士,https://racing.on.cc/racing/fav/current/rjfavf0201x0.html,news,oncc
2026-10-03 15:02:20,2026-10-01,2,1,君達得,東網馬經,諸葛數,西門獨／諸葛數貼士,https://racing.on.cc/racing/fav/current/rjfavf0201x0.html,news,oncc
2026-10-03 15:02:20,2026-10-01,2,2,,東網馬經,諸葛數,西門獨／諸葛數貼士,https://racing.on.cc/racing/fav/current/rjfavf0201x0.html,news,oncc
2026-10-03 15:02:20,2026-10-01,2,6,志醒大將,東網馬經,諸葛數,西門獨／諸葛數貼士,https://racing.on.cc/racing/fav/current/rjfavf0201x0.html,news,oncc
2026-10-03 15:02:20,2026-10-01,2,10,發財金戈,東網馬經,諸葛數,西門獨／諸葛數貼士,https://racing.on.cc/racing/fav/current/rjfavf0201x0.html,news,oncc
2026-10-03 15:02:20,2026-10-01,3,2,翠紅,東網馬經,諸葛數,西門獨／諸葛數貼士,https://racing.on.cc/racing/fav/current/rjfavf0201x0.html,news,oncc
2026-10-03 15:02:20,2026-10-01,3,7,魔術控制,東網馬經,諸葛數,西門獨／諸葛數貼士,https://racing.on.cc/racing/fav/current/rjfavf0201x0.html,news,oncc
2026-10-03 15:02:20,2026-10-01,3,1,精算暴雪,東網馬經,諸葛數,西門獨／諸葛數貼士,https://racing.on.cc/racing/fav/current/rjfavf0201x0.html,news,oncc
2026-10-03 15:02:20,2026-10-01,3,4,顏色之皇,東網馬經,諸葛數,西門獨／諸葛數貼士,https://racing.on.cc/racing/fav/current/rjfavf0201x0.html,news,oncc
2026-10-03 15:02:20,2026-10-01,4,14,久久為軍,東網馬經,諸葛數,西門獨／諸葛數貼士,https://racing.on.cc/racing/fav/current/rjfavf0201x0.html,news,oncc
2026-10-03 15:02:20,2026-10-01,4,10,遨遊波士,東網馬經,諸葛數,西門獨／諸葛數貼士,https://racing.on.cc/racing/fav/current/rjfavf0201x0.html,news,oncc
2026-10-03 15:02:20,2026-10-01,4,5,錶之翠河,東網馬經,諸葛數,西門獨／諸葛數貼士,https://racing.on.cc/racing/fav/current/rjfavf0201x0.html,news,oncc
2026-10-03 15:02:20,2026-10-01,4,7,實力加,東網馬經,諸葛數,西門獨／諸葛數貼士,https://racing.on.cc/racing/fav/current/rjfavf0201x0.html,news,oncc
2026-10-03 15:02:20,2026-10-01,5,3,嘉應耀昇,東網馬經,諸葛數,西門獨／諸葛數貼士,https://racing.on.cc/racing/fav/current/rjfavf0201x0.html,news,oncc
2026-10-03 15:02:20,2026-10-01,5,2,怡昌光輝,東網馬經,諸葛數,西門獨／諸葛數貼士,https://racing.on.cc/racing/fav/current/rjfavf0201x0.html,news,oncc
2026-10-03 15:02:20,2026-10-01,5,1,星球勇士,東網馬經,諸葛數,西門獨／諸葛數貼士,https://racing.on.cc/racing/fav/current/rjfavf0201x0.html,news,oncc
2026-10-03 15:02:20,2026-10-01,5,4,輕功猛男,東網馬經,諸葛數,西門獨／諸葛數貼士,https://racing.on.cc/racing/fav/current/rjfavf0201x0.html,news,oncc
2026-10-03 15:02:20,2026-10-01,6,1,捷威,東網馬經,諸葛數,西門獨／諸葛數貼士,https://racing.on.cc/racing/fav/current/rjfavf0201x0.html,news,oncc
2026-10-03 15:02:20,2026-10-01,6,3,佰勝金龍,東網馬經,諸葛數,西門獨／諸葛數貼士,https://racing.on.cc/racing/fav/current/rjfavf0201x0.html,news,oncc
2026-10-03 15:02:20,2026-10-01,6,7,好運年,東網馬經,諸葛數,西門獨／諸葛數貼士,https://racing.on.cc/racing/fav/current/rjfavf0201x0.html,news,oncc
2026-10-03 15:02:20,2026-10-01,6,6,夢照發,東網馬經,諸葛數,西門獨／諸葛數貼士,https://racing.on.cc/racing/fav/current/rjfavf0201x0.html,news,oncc
2026-10-03 15:02:20,2026-10-01,7,2,光年程祥,東網馬經,諸葛數,西門獨／諸葛數貼士,https://racing.on.cc/racing/fav/current/rjfavf0201x0.html,news,oncc
2026-10-03 15:02:20,2026-10-01,7,6,烈進駒,東網馬經,諸葛數,西門獨／諸葛數貼士,https://racing.on.cc/racing/fav/current/rjfavf0201x0.html,news,oncc
2026-10-03 15:02:20,2026-10-01,7,1,長勝金剛,東網馬經,諸葛數,西門獨／諸葛數貼士,https://racing.on.cc/racing/fav/current/rjfavf0201x0.html,news,oncc
2026-10-03 15:02:20,2026-10-01,7,11,同喜,東網馬經,諸葛數,西門獨／諸葛數貼士,https://racing.on.cc/racing/fav/current/rjfavf0201x0.html,news,oncc
2026-10-03 15:02:20,2026-10-01,8,4,明德輝煌,東網馬經,諸葛數,西門獨／諸葛數貼士,https://racing.on.cc/racing/fav/current/rjfavf0201x0.html,news,oncc
2026-10-03 15:02:20,2026-10-01,8,5,八玲瓏,東網馬經,諸葛數,西門獨／諸葛數貼士,https://racing.on.cc/racing/fav/current/rjfavf0201x0.html,news,oncc
2026-10-03 15:02:20,2026-10-01,8,1,全能勇士,東網馬經,諸葛數,西門獨／諸葛數貼士,https://racing.on.cc/racing/fav/current/rjfavf0201x0.html,news,oncc
2026-10-03 15:02:20,2026-10-01,8,2,添開心,東網馬經,諸葛數,西門獨／諸葛數貼士,https://racing.on.cc/racing/fav/current/rjfavf0201x0.html,news,oncc
2026-10-03 15:02:20,2026-10-01,9,2,喜慶寶,東網馬經,諸葛數,西門獨／諸葛數貼士,https://racing.on.cc/racing/fav/current/rjfavf0201x0.html,news,oncc
2026-10-03 15:02:20,2026-10-01,9,1,首飾天空,東網馬經,諸葛數,西門獨／諸葛數貼士,https://racing.on.cc/racing/fav/current/rjfavf0201x0.html,news,oncc
2026-10-03 15:02:20,2026-10-01,9,9,晒冷,東網馬經,諸葛數,西門獨／諸葛數貼士,https://racing.on.cc/racing/fav/current/rjfavf0201x0.html,news,oncc
2026-10-03 15:02:20,2026-10-01,9,12,威利金箭,東網馬經,諸葛數,西門獨／諸葛數貼士,https://racing.on.cc/racing/fav/current/rjfavf0201x0.html,news,oncc
2026-10-03 15:02:20,2026-10-01,10,4,非凡豪傑,東網馬經,諸葛數,西門獨／諸葛數貼士,https://racing.on.cc/racing/fav/current/rjfavf0201x0.html,news,oncc
2026-10-03 15:02:20,2026-10-01,10,7,巴閉精,東網馬經,諸葛數,西門獨／諸葛數貼士,https://racing.on.cc/racing/fav/current/rjfavf0201x0.html,news,oncc
2026-10-03 15:02:20,2026-10-01,10,3,友瑩亮,東網馬經,諸葛數,西門獨／諸葛數貼士,https://racing.on.cc/racing/fav/current/rjfavf0201x0.html,news,oncc
2026-10-03 15:02:20,2026-10-01,10,9,禾道豐,東網馬經,諸葛數,西門獨／諸葛數貼士,https://racing.on.cc/racing/fav/current/rjfavf0201x0.html,news,oncc
2026-10-03 15:02:20,2026-10-01,11,6,超和平,東網馬經,諸葛數,西門獨／諸葛數貼士,https://racing.on.cc/racing/fav/current/rjfavf0201x0.html,news,oncc
2026-10-03 15:02:20,2026-10-01,11,10,利高八斗,東網馬經,諸葛數,西門獨／諸葛數貼士,https://racing.on.cc/racing/fav/current/rjfavf0201x0.html,news,oncc
2026-10-03 15:02:20,2026-10-01,11,1,偵探傳奇,東網馬經,諸葛數,西門獨／諸葛數貼士,https://racing.on.cc/racing/fav/current/rjfavf0201x0.html,news,oncc
2026-10-03 15:02:20,2026-10-01,11,4,金金小子,東網馬經,諸葛數,西門獨／諸葛數貼士,https://racing.on.cc/racing/fav/current/rjfavf0201x0.html,news,oncc
2026-10-03 15:02:20,2026-10-01,1,11,不勞而獲,東網馬經,陳志懷,西門獨／諸葛數貼士,https://racing.on.cc/racing/fav/current/rjfavf0201x0.html,news,oncc
2026-10-03 15:02:20,2026-10-01,1,2,靖哥哥,東網馬經,陳志懷,西門獨／諸葛數貼士,https://racing.on.cc/racing/fav/current/rjfavf0201x0.html,news,oncc
2026-10-03 15:02:20,2026-10-01,1,5,同有運,東網馬經,陳志懷,西門獨／諸葛數貼士,https://racing.on.cc/racing/fav/current/rjfavf0201x0.html,news,oncc
2026-10-03 15:02:20,2026-10-01,1,6,魅力知福,東網馬經,陳志懷,西門獨／諸葛數貼士,https://racing.on.cc/racing/fav/current/rjfavf0201x0.html,news,oncc
2026-10-03 15:02:20,2026-10-01,2,9,開心三多,東網馬經,陳志懷,西門獨／諸葛數貼士,https://racing.on.cc/racing/fav/current/rjfavf0201x0.html,news,oncc
2026-10-03 15:02:20,2026-10-01,2,6,志醒大將,東網馬經,陳志懷,西門獨／諸葛數貼士,https://racing.on.cc/racing/fav/current/rjfavf0201x0.html,news,oncc
2026-10-03 15:02:20,2026-10-01,2,2,,東網馬經,陳志懷,西門獨／諸葛數貼士,https://racing.on.cc/racing/fav/current/rjfavf0201x0.html,news,oncc
2026-10-03 15:02:20,2026-10-01,2,11,駟跑得,東網馬經,陳志懷,西門獨／諸葛數貼士,https://racing.on.cc/racing/fav/current/rjfavf0201x0.html,news,oncc
2026-10-03 15:02:20,2026-10-01,3,4,顏色之皇,東網馬經,陳志懷,西門獨／諸葛數貼士,https://racing.on.cc/racing/fav/current/rjfavf0201x0.html,news,oncc
2026-10-03 15:02:20,2026-10-01,3,6,天天同樂,東網馬經,陳志懷,西門獨／諸葛數貼士,https://racing.on.cc/racing/fav/current/rjfavf0201x0.html,news,oncc
2026-10-03 15:02:20,2026-10-01,3,7,魔術控制,東網馬經,陳志懷,西門獨／諸葛數貼士,https://racing.on.cc/racing/fav/current/rjfavf0201x0.html,news,oncc
2026-10-03 15:02:20,2026-10-01,3,3,美麗第一,東網馬經,陳志懷,西門獨／諸葛數貼士,https://racing.on.cc/racing/fav/current/rjfavf0201x0.html,news,oncc
2026-10-03 15:02:20,2026-10-01,4,10,遨遊波士,東網馬經,陳志懷,西門獨／諸葛數貼士,https://racing.on.cc/racing/fav/current/rjfavf0201x0.html,news,oncc
2026-10-03 15:02:20,2026-10-01,4,7,實力加,東網馬經,陳志懷,西門獨／諸葛數貼士,https://racing.on.cc/racing/fav/current/rjfavf0201x0.html,news,oncc
2026-10-03 15:02:20,2026-10-01,4,13,鑽飾閃耀,東網馬經,陳志懷,西門獨／諸葛數貼士,https://racing.on.cc/racing/fav/current/rjfavf0201x0.html,news,oncc
2026-10-03 15:02:20,2026-10-01,4,14,久久為軍,東網馬經,陳志懷,西門獨／諸葛數貼士,https://racing.on.cc/racing/fav/current/rjfavf0201x0.html,news,oncc
2026-10-03 15:02:20,2026-10-01,5,1,星球勇士,東網馬經,陳志懷,西門獨／諸葛數貼士,https://racing.on.cc/racing/fav/current/rjfavf0201x0.html,news,oncc
2026-10-03 15:02:20,2026-10-01,5,3,嘉應耀昇,東網馬經,陳志懷,西門獨／諸葛數貼士,https://racing.on.cc/racing/fav/current/rjfavf0201x0.html,news,oncc
2026-10-03 15:02:20,2026-10-01,5,6,盈俊天下,東網馬經,陳志懷,西門獨／諸葛數貼士,https://racing.on.cc/racing/fav/current/rjfavf0201x0.html,news,oncc
2026-10-03 15:02:20,2026-10-01,5,12,天寶威威,東網馬經,陳志懷,西門獨／諸葛數貼士,https://racing.on.cc/racing/fav/current/rjfavf0201x0.html,news,oncc
2026-10-03 15:02:20,2026-10-01,6,9,勁步速,東網馬經,陳志懷,西門獨／諸葛數貼士,https://racing.on.cc/racing/fav/current/rjfavf0201x0.html,news,oncc
2026-10-03 15:02:20,2026-10-01,6,5,熒光,東網馬經,陳志懷,西門獨／諸葛數貼士,https://racing.on.cc/racing/fav/current/rjfavf0201x0.html,news,oncc
2026-10-03 15:02:20,2026-10-01,6,3,佰勝金龍,東網馬經,陳志懷,西門獨／諸葛數貼士,https://racing.on.cc/racing/fav/current/rjfavf0201x0.html,news,oncc
2026-10-03 15:02:20,2026-10-01,6,7,好運年,東網馬經,陳志懷,西門獨／諸葛數貼士,https://racing.on.cc/racing/fav/current/rjfavf0201x0.html,news,oncc
2026-10-03 15:02:20,2026-10-01,7,6,烈進駒,東網馬經,陳志懷,西門獨／諸葛數貼士,https://racing.on.cc/racing/fav/current/rjfavf0201x0.html,news,oncc
2026-10-03 15:02:20,2026-10-01,7,4,莊家班,東網馬經,陳志懷,西門獨／諸葛數貼士,https://racing.on.cc/racing/fav/current/rjfavf0201x0.html,news,oncc
2026-10-03 15:02:20,2026-10-01,7,2,光年程祥,東網馬經,陳志懷,西門獨／諸葛數貼士,https://racing.on.cc/racing/fav/current/rjfavf0201x0.html,news,oncc
2026-10-03 15:02:20,2026-10-01,7,10,嘉應光彩,東網馬經,陳志懷,西門獨／諸葛數貼士,https://racing.on.cc/racing/fav/current/rjfavf0201x0.html,news,oncc
2026-10-03 15:02:20,2026-10-01,8,11,閃電奇駿,東網馬經,陳志懷,西門獨／諸葛數貼士,https://racing.on.cc/racing/fav/current/rjfavf0201x0.html,news,oncc
2026-10-03 15:02:20,2026-10-01,8,5,八玲瓏,東網馬經,陳志懷,西門獨／諸葛數貼士,https://racing.on.cc/racing/fav/current/rjfavf0201x0.html,news,oncc
2026-10-03 15:02:20,2026-10-01,8,8,天天更好,東網馬經,陳志懷,西門獨／諸葛數貼士,https://racing.on.cc/racing/fav/current/rjfavf0201x0.html,news,oncc
2026-10-03 15:02:20,2026-10-01,8,4,明德輝煌,東網馬經,陳志懷,西門獨／諸葛數貼士,https://racing.on.cc/racing/fav/current/rjfavf0201x0.html,news,oncc
2026-10-03 15:02:20,2026-10-01,9,2,喜慶寶,東網馬經,陳志懷,西門獨／諸葛數貼士,https://racing.on.cc/racing/fav/current/rjfavf0201x0.html,news,oncc
2026-10-03 15:02:20,2026-10-01,9,4,喜尊龍,東網馬經,陳志懷,西門獨／諸葛數貼士,https://racing.on.cc/racing/fav/current/rjfavf0201x0.html,news,oncc
2026-10-03 15:02:20,2026-10-01,9,12,威利金箭,東網馬經,陳志懷,西門獨／諸葛數貼士,https://racing.on.cc/racing/fav/current/rjfavf0201x0.html,news,oncc
2026-10-03 15:02:20,2026-10-01,9,9,晒冷,東網馬經,陳志懷,西門獨／諸葛數貼士,https://racing.on.cc/racing/fav/current/rjfavf0201x0.html,news,oncc
2026-10-03 15:02:20,2026-10-01,10,4,非凡豪傑,東網馬經,陳志懷,西門獨／諸葛數貼士,https://racing.on.cc/racing/fav/current/rjfavf0201x0.html,news,oncc
2026-10-03 15:02:20,2026-10-01,10,7,巴閉精,東網馬經,陳志懷,西門獨／諸葛數貼士,https://racing.on.cc/racing/fav/current/rjfavf0201x0.html,news,oncc
2026-10-03 15:02:20,2026-10-01,10,8,金錢遊戲,東網馬經,陳志懷,西門獨／諸葛數貼士,https://racing.on.cc/racing/fav/current/rjfavf0201x0.html,news,oncc
2026-10-03 15:02:20,2026-10-01,10,14,八仟好運,東網馬經,陳志懷,西門獨／諸葛數貼士,https://racing.on.cc/racing/fav/current/rjfavf0201x0.html,news,oncc
2026-10-03 15:02:20,2026-10-01,11,1,偵探傳奇,東網馬經,陳志懷,西門獨／諸葛數貼士,https://racing.on.cc/racing/fav/current/rjfavf0201x0.html,news,oncc
2026-10-03 15:02:20,2026-10-01,11,6,超和平,東網馬經,陳志懷,西門獨／諸葛數貼士,https://racing.on.cc/racing/fav/current/rjfavf0201x0.html,news,oncc
2026-10-03 15:02:20,2026-10-01,11,4,金金小子,東網馬經,陳志懷,西門獨／諸葛數貼士,https://racing.on.cc/racing/fav/current/rjfavf0201x0.html,news,oncc
2026-10-03 15:02:20,2026-10-01,11,7,,東網馬經,陳志懷,西門獨／諸葛數貼士,https://racing.on.cc/racing/fav/current/rjfavf0201x0.html,news,oncc
2026-10-03 15:02:20,2026-10-01,1,5,同有運,東網馬經,明治朗,西門獨／諸葛數貼士,https://racing.on.cc/racing/fav/current/rjfavf0201x0.html,news,oncc
2026-10-03 15:02:20,2026-10-01,1,2,靖哥哥,東網馬經,明治朗,西門獨／諸葛數貼士,https://racing.on.cc/racing/fav/current/rjfavf0201x0.html,news,oncc
2026-10-03 15:02:20,2026-10-01,1,1,新力驕,東網馬經,明治朗,西門獨／諸葛數貼士,https://racing.on.cc/racing/fav/current/rjfavf0201x0.html,news,oncc
2026-10-03 15:02:20,2026-10-01,1,12,怡昌奇兵,東網馬經,明治朗,西門獨／諸葛數貼士,https://racing.on.cc/racing/fav/current/rjfavf0201x0.html,news,oncc
2026-10-03 15:02:20,2026-10-01,2,6,志醒大將,東網馬經,明治朗,西門獨／諸葛數貼士,https://racing.on.cc/racing/fav/current/rjfavf0201x0.html,news,oncc
2026-10-03 15:02:20,2026-10-01,2,7,我最好,東網馬經,明治朗,西門獨／諸葛數貼士,https://racing.on.cc/racing/fav/current/rjfavf0201x0.html,news,oncc
2026-10-03 15:02:20,2026-10-01,2,1,君達得,東網馬經,明治朗,西門獨／諸葛數貼士,https://racing.on.cc/racing/fav/current/rjfavf0201x0.html,news,oncc
2026-10-03 15:02:20,2026-10-01,2,9,開心三多,東網馬經,明治朗,西門獨／諸葛數貼士,https://racing.on.cc/racing/fav/current/rjfavf0201x0.html,news,oncc
2026-10-03 15:02:20,2026-10-01,3,6,天天同樂,東網馬經,明治朗,西門獨／諸葛數貼士,https://racing.on.cc/racing/fav/current/rjfavf0201x0.html,news,oncc
2026-10-03 15:02:20,2026-10-01,3,7,魔術控制,東網馬經,明治朗,西門獨／諸葛數貼士,https://racing.on.cc/racing/fav/current/rjfavf0201x0.html,news,oncc
2026-10-03 15:02:20,2026-10-01,3,4,顏色之皇,東網馬經,明治朗,西門獨／諸葛數貼士,https://racing.on.cc/racing/fav/current/rjfavf0201x0.html,news,oncc
2026-10-03 15:02:20,2026-10-01,3,2,翠紅,東網馬經,明治朗,西門獨／諸葛數貼士,https://racing.on.cc/racing/fav/current/rjfavf0201x0.html,news,oncc
2026-10-03 15:02:20,2026-10-01,4,7,實力加,東網馬經,明治朗,西門獨／諸葛數貼士,https://racing.on.cc/racing/fav/current/rjfavf0201x0.html,news,oncc
2026-10-03 15:02:20,2026-10-01,4,10,遨遊波士,東網馬經,明治朗,西門獨／諸葛數貼士,https://racing.on.cc/racing/fav/current/rjfavf0201x0.html,news,oncc
2026-10-03 15:02:20,2026-10-01,4,14,久久為軍,東網馬經,明治朗,西門獨／諸葛數貼士,https://racing.on.cc/racing/fav/current/rjfavf0201x0.html,news,oncc
2026-10-03 15:02:20,2026-10-01,4,13,鑽飾閃耀,東網馬經,明治朗,西門獨／諸葛數貼士,https://racing.on.cc/racing/fav/current/rjfavf0201x0.html,news,oncc
2026-10-03 15:02:20,2026-10-01,5,1,星球勇士,東網馬經,明治朗,西門獨／諸葛數貼士,https://racing.on.cc/racing/fav/current/rjfavf0201x0.html,news,oncc
2026-10-03 15:02:20,2026-10-01,5,3,嘉應耀昇,東網馬經,明治朗,西門獨／諸葛數貼士,https://racing.on.cc/racing/fav/current/rjfavf0201x0.html,news,oncc
2026-10-03 15:02:20,2026-10-01,5,12,天寶威威,東網馬經,明治朗,西門獨／諸葛數貼士,https://racing.on.cc/racing/fav/current/rjfavf0201x0.html,news,oncc
2026-10-03 15:02:20,2026-10-01,5,6,盈俊天下,東網馬經,明治朗,西門獨／諸葛數貼士,https://racing.on.cc/racing/fav/current/rjfavf0201x0.html,news,oncc
2026-10-03 15:02:20,2026-10-01,6,8,智多多寶,東網馬經,明治朗,西門獨／諸葛數貼士,https://racing.on.cc/racing/fav/current/rjfavf0201x0.html,news,oncc
2026-10-03 15:02:20,2026-10-01,6,6,夢照發,東網馬經,明治朗,西門獨／諸葛數貼士,https://racing.on.cc/racing/fav/current/rjfavf0201x0.html,news,oncc
2026-10-03 15:02:20,2026-10-01,6,1,捷威,東網馬經,明治朗,西門獨／諸葛數貼士,https://racing.on.cc/racing/fav/current/rjfavf0201x0.html,news,oncc
2026-10-03 15:02:20,2026-10-01,6,3,佰勝金龍,東網馬經,明治朗,西門獨／諸葛數貼士,https://racing.on.cc/racing/fav/current/rjfavf0201x0.html,news,oncc
2026-10-03 15:02:20,2026-10-01,7,10,嘉應光彩,東網馬經,明治朗,西門獨／諸葛數貼士,https://racing.on.cc/racing/fav/current/rjfavf0201x0.html,news,oncc
2026-10-03 15:02:20,2026-10-01,7,6,烈進駒,東網馬經,明治朗,西門獨／諸葛數貼士,https://racing.on.cc/racing/fav/current/rjfavf0201x0.html,news,oncc
2026-10-03 15:02:20,2026-10-01,7,2,光年程祥,東網馬經,明治朗,西門獨／諸葛數貼士,https://racing.on.cc/racing/fav/current/rjfavf0201x0.html,news,oncc
2026-10-03 15:02:20,2026-10-01,7,13,凱旋王者,東網馬經,明治朗,西門獨／諸葛數貼士,https://racing.on.cc/racing/fav/current/rjfavf0201x0.html,news,oncc
2026-10-03 15:02:20,2026-10-01,8,1,全能勇士,東網馬經,明治朗,西門獨／諸葛數貼士,https://racing.on.cc/racing/fav/current/rjfavf0201x0.html,news,oncc
2026-10-03 15:02:20,2026-10-01,8,11,閃電奇駿,東網馬經,明治朗,西門獨／諸葛數貼士,https://racing.on.cc/racing/fav/current/rjfavf0201x0.html,news,oncc
2026-10-03 15:02:20,2026-10-01,8,8,天天更好,東網馬經,明治朗,西門獨／諸葛數貼士,https://racing.on.cc/racing/fav/current/rjfavf0201x0.html,news,oncc
2026-10-03 15:02:20,2026-10-01,8,4,明德輝煌,東網馬經,明治朗,西門獨／諸葛數貼士,https://racing.on.cc/racing/fav/current/rjfavf0201x0.html,news,oncc
2026-10-03 15:02:20,2026-10-01,9,5,樂勝天下,東網馬經,明治朗,西門獨／諸葛數貼士,https://racing.on.cc/racing/fav/current/rjfavf0201x0.html,news,oncc
2026-10-03 15:02:20,2026-10-01,9,4,喜尊龍,東網馬經,明治朗,西門獨／諸葛數貼士,https://racing.on.cc/racing/fav/current/rjfavf0201x0.html,news,oncc
2026-10-03 15:02:20,2026-10-01,9,12,威利金箭,東網馬經,明治朗,西門獨／諸葛數貼士,https://racing.on.cc/racing/fav/current/rjfavf0201x0.html,news,oncc
2026-10-03 15:02:20,2026-10-01,9,9,晒冷,東網馬經,明治朗,西門獨／諸葛數貼士,https://racing.on.cc/racing/fav/current/rjfavf0201x0.html,news,oncc
2026-10-03 15:02:20,2026-10-01,10,8,金錢遊戲,東網馬經,明治朗,西門獨／諸葛數貼士,https://racing.on.cc/racing/fav/current/rjfavf0201x0.html,news,oncc
2026-10-03 15:02:20,2026-10-01,10,9,禾道豐,東網馬經,明治朗,西門獨／諸葛數貼士,https://racing.on.cc/racing/fav/current/rjfavf0201x0.html,news,oncc
2026-10-03 15:02:20,2026-10-01,10,3,友瑩亮,東網馬經,明治朗,西門獨／諸葛數貼士,https://racing.on.cc/racing/fav/current/rjfavf0201x0.html,news,oncc
2026-10-03 15:02:20,2026-10-01,10,4,非凡豪傑,東網馬經,明治朗,西門獨／諸葛數貼士,https://racing.on.cc/racing/fav/current/rjfavf0201x0.html,news,oncc
2026-10-03 15:02:20,2026-10-01,11,1,偵探傳奇,東網馬經,明治朗,西門獨／諸葛數貼士,https://racing.on.cc/racing/fav/current/rjfavf0201x0.html,news,oncc
2026-10-03 15:02:20,2026-10-01,11,8,辣得準,東網馬經,明治朗,西門獨／諸葛數貼士,https://racing.on.cc/racing/fav/current/rjfavf0201x0.html,news,oncc
2026-10-03 15:02:20,2026-10-01,11,4,金金小子,東網馬經,明治朗,西門獨／諸葛數貼士,https://racing.on.cc/racing/fav/current/rjfavf0201x0.html,news,oncc
2026-10-03 15:02:20,2026-10-01,11,9,星運少爵,東網馬經,明治朗,西門獨／諸葛數貼士,https://racing.on.cc/racing/fav/current/rjfavf0201x0.html,news,oncc
2026-10-03 15:02:20,2026-10-01,1,5,同有運,東網馬經,兆文,西門獨／諸葛數貼士,https://racing.on.cc/racing/fav/current/rjfavf0201x0.html,news,oncc
2026-10-03 15:02:20,2026-10-01,1,2,靖哥哥,東網馬經,兆文,西門獨／諸葛數貼士,https://racing.on.cc/racing/fav/current/rjfavf0201x0.html,news,oncc
2026-10-03 15:02:20,2026-10-01,1,1,新力驕,東網馬經,兆文,西門獨／諸葛數貼士,https://racing.on.cc/racing/fav/current/rjfavf0201x0.html,news,oncc
2026-10-03 15:02:20,2026-10-01,1,6,魅力知福,東網馬經,兆文,西門獨／諸葛數貼士,https://racing.on.cc/racing/fav/current/rjfavf0201x0.html,news,oncc
2026-10-03 15:02:20,2026-10-01,2,6,志醒大將,東網馬經,兆文,西門獨／諸葛數貼士,https://racing.on.cc/racing/fav/current/rjfavf0201x0.html,news,oncc
2026-10-03 15:02:20,2026-10-01,2,9,開心三多,東網馬經,兆文,西門獨／諸葛數貼士,https://racing.on.cc/racing/fav/current/rjfavf0201x0.html,news,oncc
2026-10-03 15:02:20,2026-10-01,2,1,君達得,東網馬經,兆文,西門獨／諸葛數貼士,https://racing.on.cc/racing/fav/current/rjfavf0201x0.html,news,oncc
2026-10-03 15:02:20,2026-10-01,2,10,發財金戈,東網馬經,兆文,西門獨／諸葛數貼士,https://racing.on.cc/racing/fav/current/rjfavf0201x0.html,news,oncc
2026-10-03 15:02:20,2026-10-01,3,4,顏色之皇,東網馬經,兆文,西門獨／諸葛數貼士,https://racing.on.cc/racing/fav/current/rjfavf0201x0.html,news,oncc
2026-10-03 15:02:20,2026-10-01,3,2,翠紅,東網馬經,兆文,西門獨／諸葛數貼士,https://racing.on.cc/racing/fav/current/rjfavf0201x0.html,news,oncc
2026-10-03 15:02:20,2026-10-01,3,6,天天同樂,東網馬經,兆文,西門獨／諸葛數貼士,https://racing.on.cc/racing/fav/current/rjfavf0201x0.html,news,oncc
2026-10-03 15:02:20,2026-10-01,3,7,魔術控制,東網馬經,兆文,西門獨／諸葛數貼士,https://racing.on.cc/racing/fav/current/rjfavf0201x0.html,news,oncc
2026-10-03 15:02:20,2026-10-01,4,10,遨遊波士,東網馬經,兆文,西門獨／諸葛數貼士,https://racing.on.cc/racing/fav/current/rjfavf0201x0.html,news,oncc
2026-10-03 15:02:20,2026-10-01,4,7,實力加,東網馬經,兆文,西門獨／諸葛數貼士,https://racing.on.cc/racing/fav/current/rjfavf0201x0.html,news,oncc
2026-10-03 15:02:20,2026-10-01,4,11,豐功偉績,東網馬經,兆文,西門獨／諸葛數貼士,https://racing.on.cc/racing/fav/current/rjfavf0201x0.html,news,oncc
2026-10-03 15:02:20,2026-10-01,4,6,盈妮威楓,東網馬經,兆文,西門獨／諸葛數貼士,https://racing.on.cc/racing/fav/current/rjfavf0201x0.html,news,oncc
2026-10-03 15:02:20,2026-10-01,5,3,嘉應耀昇,東網馬經,兆文,西門獨／諸葛數貼士,https://racing.on.cc/racing/fav/current/rjfavf0201x0.html,news,oncc
2026-10-03 15:02:20,2026-10-01,5,1,星球勇士,東網馬經,兆文,西門獨／諸葛數貼士,https://racing.on.cc/racing/fav/current/rjfavf0201x0.html,news,oncc
2026-10-03 15:02:20,2026-10-01,5,4,輕功猛男,東網馬經,兆文,西門獨／諸葛數貼士,https://racing.on.cc/racing/fav/current/rjfavf0201x0.html,news,oncc
2026-10-03 15:02:20,2026-10-01,5,6,盈俊天下,東網馬經,兆文,西門獨／諸葛數貼士,https://racing.on.cc/racing/fav/current/rjfavf0201x0.html,news,oncc
2026-10-03 15:02:20,2026-10-01,6,1,捷威,東網馬經,兆文,西門獨／諸葛數貼士,https://racing.on.cc/racing/fav/current/rjfavf0201x0.html,news,oncc
2026-10-03 15:02:20,2026-10-01,6,3,佰勝金龍,東網馬經,兆文,西門獨／諸葛數貼士,https://racing.on.cc/racing/fav/current/rjfavf0201x0.html,news,oncc
2026-10-03 15:02:20,2026-10-01,6,7,好運年,東網馬經,兆文,西門獨／諸葛數貼士,https://racing.on.cc/racing/fav/current/rjfavf0201x0.html,news,oncc
2026-10-03 15:02:20,2026-10-01,6,13,禾道威,東網馬經,兆文,西門獨／諸葛數貼士,https://racing.on.cc/racing/fav/current/rjfavf0201x0.html,news,oncc
2026-10-03 15:02:20,2026-10-01,7,10,嘉應光彩,東網馬經,兆文,西門獨／諸葛數貼士,https://racing.on.cc/racing/fav/current/rjfavf0201x0.html,news,oncc
2026-10-03 15:02:20,2026-10-01,7,2,光年程祥,東網馬經,兆文,西門獨／諸葛數貼士,https://racing.on.cc/racing/fav/current/rjfavf0201x0.html,news,oncc
2026-10-03 15:02:20,2026-10-01,7,6,烈進駒,東網馬經,兆文,西門獨／諸葛數貼士,https://racing.on.cc/racing/fav/current/rjfavf0201x0.html,news,oncc
2026-10-03 15:02:20,2026-10-01,7,13,凱旋王者,東網馬經,兆文,西門獨／諸葛數貼士,https://racing.on.cc/racing/fav/current/rjfavf0201x0.html,news,oncc
2026-10-03 15:02:20,2026-10-01,8,11,閃電奇駿,東網馬經,兆文,西門獨／諸葛數貼士,https://racing.on.cc/racing/fav/current/rjfavf0201x0.html,news,oncc
2026-10-03 15:02:20,2026-10-01,8,5,八玲瓏,東網馬經,兆文,西門獨／諸葛數貼士,https://racing.on.cc/racing/fav/current/rjfavf0201x0.html,news,oncc
2026-10-03 15:02:20,2026-10-01,8,4,明德輝煌,東網馬經,兆文,西門獨／諸葛數貼士,https://racing.on.cc/racing/fav/current/rjfavf0201x0.html,news,oncc
2026-10-03 15:02:20,2026-10-01,8,13,花果猴王,東網馬經,兆文,西門獨／諸葛數貼士,https://racing.on.cc/racing/fav/current/rjfavf0201x0.html,news,oncc
2026-10-03 15:02:20,2026-10-01,9,1,首飾天空,東網馬經,兆文,西門獨／諸葛數貼士,https://racing.on.cc/racing/fav/current/rjfavf0201x0.html,news,oncc
2026-10-03 15:02:20,2026-10-01,9,2,喜慶寶,東網馬經,兆文,西門獨／諸葛數貼士,https://racing.on.cc/racing/fav/current/rjfavf0201x0.html,news,oncc
2026-10-03 15:02:20,2026-10-01,9,9,晒冷,東網馬經,兆文,西門獨／諸葛數貼士,https://racing.on.cc/racing/fav/current/rjfavf0201x0.html,news,oncc
2026-10-03 15:02:20,2026-10-01,9,3,超輕鬆,東網馬經,兆文,西門獨／諸葛數貼士,https://racing.on.cc/racing/fav/current/rjfavf0201x0.html,news,oncc
2026-10-03 15:02:20,2026-10-01,10,3,友瑩亮,東網馬經,兆文,西門獨／諸葛數貼士,https://racing.on.cc/racing/fav/current/rjfavf0201x0.html,news,oncc
2026-10-03 15:02:20,2026-10-01,10,14,八仟好運,東網馬經,兆文,西門獨／諸葛數貼士,https://racing.on.cc/racing/fav/current/rjfavf0201x0.html,news,oncc
2026-10-03 15:02:20,2026-10-01,10,4,非凡豪傑,東網馬經,兆文,西門獨／諸葛數貼士,https://racing.on.cc/racing/fav/current/rjfavf0201x0.html,news,oncc
2026-10-03 15:02:20,2026-10-01,10,7,巴閉精,東網馬經,兆文,西門獨／諸葛數貼士,https://racing.on.cc/racing/fav/current/rjfavf0201x0.html,news,oncc
2026-10-03 15:02:20,2026-10-01,11,11,勇者為皇,東網馬經,兆文,西門獨／諸葛數貼士,https://racing.on.cc/racing/fav/current/rjfavf0201x0.html,news,oncc
2026-10-03 15:02:20,2026-10-01,11,8,辣得準,東網馬經,兆文,西門獨／諸葛數貼士,https://racing.on.cc/racing/fav/current/rjfavf0201x0.html,news,oncc
2026-10-03 15:02:20,2026-10-01,11,6,超和平,東網馬經,兆文,西門獨／諸葛數貼士,https://racing.on.cc/racing/fav/current/rjfavf0201x0.html,news,oncc
2026-10-03 15:02:20,2026-10-01,11,1,偵探傳奇,東網馬經,兆文,西門獨／諸葛數貼士,https://racing.on.cc/racing/fav/current/rjfavf0201x0.html,news,oncc
2026-10-03 15:02:20,2026-10-01,1,1,新力驕,東網馬經,東網馬經,東網馬經,https://racing.on.cc/racing/fav/current/rjfavf0301x0.html,news,oncc
2026-10-03 15:02:20,2026-10-01,1,4,錶之無限,東網馬經,東網馬經,東網馬經,https://racing.on.cc/racing/fav/current/rjfavf0301x0.html,news,oncc
2026-10-03 15:02:20,2026-10-01,1,5,同有運,東網馬經,東網馬經,東網馬經,https://racing.on.cc/racing/fav/current/rjfavf0301x0.html,news,oncc
2026-10-03 15:02:20,2026-10-01,1,2,靖哥哥,東網馬經,東網馬經,東網馬經,https://racing.on.cc/racing/fav/current/rjfavf0301x0.html,news,oncc
2026-10-03 15:02:20,2026-10-01,2,9,開心三多,東網馬經,東網馬經,東網馬經,https://racing.on.cc/racing/fav/current/rjfavf0301x0.html,news,oncc
2026-10-03 15:02:20,2026-10-01,2,1,君達得,東網馬經,東網馬經,東網馬經,https://racing.on.cc/racing/fav/current/rjfavf0301x0.html,news,oncc
2026-10-03 15:02:20,2026-10-01,2,2,,東網馬經,東網馬經,東網馬經,https://racing.on.cc/racing/fav/current/rjfavf0301x0.html,news,oncc
2026-10-03 15:02:20,2026-10-01,2,6,志醒大將,東網馬經,東網馬經,東網馬經,https://racing.on.cc/racing/fav/current/rjfavf0301x0.html,news,oncc
2026-10-03 15:02:20,2026-10-01,3,1,精算暴雪,東網馬經,東網馬經,東網馬經,https://racing.on.cc/racing/fav/current/rjfavf0301x0.html,news,oncc
2026-10-03 15:02:20,2026-10-01,3,2,翠紅,東網馬經,東網馬經,東網馬經,https://racing.on.cc/racing/fav/current/rjfavf0301x0.html,news,oncc
2026-10-03 15:02:20,2026-10-01,3,7,魔術控制,東網馬經,東網馬經,東網馬經,https://racing.on.cc/racing/fav/current/rjfavf0301x0.html,news,oncc
2026-10-03 15:02:20,2026-10-01,3,4,顏色之皇,東網馬經,東網馬經,東網馬經,https://racing.on.cc/racing/fav/current/rjfavf0301x0.html,news,oncc
2026-10-03 15:02:20,2026-10-01,4,7,實力加,東網馬經,東網馬經,東網馬經,https://racing.on.cc/racing/fav/current/rjfavf0301x0.html,news,oncc
2026-10-03 15:02:20,2026-10-01,4,10,遨遊波士,東網馬經,東網馬經,東網馬經,https://racing.on.cc/racing/fav/current/rjfavf0301x0.html,news,oncc
2026-10-03 15:02:20,2026-10-01,4,11,豐功偉績,東網馬經,東網馬經,東網馬經,https://racing.on.cc/racing/fav/current/rjfavf0301x0.html,news,oncc
2026-10-03 15:02:20,2026-10-01,4,13,鑽飾閃耀,東網馬經,東網馬經,東網馬經,https://racing.on.cc/racing/fav/current/rjfavf0301x0.html,news,oncc
2026-10-03 15:02:20,2026-10-01,5,3,嘉應耀昇,東網馬經,東網馬經,東網馬經,https://racing.on.cc/racing/fav/current/rjfavf0301x0.html,news,oncc
2026-10-03 15:02:20,2026-10-01,5,11,升升雙息,東網馬經,東網馬經,東網馬經,https://racing.on.cc/racing/fav/current/rjfavf0301x0.html,news,oncc
2026-10-03 15:02:20,2026-10-01,5,12,天寶威威,東網馬經,東網馬經,東網馬經,https://racing.on.cc/racing/fav/current/rjfavf0301x0.html,news,oncc
2026-10-03 15:02:20,2026-10-01,5,1,星球勇士,東網馬經,東網馬經,東網馬經,https://racing.on.cc/racing/fav/current/rjfavf0301x0.html,news,oncc
2026-10-03 15:02:20,2026-10-01,6,1,捷威,東網馬經,東網馬經,東網馬經,https://racing.on.cc/racing/fav/current/rjfavf0301x0.html,news,oncc
2026-10-03 15:02:20,2026-10-01,6,4,浪漫老撾,東網馬經,東網馬經,東網馬經,https://racing.on.cc/racing/fav/current/rjfavf0301x0.html,news,oncc
2026-10-03 15:02:20,2026-10-01,6,7,好運年,東網馬經,東網馬經,東網馬經,https://racing.on.cc/racing/fav/current/rjfavf0301x0.html,news,oncc
2026-10-03 15:02:20,2026-10-01,6,8,智多多寶,東網馬經,東網馬經,東網馬經,https://racing.on.cc/racing/fav/current/rjfavf0301x0.html,news,oncc
2026-10-03 15:02:20,2026-10-01,7,2,光年程祥,東網馬經,東網馬經,東網馬經,https://racing.on.cc/racing/fav/current/rjfavf0301x0.html,news,oncc
2026-10-03 15:02:20,2026-10-01,7,6,烈進駒,東網馬經,東網馬經,東網馬經,https://racing.on.cc/racing/fav/current/rjfavf0301x0.html,news,oncc
2026-10-03 15:02:20,2026-10-01,7,10,嘉應光彩,東網馬經,東網馬經,東網馬經,https://racing.on.cc/racing/fav/current/rjfavf0301x0.html,news,oncc
2026-10-03 15:02:20,2026-10-01,7,14,翠湖烈風,東網馬經,東網馬經,東網馬經,https://racing.on.cc/racing/fav/current/rjfavf0301x0.html,news,oncc
2026-10-03 15:02:20,2026-10-01,8,1,全能勇士,東網馬經,東網馬經,東網馬經,https://racing.on.cc/racing/fav/current/rjfavf0301x0.html,news,oncc
2026-10-03 15:02:20,2026-10-01,8,2,添開心,東網馬經,東網馬經,東網馬經,https://racing.on.cc/racing/fav/current/rjfavf0301x0.html,news,oncc
2026-10-03 15:02:20,2026-10-01,8,4,明德輝煌,東網馬經,東網馬經,東網馬經,https://racing.on.cc/racing/fav/current/rjfavf0301x0.html,news,oncc
2026-10-03 15:02:20,2026-10-01,8,6,擅搏,東網馬經,東網馬經,東網馬經,https://racing.on.cc/racing/fav/current/rjfavf0301x0.html,news,oncc
2026-10-03 15:02:20,2026-10-01,9,2,喜慶寶,東網馬經,東網馬經,東網馬經,https://racing.on.cc/racing/fav/current/rjfavf0301x0.html,news,oncc
2026-10-03 15:02:20,2026-10-01,9,3,超輕鬆,東網馬經,東網馬經,東網馬經,https://racing.on.cc/racing/fav/current/rjfavf0301x0.html,news,oncc
2026-10-03 15:02:20,2026-10-01,9,4,喜尊龍,東網馬經,東網馬經,東網馬經,https://racing.on.cc/racing/fav/current/rjfavf0301x0.html,news,oncc
2026-10-03 15:02:20,2026-10-01,9,9,晒冷,東網馬經,東網馬經,東網馬經,https://racing.on.cc/racing/fav/current/rjfavf0301x0.html,news,oncc
2026-10-03 15:02:20,2026-10-01,10,1,超寫意,東網馬經,東網馬經,東網馬經,https://racing.on.cc/racing/fav/current/rjfavf0301x0.html,news,oncc
2026-10-03 15:02:20,2026-10-01,10,3,友瑩亮,東網馬經,東網馬經,東網馬經,https://racing.on.cc/racing/fav/current/rjfavf0301x0.html,news,oncc
2026-10-03 15:02:20,2026-10-01,10,7,巴閉精,東網馬經,東網馬經,東網馬經,https://racing.on.cc/racing/fav/current/rjfavf0301x0.html,news,oncc
2026-10-03 15:02:20,2026-10-01,10,8,金錢遊戲,東網馬經,東網馬經,東網馬經,https://racing.on.cc/racing/fav/current/rjfavf0301x0.html,news,oncc
2026-10-03 15:02:20,2026-10-01,11,6,超和平,東網馬經,東網馬經,東網馬經,https://racing.on.cc/racing/fav/current/rjfavf0301x0.html,news,oncc
2026-10-03 15:02:20,2026-10-01,11,4,金金小子,東網馬經,東網馬經,東網馬經,https://racing.on.cc/racing/fav/current/rjfavf0301x0.html,news,oncc
2026-10-03 15:02:20,2026-10-01,11,10,利高八斗,東網馬經,東網馬經,東網馬經,https://racing.on.cc/racing/fav/current/rjfavf0301x0.html,news,oncc
2026-10-03 15:02:20,2026-10-01,11,8,辣得準,東網馬經,東網馬經,東網馬經,https://racing.on.cc/racing/fav/current/rjfavf0301x0.html,news,oncc
2026-10-03 15:02:20,2026-10-03,,,文武全能,星島頭條,三寶心水,三寶心水│「文武全能」班利路合,https://www.stheadline.com/racing-tips/3622061/三寶心水文武全能班利路合,news,
2026-10-03 15:02:20,2026-10-03,,,有你有我,星島頭條,三寶心水,三寶心水│「文武全能」班利路合,https://www.stheadline.com/racing-tips/3622061/三寶心水文武全能班利路合,news,
2026-10-03 15:02:20,2026-10-03,,,狼來了,星島頭條,三寶心水,三寶心水│「文武全能」班利路合,https://www.stheadline.com/racing-tips/3622061/三寶心水文武全能班利路合,news,
2026-10-03 15:02:20,2026-10-03,,,鋁主角,星島頭條,三寶心水,三寶心水│「文武全能」班利路合,https://www.stheadline.com/racing-tips/3622061/三寶心水文武全能班利路合,news,
2026-10-03 15:02:20,2026-10-03,,,綫路萬里,星島頭條,三寶心水,三寶心水│「文武全能」班利路合,https://www.stheadline.com/racing-tips/3622061/三寶心水文武全能班利路合,news,
2026-10-03 15:02:20,2026-10-03,,,盛勢威楓,星島頭條,三寶心水,三寶心水│「文武全能」班利路合,https://www.stheadline.com/racing-tips/3622061/三寶心水文武全能班利路合,news,
2026-10-03 15:02:20,2026-10-03,,,劍無情,星島頭條,三寶心水,三寶心水│「文武全能」班利路合,https://www.stheadline.com/racing-tips/3622061/三寶心水文武全能班利路合,news,
2026-10-03 15:02:20,2026-10-03,,,多彩多姿,星島頭條,三寶心水,三寶心水│「文武全能」班利路合,https://www.stheadline.com/racing-tips/3622061/三寶心水文武全能班利路合,news,
2026-10-03 15:02:20,2026-10-03,,,悠然常勝,星島頭條,三寶心水,三寶心水│「文武全能」班利路合,https://www.stheadline.com/racing-tips/3622061/三寶心水文武全能班利路合,news,
2026-10-03 15:02:20,2026-10-03,,,開心宇宙,星島頭條,Ian心水,Ian心水│「開心宇宙」馬勇人旺,https://www.stheadline.com/racing-tips/3622059/Ian心水開心宇宙馬勇人旺,news,
2026-10-03 15:02:20,2026-10-03,,,一鹿歡騰,星島頭條,Ian心水,Ian心水│「開心宇宙」馬勇人旺,https://www.stheadline.com/racing-tips/3622059/Ian心水開心宇宙馬勇人旺,news,
2026-10-03 15:02:20,2026-10-03,,,劍無情,星島頭條,Ian心水,Ian心水│「開心宇宙」馬勇人旺,https://www.stheadline.com/racing-tips/3622059/Ian心水開心宇宙馬勇人旺,news,
2026-10-03 15:02:20,2026-10-03,,,怪獸叉燒,星島頭條,Ian心水,Ian心水│「開心宇宙」馬勇人旺,https://www.stheadline.com/racing-tips/3622059/Ian心水開心宇宙馬勇人旺,news,
2026-10-03 15:02:20,2026-10-03,,,午夜快車,星島頭條,Ian心水,Ian心水│「開心宇宙」馬勇人旺,https://www.stheadline.com/racing-tips/3622059/Ian心水開心宇宙馬勇人旺,news,
2026-10-03 15:02:20,2026-10-03,,,孤風潛影,星島頭條,Ian心水,Ian心水│「開心宇宙」馬勇人旺,https://www.stheadline.com/racing-tips/3622059/Ian心水開心宇宙馬勇人旺,news,
2026-10-03 15:02:20,2026-10-03,,,喜駿昇星,星島頭條,Ian心水,Ian心水│「開心宇宙」馬勇人旺,https://www.stheadline.com/racing-tips/3622059/Ian心水開心宇宙馬勇人旺,news,
2026-10-03 15:02:20,2026-10-03,,,手機錶能,星島頭條,Ian心水,Ian心水│「開心宇宙」馬勇人旺,https://www.stheadline.com/racing-tips/3622059/Ian心水開心宇宙馬勇人旺,news,
2026-10-03 15:02:20,2026-10-03,,,觀萬物,星島頭條,Ian心水,Ian心水│「開心宇宙」馬勇人旺,https://www.stheadline.com/racing-tips/3622059/Ian心水開心宇宙馬勇人旺,news,
2026-10-03 15:02:20,2026-10-03,,,手機錶能,星島頭條,Dickson心水,Dickson心水│「手機錶能」強組出品,https://www.stheadline.com/racing-tips/3622057/Dickson心水手機錶能強組出品,news,
2026-10-03 15:02:20,2026-10-03,,,八仟好運,星島頭條,Dickson心水,Dickson心水│「手機錶能」強組出品,https://www.stheadline.com/racing-tips/3622057/Dickson心水手機錶能強組出品,news,
2026-10-03 15:02:20,2026-10-03,,,實力加,星島頭條,Dickson心水,Dickson心水│「手機錶能」強組出品,https://www.stheadline.com/racing-tips/3622057/Dickson心水手機錶能強組出品,news,
2026-10-03 15:02:20,2026-10-03,,,久久為軍,星島頭條,Dickson心水,Dickson心水│「手機錶能」強組出品,https://www.stheadline.com/racing-tips/3622057/Dickson心水手機錶能強組出品,news,
2026-10-03 15:02:20,2026-10-03,,,飛躍成就,星島頭條,Dickson心水,Dickson心水│「手機錶能」強組出品,https://www.stheadline.com/racing-tips/3622057/Dickson心水手機錶能強組出品,news,
2026-10-03 15:02:20,2026-10-03,,,卓越蒨鋒,星島頭條,Dickson心水,Dickson心水│「手機錶能」強組出品,https://www.stheadline.com/racing-tips/3622057/Dickson心水手機錶能強組出品,news,
2026-10-03 15:02:20,2026-10-03,,,米奇,星島頭條,甜甜小記,甜甜小記│蕭氏兄弟博孖寶,https://www.stheadline.com/racing-tips/3622017/甜甜小記蕭氏兄弟博孖寶,news,
2026-10-03 15:02:20,2026-10-03,,,相映紅,星島頭條,甜甜小記,甜甜小記│蕭氏兄弟博孖寶,https://www.stheadline.com/racing-tips/3622017/甜甜小記蕭氏兄弟博孖寶,news,
2026-10-04 06:12:38,2026-10-04,3,,精英雄心,東網馬經,兆文,兆文專欄,https://racing.on.cc/racing/fav/current/rjfavi0101x0.html,news,oncc
2026-10-04 06:12:38,2026-10-04,3,,白鷺金剛,東網馬經,兆文,兆文專欄,https://racing.on.cc/racing/fav/current/rjfavi0101x0.html,news,oncc
2026-10-04 06:12:38,2026-10-04,5,,上浦福旺,東網馬經,兆文,兆文專欄,https://racing.on.cc/racing/fav/current/rjfavi0101x0.html,news,oncc
2026-10-04 06:12:38,2026-10-04,5,,星願無限,東網馬經,兆文,兆文專欄,https://racing.on.cc/racing/fav/current/rjfavi0101x0.html,news,oncc
2026-10-04 06:12:38,2026-10-04,7,,澄心知遇,東網馬經,兆文,兆文專欄,https://racing.on.cc/racing/fav/current/rjfavi0101x0.html,news,oncc
2026-10-04 06:12:38,2026-10-04,,,實力股,星島頭條,亨利拆局,亨利拆局│練馬師王吼羅富全,https://www.stheadline.com/racing-tips/3622086/亨利拆局練馬師王吼羅富全,news,
2026-10-04 06:12:38,2026-10-04,,,紅衣醒目,星島頭條,亨利拆局,亨利拆局│練馬師王吼羅富全,https://www.stheadline.com/racing-tips/3622086/亨利拆局練馬師王吼羅富全,news,
2026-10-04 06:12:38,2026-10-04,,,美神來,星島頭條,亨利拆局,亨利拆局│練馬師王吼羅富全,https://www.stheadline.com/racing-tips/3622086/亨利拆局練馬師王吼羅富全,news,
2026-10-04 06:12:38,2026-10-04,,,龍虎精神,星島頭條,亨利拆局,亨利拆局│練馬師王吼羅富全,https://www.stheadline.com/racing-tips/3622086/亨利拆局練馬師王吼羅富全,news,
2026-10-04 06:12:38,2026-10-04,,,紫荊盛勢,星島頭條,亨利拆局,亨利拆局│練馬師王吼羅富全,https://www.stheadline.com/racing-tips/3622086/亨利拆局練馬師王吼羅富全,news,
2026-10-04 06:12:38,2026-10-04,,,心雄雄,星島頭條,廖事如神,廖事如神│「心雄雄」複製勝利,https://www.stheadline.com/racing-tips/3622071/廖事如神心雄雄複製勝利,news,
2026-10-04 06:12:38,2026-10-04,,,喜慶寶,星島頭條,廖事如神,廖事如神│「心雄雄」複製勝利,https://www.stheadline.com/racing-tips/3622071/廖事如神心雄雄複製勝利,news,
2026-10-04 06:12:38,2026-10-04,,,首飾天空,星島頭條,廖事如神,廖事如神│「心雄雄」複製勝利,https://www.stheadline.com/racing-tips/3622071/廖事如神心雄雄複製勝利,news,
2026-10-04 06:12:38,2026-10-04,,,細水長流,星島頭條,廖事如神,廖事如神│「心雄雄」複製勝利,https://www.stheadline.com/racing-tips/3622071/廖事如神心雄雄複製勝利,news,
2026-10-04 06:12:38,2026-10-04,,,友瑩仁,星島頭條,廖事如神,廖事如神│「心雄雄」複製勝利,https://www.stheadline.com/racing-tips/3622071/廖事如神心雄雄複製勝利,news,
2026-10-04 06:12:38,2026-10-04,,,手機錶能,星島頭條,廖事如神,廖事如神│「心雄雄」複製勝利,https://www.stheadline.com/racing-tips/3622071/廖事如神心雄雄複製勝利,news,
2026-10-04 06:12:38,2026-10-04,,,紅衣醒目,星島頭條,廖事如神,廖事如神│「心雄雄」複製勝利,https://www.stheadline.com/racing-tips/3622071/廖事如神心雄雄複製勝利,news,
2026-10-04 06:12:38,2026-10-04,,,盛勢威楓,星島頭條,廖事如神,廖事如神│「心雄雄」複製勝利,https://www.stheadline.com/racing-tips/3622071/廖事如神心雄雄複製勝利,news,
2026-10-04 06:12:38,2026-10-04,,,實力派,星島頭條,廖事如神,廖事如神│「心雄雄」複製勝利,https://www.stheadline.com/racing-tips/3622071/廖事如神心雄雄複製勝利,news,
2026-10-04 06:12:38,2026-10-04,,,喜蓮勁感,星島頭條,廖事如神,廖事如神│「心雄雄」複製勝利,https://www.stheadline.com/racing-tips/3622071/廖事如神心雄雄複製勝利,news,
2026-10-04 06:12:38,2026-10-04,,,實力股,星島頭條,廖事如神,廖事如神│「心雄雄」複製勝利,https://www.stheadline.com/racing-tips/3622071/廖事如神心雄雄複製勝利,news,
2026-10-04 06:12:38,2026-10-04,,,手機錶勁,星島頭條,廖事如神,廖事如神│「心雄雄」複製勝利,https://www.stheadline.com/racing-tips/3622071/廖事如神心雄雄複製勝利,news,
2026-10-04 06:12:38,2026-10-04,,,健康快車,星島頭條,廖事如神,廖事如神│「心雄雄」複製勝利,https://www.stheadline.com/racing-tips/3622071/廖事如神心雄雄複製勝利,news,
2026-10-04 06:12:38,2026-10-04,,,喜蓮勁感,星島頭條,波仔至醒靈活玩,波仔至醒靈活玩│「喜蓮勁感」利新鮮,https://www.stheadline.com/racing-tips/3622038/波仔至醒靈活玩喜蓮勁感利新鮮,news,
2026-10-04 06:12:38,2026-10-04,,,狼來了,星島頭條,波仔至醒靈活玩,波仔至醒靈活玩│「喜蓮勁感」利新鮮,https://www.stheadline.com/racing-tips/3622038/波仔至醒靈活玩喜蓮勁感利新鮮,news,
2026-10-04 06:12:38,2026-10-04,,,偵探傳奇,星島頭條,波仔至醒靈活玩,波仔至醒靈活玩│「喜蓮勁感」利新鮮,https://www.stheadline.com/racing-tips/3622038/波仔至醒靈活玩喜蓮勁感利新鮮,news,
2026-10-04 06:12:38,2026-10-04,,,友愛心得,星島頭條,波仔至醒靈活玩,波仔至醒靈活玩│「喜蓮勁感」利新鮮,https://www.stheadline.com/racing-tips/3622038/波仔至醒靈活玩喜蓮勁感利新鮮,news,
2026-10-04 06:12:38,2026-10-04,,,金運齊來,星島頭條,波仔至醒靈活玩,波仔至醒靈活玩│「喜蓮勁感」利新鮮,https://www.stheadline.com/racing-tips/3622038/波仔至醒靈活玩喜蓮勁感利新鮮,news,
2026-10-04 06:12:38,2026-10-04,,,實力加,星島頭條,波仔至醒靈活玩,波仔至醒靈活玩│「喜蓮勁感」利新鮮,https://www.stheadline.com/racing-tips/3622038/波仔至醒靈活玩喜蓮勁感利新鮮,news,
2026-10-04 06:12:38,2026-10-04,,,八仟好運,星島頭條,波仔至醒靈活玩,波仔至醒靈活玩│「喜蓮勁感」利新鮮,https://www.stheadline.com/racing-tips/3622038/波仔至醒靈活玩喜蓮勁感利新鮮,news,
2026-10-04 06:12:38,2026-10-04,,,友瑩仁,星島頭條,波仔至醒靈活玩,波仔至醒靈活玩│「喜蓮勁感」利新鮮,https://www.stheadline.com/racing-tips/3622038/波仔至醒靈活玩喜蓮勁感利新鮮,news,
2026-10-04 06:12:38,2026-10-04,,,綫路英雄,星島頭條,波仔至醒靈活玩,波仔至醒靈活玩│「喜蓮勁感」利新鮮,https://www.stheadline.com/racing-tips/3622038/波仔至醒靈活玩喜蓮勁感利新鮮,news,
2026-10-04 06:12:38,2026-10-04,,,觀眾之力,星島頭條,波仔至醒靈活玩,波仔至醒靈活玩│「喜蓮勁感」利新鮮,https://www.stheadline.com/racing-tips/3622038/波仔至醒靈活玩喜蓮勁感利新鮮,news,
2026-10-04 06:12:38,2026-10-04,,,手機錶能,星島頭條,馬觀微全日心水,馬觀微全日心水│「手機錶能」梗有下文,https://www.stheadline.com/racing-tips/3622099/馬觀微全日心水手機錶能梗有下文,news,
2026-10-05 06:05:12,2026-10-04,2,11,潮流勇駒,東網馬經,西門獨,西門獨貼士,https://racing.on.cc/racing/fav/current/rjfavf0101x0.html,news,oncc
2026-10-05 06:05:12,2026-10-04,2,13,鋁主角,東網馬經,西門獨,西門獨貼士,https://racing.on.cc/racing/fav/current/rjfavf0101x0.html,news,oncc
2026-10-05 06:05:12,2026-10-04,2,3,合夥智能,東網馬經,西門獨,西門獨貼士,https://racing.on.cc/racing/fav/current/rjfavf0101x0.html,news,oncc
2026-10-05 06:05:12,2026-10-04,2,14,有你有我,東網馬經,西門獨,西門獨貼士,https://racing.on.cc/racing/fav/current/rjfavf0101x0.html,news,oncc
2026-10-05 06:05:12,2026-10-04,2,5,精益時代,東網馬經,西門獨,西門獨貼士,https://racing.on.cc/racing/fav/current/rjfavf0101x0.html,news,oncc
2026-10-05 06:05:12,2026-10-04,3,6,時時精準,東網馬經,西門獨,西門獨貼士,https://racing.on.cc/racing/fav/current/rjfavf0101x0.html,news,oncc
2026-10-05 06:05:12,2026-10-04,3,2,精英雄心,東網馬經,西門獨,西門獨貼士,https://racing.on.cc/racing/fav/current/rjfavf0101x0.html,news,oncc
2026-10-05 06:05:12,2026-10-04,3,3,昇瀧駒,東網馬經,西門獨,西門獨貼士,https://racing.on.cc/racing/fav/current/rjfavf0101x0.html,news,oncc
2026-10-05 06:05:12,2026-10-04,3,7,滿心星,東網馬經,西門獨,西門獨貼士,https://racing.on.cc/racing/fav/current/rjfavf0101x0.html,news,oncc
2026-10-05 06:05:12,2026-10-04,3,1,禪勝輝煌,東網馬經,西門獨,西門獨貼士,https://racing.on.cc/racing/fav/current/rjfavf0101x0.html,news,oncc
2026-10-05 06:05:12,2026-10-04,4,6,增旺,東網馬經,西門獨,西門獨貼士,https://racing.on.cc/racing/fav/current/rjfavf0101x0.html,news,oncc
2026-10-05 06:05:12,2026-10-04,4,8,文武全能,東網馬經,西門獨,西門獨貼士,https://racing.on.cc/racing/fav/current/rjfavf0101x0.html,news,oncc
2026-10-05 06:05:12,2026-10-04,4,13,巴閉佬,東網馬經,西門獨,西門獨貼士,https://racing.on.cc/racing/fav/current/rjfavf0101x0.html,news,oncc
2026-10-05 06:05:12,2026-10-04,4,4,籐王駒,東網馬經,西門獨,西門獨貼士,https://racing.on.cc/racing/fav/current/rjfavf0101x0.html,news,oncc
2026-10-05 06:05:12,2026-10-04,4,5,明亮光輝,東網馬經,西門獨,西門獨貼士,https://racing.on.cc/racing/fav/current/rjfavf0101x0.html,news,oncc
2026-10-05 06:05:12,2026-10-04,5,3,不同世界,東網馬經,西門獨,西門獨貼士,https://racing.on.cc/racing/fav/current/rjfavf0101x0.html,news,oncc
2026-10-05 06:05:12,2026-10-04,5,4,隨緣得勝,東網馬經,西門獨,西門獨貼士,https://racing.on.cc/racing/fav/current/rjfavf0101x0.html,news,oncc
2026-10-05 06:05:12,2026-10-04,5,13,孤風潛影,東網馬經,西門獨,西門獨貼士,https://racing.on.cc/racing/fav/current/rjfavf0101x0.html,news,oncc
2026-10-05 06:05:12,2026-10-04,5,8,風起雲湧,東網馬經,西門獨,西門獨貼士,https://racing.on.cc/racing/fav/current/rjfavf0101x0.html,news,oncc
2026-10-05 06:05:12,2026-10-04,5,5,奮鬥心,東網馬經,西門獨,西門獨貼士,https://racing.on.cc/racing/fav/current/rjfavf0101x0.html,news,oncc
2026-10-05 06:05:12,2026-10-04,6,8,喜駿昇星,東網馬經,西門獨,西門獨貼士,https://racing.on.cc/racing/fav/current/rjfavf0101x0.html,news,oncc
2026-10-05 06:05:12,2026-10-04,6,14,觀萬物,東網馬經,西門獨,西門獨貼士,https://racing.on.cc/racing/fav/current/rjfavf0101x0.html,news,oncc
2026-10-05 06:05:12,2026-10-04,6,2,手機錶能,東網馬經,西門獨,西門獨貼士,https://racing.on.cc/racing/fav/current/rjfavf0101x0.html,news,oncc
2026-10-05 06:05:12,2026-10-04,6,3,心雄雄,東網馬經,西門獨,西門獨貼士,https://racing.on.cc/racing/fav/current/rjfavf0101x0.html,news,oncc
2026-10-05 06:05:12,2026-10-04,6,6,紅衣醒目,東網馬經,西門獨,西門獨貼士,https://racing.on.cc/racing/fav/current/rjfavf0101x0.html,news,oncc
2026-10-05 06:05:12,2026-10-04,7,2,加州熱浪,東網馬經,西門獨,西門獨貼士,https://racing.on.cc/racing/fav/current/rjfavf0101x0.html,news,oncc
2026-10-05 06:05:12,2026-10-04,7,3,愛馬心,東網馬經,西門獨,西門獨貼士,https://racing.on.cc/racing/fav/current/rjfavf0101x0.html,news,oncc
2026-10-05 06:05:12,2026-10-04,7,8,金運齊來,東網馬經,西門獨,西門獨貼士,https://racing.on.cc/racing/fav/current/rjfavf0101x0.html,news,oncc
2026-10-05 06:05:12,2026-10-04,7,11,幸福約定,東網馬經,西門獨,西門獨貼士,https://racing.on.cc/racing/fav/current/rjfavf0101x0.html,news,oncc
2026-10-05 06:05:12,2026-10-04,7,12,北極之錶,東網馬經,西門獨,西門獨貼士,https://racing.on.cc/racing/fav/current/rjfavf0101x0.html,news,oncc
2026-10-05 06:05:12,2026-10-04,8,5,細水長流,東網馬經,西門獨,西門獨貼士,https://racing.on.cc/racing/fav/current/rjfavf0101x0.html,news,oncc
2026-10-05 06:05:12,2026-10-04,8,3,千禧龍,東網馬經,西門獨,西門獨貼士,https://racing.on.cc/racing/fav/current/rjfavf0101x0.html,news,oncc
2026-10-05 06:05:12,2026-10-04,8,8,大回報,東網馬經,西門獨,西門獨貼士,https://racing.on.cc/racing/fav/current/rjfavf0101x0.html,news,oncc
2026-10-05 06:05:12,2026-10-04,8,9,北斗福星,東網馬經,西門獨,西門獨貼士,https://racing.on.cc/racing/fav/current/rjfavf0101x0.html,news,oncc
2026-10-05 06:05:12,2026-10-04,8,2,展雄志,東網馬經,西門獨,西門獨貼士,https://racing.on.cc/racing/fav/current/rjfavf0101x0.html,news,oncc
2026-10-05 06:05:12,2026-10-04,9,5,哪吒,東網馬經,西門獨,西門獨貼士,https://racing.on.cc/racing/fav/current/rjfavf0101x0.html,news,oncc
2026-10-05 06:05:12,2026-10-04,9,8,花開,東網馬經,西門獨,西門獨貼士,https://racing.on.cc/racing/fav/current/rjfavf0101x0.html,news,oncc
2026-10-05 06:05:12,2026-10-04,9,9,勁勇皇駒,東網馬經,西門獨,西門獨貼士,https://racing.on.cc/racing/fav/current/rjfavf0101x0.html,news,oncc
2026-10-05 06:05:12,2026-10-04,9,11,都靈福星,東網馬經,西門獨,西門獨貼士,https://racing.on.cc/racing/fav/current/rjfavf0101x0.html,news,oncc
2026-10-05 06:05:12,2026-10-04,9,12,量子力奇,東網馬經,西門獨,西門獨貼士,https://racing.on.cc/racing/fav/current/rjfavf0101x0.html,news,oncc
2026-10-05 06:05:12,2026-10-04,10,10,無敵好瑪,東網馬經,西門獨,西門獨貼士,https://racing.on.cc/racing/fav/current/rjfavf0101x0.html,news,oncc
2026-10-05 06:05:12,2026-10-04,10,2,星運傳奇,東網馬經,西門獨,西門獨貼士,https://racing.on.cc/racing/fav/current/rjfavf0101x0.html,news,oncc
2026-10-05 06:05:12,2026-10-04,10,1,馬力,東網馬經,西門獨,西門獨貼士,https://racing.on.cc/racing/fav/current/rjfavf0101x0.html,news,oncc
2026-10-05 06:05:12,2026-10-04,10,14,拉合爾,東網馬經,西門獨,西門獨貼士,https://racing.on.cc/racing/fav/current/rjfavf0101x0.html,news,oncc
2026-10-05 06:05:12,2026-10-04,10,8,米奇,東網馬經,西門獨,西門獨貼士,https://racing.on.cc/racing/fav/current/rjfavf0101x0.html,news,oncc
2026-10-05 06:05:12,2026-10-04,11,2,實力股,東網馬經,西門獨,西門獨貼士,https://racing.on.cc/racing/fav/current/rjfavf0101x0.html,news,oncc
2026-10-05 06:05:12,2026-10-04,11,1,喜蓮勁感,東網馬經,西門獨,西門獨貼士,https://racing.on.cc/racing/fav/current/rjfavf0101x0.html,news,oncc
2026-10-05 06:05:12,2026-10-04,11,14,支付之父,東網馬經,西門獨,西門獨貼士,https://racing.on.cc/racing/fav/current/rjfavf0101x0.html,news,oncc
2026-10-05 06:05:12,2026-10-04,11,10,包裝明將,東網馬經,西門獨,西門獨貼士,https://racing.on.cc/racing/fav/current/rjfavf0101x0.html,news,oncc
2026-10-05 06:05:12,2026-10-04,11,3,鑽石星空,東網馬經,西門獨,西門獨貼士,https://racing.on.cc/racing/fav/current/rjfavf0101x0.html,news,oncc
2026-10-05 06:05:12,2026-10-04,2,5,精益時代,東網馬經,諸葛數,西門獨貼士,https://racing.on.cc/racing/fav/current/rjfavf0101x0.html,news,oncc
2026-10-05 06:05:12,2026-10-04,2,14,有你有我,東網馬經,諸葛數,西門獨貼士,https://racing.on.cc/racing/fav/current/rjfavf0101x0.html,news,oncc
2026-10-05 06:05:12,2026-10-04,2,3,合夥智能,東網馬經,諸葛數,西門獨貼士,https://racing.on.cc/racing/fav/current/rjfavf0101x0.html,news,oncc
2026-10-05 06:05:12,2026-10-04,2,10,傳承精神,東網馬經,諸葛數,西門獨貼士,https://racing.on.cc/racing/fav/current/rjfavf0101x0.html,news,oncc
2026-10-05 06:05:12,2026-10-04,2,6,幸福特約,東網馬經,諸葛數,西門獨貼士,https://racing.on.cc/racing/fav/current/rjfavf0101x0.html,news,oncc
2026-10-05 06:05:12,2026-10-04,3,2,精英雄心,東網馬經,諸葛數,西門獨貼士,https://racing.on.cc/racing/fav/current/rjfavf0101x0.html,news,oncc
2026-10-05 06:05:12,2026-10-04,3,3,昇瀧駒,東網馬經,諸葛數,西門獨貼士,https://racing.on.cc/racing/fav/current/rjfavf0101x0.html,news,oncc
2026-10-05 06:05:12,2026-10-04,3,6,時時精準,東網馬經,諸葛數,西門獨貼士,https://racing.on.cc/racing/fav/current/rjfavf0101x0.html,news,oncc
2026-10-05 06:05:12,2026-10-04,3,8,將睿,東網馬經,諸葛數,西門獨貼士,https://racing.on.cc/racing/fav/current/rjfavf0101x0.html,news,oncc
2026-10-05 06:05:12,2026-10-04,3,7,滿心星,東網馬經,諸葛數,西門獨貼士,https://racing.on.cc/racing/fav/current/rjfavf0101x0.html,news,oncc
2026-10-05 06:05:12,2026-10-04,4,6,增旺,東網馬經,諸葛數,西門獨貼士,https://racing.on.cc/racing/fav/current/rjfavf0101x0.html,news,oncc
2026-10-05 06:05:12,2026-10-04,4,8,文武全能,東網馬經,諸葛數,西門獨貼士,https://racing.on.cc/racing/fav/current/rjfavf0101x0.html,news,oncc
2026-10-05 06:05:12,2026-10-04,4,5,明亮光輝,東網馬經,諸葛數,西門獨貼士,https://racing.on.cc/racing/fav/current/rjfavf0101x0.html,news,oncc
2026-10-05 06:05:12,2026-10-04,4,13,巴閉佬,東網馬經,諸葛數,西門獨貼士,https://racing.on.cc/racing/fav/current/rjfavf0101x0.html,news,oncc
2026-10-05 06:05:12,2026-10-04,4,14,紅旺繽紛,東網馬經,諸葛數,西門獨貼士,https://racing.on.cc/racing/fav/current/rjfavf0101x0.html,news,oncc
2026-10-05 06:05:12,2026-10-04,5,3,不同世界,東網馬經,諸葛數,西門獨貼士,https://racing.on.cc/racing/fav/current/rjfavf0101x0.html,news,oncc
2026-10-05 06:05:12,2026-10-04,5,5,奮鬥心,東網馬經,諸葛數,西門獨貼士,https://racing.on.cc/racing/fav/current/rjfavf0101x0.html,news,oncc
2026-10-05 06:05:12,2026-10-04,5,4,隨緣得勝,東網馬經,諸葛數,西門獨貼士,https://racing.on.cc/racing/fav/current/rjfavf0101x0.html,news,oncc
2026-10-05 06:05:12,2026-10-04,5,8,風起雲湧,東網馬經,諸葛數,西門獨貼士,https://racing.on.cc/racing/fav/current/rjfavf0101x0.html,news,oncc
2026-10-05 06:05:12,2026-10-04,5,2,開心宇宙,東網馬經,諸葛數,西門獨貼士,https://racing.on.cc/racing/fav/current/rjfavf0101x0.html,news,oncc
2026-10-05 06:05:12,2026-10-04,6,2,手機錶能,東網馬經,諸葛數,西門獨貼士,https://racing.on.cc/racing/fav/current/rjfavf0101x0.html,news,oncc
2026-10-05 06:05:12,2026-10-04,6,3,心雄雄,東網馬經,諸葛數,西門獨貼士,https://racing.on.cc/racing/fav/current/rjfavf0101x0.html,news,oncc
2026-10-05 06:05:12,2026-10-04,6,6,紅衣醒目,東網馬經,諸葛數,西門獨貼士,https://racing.on.cc/racing/fav/current/rjfavf0101x0.html,news,oncc
2026-10-05 06:05:12,2026-10-04,6,4,合夥飛馳,東網馬經,諸葛數,西門獨貼士,https://racing.on.cc/racing/fav/current/rjfavf0101x0.html,news,oncc
2026-10-05 06:05:12,2026-10-04,6,9,盛勢威楓,東網馬經,諸葛數,西門獨貼士,https://racing.on.cc/racing/fav/current/rjfavf0101x0.html,news,oncc
2026-10-05 06:05:12,2026-10-04,7,2,加州熱浪,東網馬經,諸葛數,西門獨貼士,https://racing.on.cc/racing/fav/current/rjfavf0101x0.html,news,oncc
2026-10-05 06:05:12,2026-10-04,7,12,北極之錶,東網馬經,諸葛數,西門獨貼士,https://racing.on.cc/racing/fav/current/rjfavf0101x0.html,news,oncc
2026-10-05 06:05:12,2026-10-04,7,3,愛馬心,東網馬經,諸葛數,西門獨貼士,https://racing.on.cc/racing/fav/current/rjfavf0101x0.html,news,oncc
2026-10-05 06:05:12,2026-10-04,7,9,你知我寶,東網馬經,諸葛數,西門獨貼士,https://racing.on.cc/racing/fav/current/rjfavf0101x0.html,news,oncc
2026-10-05 06:05:12,2026-10-04,7,11,幸福約定,東網馬經,諸葛數,西門獨貼士,https://racing.on.cc/racing/fav/current/rjfavf0101x0.html,news,oncc
2026-10-05 06:05:12,2026-10-04,8,3,千禧龍,東網馬經,諸葛數,西門獨貼士,https://racing.on.cc/racing/fav/current/rjfavf0101x0.html,news,oncc
2026-10-05 06:05:12,2026-10-04,8,5,細水長流,東網馬經,諸葛數,西門獨貼士,https://racing.on.cc/racing/fav/current/rjfavf0101x0.html,news,oncc
2026-10-05 06:05:12,2026-10-04,8,9,北斗福星,東網馬經,諸葛數,西門獨貼士,https://racing.on.cc/racing/fav/current/rjfavf0101x0.html,news,oncc
2026-10-05 06:05:12,2026-10-04,8,6,勁大威猛,東網馬經,諸葛數,西門獨貼士,https://racing.on.cc/racing/fav/current/rjfavf0101x0.html,news,oncc
2026-10-05 06:05:12,2026-10-04,8,1,榮駿大道,東網馬經,諸葛數,西門獨貼士,https://racing.on.cc/racing/fav/current/rjfavf0101x0.html,news,oncc
2026-10-05 06:05:12,2026-10-04,9,5,哪吒,東網馬經,諸葛數,西門獨貼士,https://racing.on.cc/racing/fav/current/rjfavf0101x0.html,news,oncc
2026-10-05 06:05:12,2026-10-04,9,4,富國兄弟,東網馬經,諸葛數,西門獨貼士,https://racing.on.cc/racing/fav/current/rjfavf0101x0.html,news,oncc
2026-10-05 06:05:12,2026-10-04,9,11,都靈福星,東網馬經,諸葛數,西門獨貼士,https://racing.on.cc/racing/fav/current/rjfavf0101x0.html,news,oncc
2026-10-05 06:05:12,2026-10-04,9,8,花開,東網馬經,諸葛數,西門獨貼士,https://racing.on.cc/racing/fav/current/rjfavf0101x0.html,news,oncc
2026-10-05 06:05:12,2026-10-04,9,1,皇龍飛將,東網馬經,諸葛數,西門獨貼士,https://racing.on.cc/racing/fav/current/rjfavf0101x0.html,news,oncc
2026-10-05 06:05:12,2026-10-04,10,3,精彩福星,東網馬經,諸葛數,西門獨貼士,https://racing.on.cc/racing/fav/current/rjfavf0101x0.html,news,oncc
2026-10-05 06:05:12,2026-10-04,10,13,幸運糖,東網馬經,諸葛數,西門獨貼士,https://racing.on.cc/racing/fav/current/rjfavf0101x0.html,news,oncc
2026-10-05 06:05:12,2026-10-04,10,9,從化之星,東網馬經,諸葛數,西門獨貼士,https://racing.on.cc/racing/fav/current/rjfavf0101x0.html,news,oncc
2026-10-05 06:05:12,2026-10-04,10,1,馬力,東網馬經,諸葛數,西門獨貼士,https://racing.on.cc/racing/fav/current/rjfavf0101x0.html,news,oncc
2026-10-05 06:05:12,2026-10-04,10,2,星運傳奇,東網馬經,諸葛數,西門獨貼士,https://racing.on.cc/racing/fav/current/rjfavf0101x0.html,news,oncc
2026-10-05 06:05:12,2026-10-04,11,2,實力股,東網馬經,諸葛數,西門獨貼士,https://racing.on.cc/racing/fav/current/rjfavf0101x0.html,news,oncc
2026-10-05 06:05:12,2026-10-04,11,1,喜蓮勁感,東網馬經,諸葛數,西門獨貼士,https://racing.on.cc/racing/fav/current/rjfavf0101x0.html,news,oncc
2026-10-05 06:05:12,2026-10-04,11,4,手機錶勁,東網馬經,諸葛數,西門獨貼士,https://racing.on.cc/racing/fav/current/rjfavf0101x0.html,news,oncc
2026-10-05 06:05:12,2026-10-04,11,10,包裝明將,東網馬經,諸葛數,西門獨貼士,https://racing.on.cc/racing/fav/current/rjfavf0101x0.html,news,oncc
2026-10-05 06:05:12,2026-10-04,11,3,鑽石星空,東網馬經,諸葛數,西門獨貼士,https://racing.on.cc/racing/fav/current/rjfavf0101x0.html,news,oncc
2026-10-05 06:05:12,2026-10-04,2,5,精益時代,東網馬經,陳志懷,西門獨貼士,https://racing.on.cc/racing/fav/current/rjfavf0101x0.html,news,oncc
2026-10-05 06:05:12,2026-10-04,2,13,鋁主角,東網馬經,陳志懷,西門獨貼士,https://racing.on.cc/racing/fav/current/rjfavf0101x0.html,news,oncc
2026-10-05 06:05:12,2026-10-04,2,3,合夥智能,東網馬經,陳志懷,西門獨貼士,https://racing.on.cc/racing/fav/current/rjfavf0101x0.html,news,oncc
2026-10-05 06:05:12,2026-10-04,2,2,狼來了,東網馬經,陳志懷,西門獨貼士,https://racing.on.cc/racing/fav/current/rjfavf0101x0.html,news,oncc
2026-10-05 06:05:12,2026-10-04,2,14,有你有我,東網馬經,陳志懷,西門獨貼士,https://racing.on.cc/racing/fav/current/rjfavf0101x0.html,news,oncc
2026-10-05 06:05:12,2026-10-04,3,3,昇瀧駒,東網馬經,陳志懷,西門獨貼士,https://racing.on.cc/racing/fav/current/rjfavf0101x0.html,news,oncc
2026-10-05 06:05:12,2026-10-04,3,2,精英雄心,東網馬經,陳志懷,西門獨貼士,https://racing.on.cc/racing/fav/current/rjfavf0101x0.html,news,oncc
2026-10-05 06:05:12,2026-10-04,3,4,華麗再勝,東網馬經,陳志懷,西門獨貼士,https://racing.on.cc/racing/fav/current/rjfavf0101x0.html,news,oncc
2026-10-05 06:05:12,2026-10-04,3,8,將睿,東網馬經,陳志懷,西門獨貼士,https://racing.on.cc/racing/fav/current/rjfavf0101x0.html,news,oncc
2026-10-05 06:05:12,2026-10-04,3,7,滿心星,東網馬經,陳志懷,西門獨貼士,https://racing.on.cc/racing/fav/current/rjfavf0101x0.html,news,oncc
2026-10-05 06:05:12,2026-10-04,4,3,海鑽石,東網馬經,陳志懷,西門獨貼士,https://racing.on.cc/racing/fav/current/rjfavf0101x0.html,news,oncc
2026-10-05 06:05:12,2026-10-04,4,4,籐王駒,東網馬經,陳志懷,西門獨貼士,https://racing.on.cc/racing/fav/current/rjfavf0101x0.html,news,oncc
2026-10-05 06:05:12,2026-10-04,4,8,文武全能,東網馬經,陳志懷,西門獨貼士,https://racing.on.cc/racing/fav/current/rjfavf0101x0.html,news,oncc
2026-10-05 06:05:12,2026-10-04,4,2,悠然常勝,東網馬經,陳志懷,西門獨貼士,https://racing.on.cc/racing/fav/current/rjfavf0101x0.html,news,oncc
2026-10-05 06:05:12,2026-10-04,4,12,添喜運,東網馬經,陳志懷,西門獨貼士,https://racing.on.cc/racing/fav/current/rjfavf0101x0.html,news,oncc
2026-10-05 06:05:12,2026-10-04,5,3,不同世界,東網馬經,陳志懷,西門獨貼士,https://racing.on.cc/racing/fav/current/rjfavf0101x0.html,news,oncc
2026-10-05 06:05:12,2026-10-04,5,5,奮鬥心,東網馬經,陳志懷,西門獨貼士,https://racing.on.cc/racing/fav/current/rjfavf0101x0.html,news,oncc
2026-10-05 06:05:12,2026-10-04,5,2,開心宇宙,東網馬經,陳志懷,西門獨貼士,https://racing.on.cc/racing/fav/current/rjfavf0101x0.html,news,oncc
2026-10-05 06:05:12,2026-10-04,5,6,午夜快車,東網馬經,陳志懷,西門獨貼士,https://racing.on.cc/racing/fav/current/rjfavf0101x0.html,news,oncc
2026-10-05 06:05:12,2026-10-04,5,12,林寶精神,東網馬經,陳志懷,西門獨貼士,https://racing.on.cc/racing/fav/current/rjfavf0101x0.html,news,oncc
2026-10-05 06:05:12,2026-10-04,6,2,手機錶能,東網馬經,陳志懷,西門獨貼士,https://racing.on.cc/racing/fav/current/rjfavf0101x0.html,news,oncc
2026-10-05 06:05:12,2026-10-04,6,9,盛勢威楓,東網馬經,陳志懷,西門獨貼士,https://racing.on.cc/racing/fav/current/rjfavf0101x0.html,news,oncc
2026-10-05 06:05:12,2026-10-04,6,14,觀萬物,東網馬經,陳志懷,西門獨貼士,https://racing.on.cc/racing/fav/current/rjfavf0101x0.html,news,oncc
2026-10-05 06:05:12,2026-10-04,6,5,,東網馬經,陳志懷,西門獨貼士,https://racing.on.cc/racing/fav/current/rjfavf0101x0.html,news,oncc
2026-10-05 06:05:12,2026-10-04,6,6,紅衣醒目,東網馬經,陳志懷,西門獨貼士,https://racing.on.cc/racing/fav/current/rjfavf0101x0.html,news,oncc
2026-10-05 06:05:12,2026-10-04,7,8,金運齊來,東網馬經,陳志懷,西門獨貼士,https://racing.on.cc/racing/fav/current/rjfavf0101x0.html,news,oncc
2026-10-05 06:05:12,2026-10-04,7,3,愛馬心,東網馬經,陳志懷,西門獨貼士,https://racing.on.cc/racing/fav/current/rjfavf0101x0.html,news,oncc
2026-10-05 06:05:12,2026-10-04,7,13,領袖勁力,東網馬經,陳志懷,西門獨貼士,https://racing.on.cc/racing/fav/current/rjfavf0101x0.html,news,oncc
2026-10-05 06:05:12,2026-10-04,7,9,你知我寶,東網馬經,陳志懷,西門獨貼士,https://racing.on.cc/racing/fav/current/rjfavf0101x0.html,news,oncc
2026-10-05 06:05:12,2026-10-04,7,2,加州熱浪,東網馬經,陳志懷,西門獨貼士,https://racing.on.cc/racing/fav/current/rjfavf0101x0.html,news,oncc
2026-10-05 06:05:12,2026-10-04,8,3,千禧龍,東網馬經,陳志懷,西門獨貼士,https://racing.on.cc/racing/fav/current/rjfavf0101x0.html,news,oncc
2026-10-05 06:05:12,2026-10-04,8,5,細水長流,東網馬經,陳志懷,西門獨貼士,https://racing.on.cc/racing/fav/current/rjfavf0101x0.html,news,oncc
2026-10-05 06:05:12,2026-10-04,8,4,川河耀駒,東網馬經,陳志懷,西門獨貼士,https://racing.on.cc/racing/fav/current/rjfavf0101x0.html,news,oncc
2026-10-05 06:05:12,2026-10-04,8,10,年年友福,東網馬經,陳志懷,西門獨貼士,https://racing.on.cc/racing/fav/current/rjfavf0101x0.html,news,oncc
2026-10-05 06:05:12,2026-10-04,8,9,北斗福星,東網馬經,陳志懷,西門獨貼士,https://racing.on.cc/racing/fav/current/rjfavf0101x0.html,news,oncc
2026-10-05 06:05:12,2026-10-04,9,5,哪吒,東網馬經,陳志懷,西門獨貼士,https://racing.on.cc/racing/fav/current/rjfavf0101x0.html,news,oncc
2026-10-05 06:05:12,2026-10-04,9,1,皇龍飛將,東網馬經,陳志懷,西門獨貼士,https://racing.on.cc/racing/fav/current/rjfavf0101x0.html,news,oncc
2026-10-05 06:05:12,2026-10-04,9,2,相映紅,東網馬經,陳志懷,西門獨貼士,https://racing.on.cc/racing/fav/current/rjfavf0101x0.html,news,oncc
2026-10-05 06:05:12,2026-10-04,9,4,富國兄弟,東網馬經,陳志懷,西門獨貼士,https://racing.on.cc/racing/fav/current/rjfavf0101x0.html,news,oncc
2026-10-05 06:05:12,2026-10-04,9,12,量子力奇,東網馬經,陳志懷,西門獨貼士,https://racing.on.cc/racing/fav/current/rjfavf0101x0.html,news,oncc
2026-10-05 06:05:12,2026-10-04,10,14,拉合爾,東網馬經,陳志懷,西門獨貼士,https://racing.on.cc/racing/fav/current/rjfavf0101x0.html,news,oncc
2026-10-05 06:05:12,2026-10-04,10,2,星運傳奇,東網馬經,陳志懷,西門獨貼士,https://racing.on.cc/racing/fav/current/rjfavf0101x0.html,news,oncc
2026-10-05 06:05:12,2026-10-04,10,1,馬力,東網馬經,陳志懷,西門獨貼士,https://racing.on.cc/racing/fav/current/rjfavf0101x0.html,news,oncc
2026-10-05 06:05:12,2026-10-04,10,6,,東網馬經,陳志懷,西門獨貼士,https://racing.on.cc/racing/fav/current/rjfavf0101x0.html,news,oncc
2026-10-05 06:05:12,2026-10-04,10,7,領航君子,東網馬經,陳志懷,西門獨貼士,https://racing.on.cc/racing/fav/current/rjfavf0101x0.html,news,oncc
2026-10-05 06:05:12,2026-10-04,11,2,實力股,東網馬經,陳志懷,西門獨貼士,https://racing.on.cc/racing/fav/current/rjfavf0101x0.html,news,oncc
2026-10-05 06:05:12,2026-10-04,11,7,神鵰,東網馬經,陳志懷,西門獨貼士,https://racing.on.cc/racing/fav/current/rjfavf0101x0.html,news,oncc
2026-10-05 06:05:12,2026-10-04,11,8,國千金,東網馬經,陳志懷,西門獨貼士,https://racing.on.cc/racing/fav/current/rjfavf0101x0.html,news,oncc
2026-10-05 06:05:12,2026-10-04,11,10,包裝明將,東網馬經,陳志懷,西門獨貼士,https://racing.on.cc/racing/fav/current/rjfavf0101x0.html,news,oncc
2026-10-05 06:05:12,2026-10-04,11,1,喜蓮勁感,東網馬經,陳志懷,西門獨貼士,https://racing.on.cc/racing/fav/current/rjfavf0101x0.html,news,oncc
2026-10-05 06:05:12,2026-10-04,2,2,狼來了,東網馬經,明治朗,西門獨貼士,https://racing.on.cc/racing/fav/current/rjfavf0101x0.html,news,oncc
2026-10-05 06:05:12,2026-10-04,2,13,鋁主角,東網馬經,明治朗,西門獨貼士,https://racing.on.cc/racing/fav/current/rjfavf0101x0.html,news,oncc
2026-10-05 06:05:12,2026-10-04,2,11,潮流勇駒,東網馬經,明治朗,西門獨貼士,https://racing.on.cc/racing/fav/current/rjfavf0101x0.html,news,oncc
2026-10-05 06:05:12,2026-10-04,2,3,合夥智能,東網馬經,明治朗,西門獨貼士,https://racing.on.cc/racing/fav/current/rjfavf0101x0.html,news,oncc
2026-10-05 06:05:12,2026-10-04,2,14,有你有我,東網馬經,明治朗,西門獨貼士,https://racing.on.cc/racing/fav/current/rjfavf0101x0.html,news,oncc
2026-10-05 06:05:12,2026-10-04,3,7,滿心星,東網馬經,明治朗,西門獨貼士,https://racing.on.cc/racing/fav/current/rjfavf0101x0.html,news,oncc
2026-10-05 06:05:12,2026-10-04,3,8,將睿,東網馬經,明治朗,西門獨貼士,https://racing.on.cc/racing/fav/current/rjfavf0101x0.html,news,oncc
2026-10-05 06:05:12,2026-10-04,3,3,昇瀧駒,東網馬經,明治朗,西門獨貼士,https://racing.on.cc/racing/fav/current/rjfavf0101x0.html,news,oncc
2026-10-05 06:05:12,2026-10-04,3,2,精英雄心,東網馬經,明治朗,西門獨貼士,https://racing.on.cc/racing/fav/current/rjfavf0101x0.html,news,oncc
2026-10-05 06:05:12,2026-10-04,3,6,時時精準,東網馬經,明治朗,西門獨貼士,https://racing.on.cc/racing/fav/current/rjfavf0101x0.html,news,oncc
2026-10-05 06:05:12,2026-10-04,4,3,海鑽石,東網馬經,明治朗,西門獨貼士,https://racing.on.cc/racing/fav/current/rjfavf0101x0.html,news,oncc
2026-10-05 06:05:12,2026-10-04,4,8,文武全能,東網馬經,明治朗,西門獨貼士,https://racing.on.cc/racing/fav/current/rjfavf0101x0.html,news,oncc
2026-10-05 06:05:12,2026-10-04,4,13,巴閉佬,東網馬經,明治朗,西門獨貼士,https://racing.on.cc/racing/fav/current/rjfavf0101x0.html,news,oncc
2026-10-05 06:05:12,2026-10-04,4,7,海洋帝君,東網馬經,明治朗,西門獨貼士,https://racing.on.cc/racing/fav/current/rjfavf0101x0.html,news,oncc
2026-10-05 06:05:12,2026-10-04,4,6,增旺,東網馬經,明治朗,西門獨貼士,https://racing.on.cc/racing/fav/current/rjfavf0101x0.html,news,oncc
2026-10-05 06:05:12,2026-10-04,5,7,超加加,東網馬經,明治朗,西門獨貼士,https://racing.on.cc/racing/fav/current/rjfavf0101x0.html,news,oncc
2026-10-05 06:05:12,2026-10-04,5,3,不同世界,東網馬經,明治朗,西門獨貼士,https://racing.on.cc/racing/fav/current/rjfavf0101x0.html,news,oncc
2026-10-05 06:05:12,2026-10-04,5,4,隨緣得勝,東網馬經,明治朗,西門獨貼士,https://racing.on.cc/racing/fav/current/rjfavf0101x0.html,news,oncc
2026-10-05 06:05:12,2026-10-04,5,8,風起雲湧,東網馬經,明治朗,西門獨貼士,https://racing.on.cc/racing/fav/current/rjfavf0101x0.html,news,oncc
2026-10-05 06:05:12,2026-10-04,5,11,天威,東網馬經,明治朗,西門獨貼士,https://racing.on.cc/racing/fav/current/rjfavf0101x0.html,news,oncc
2026-10-05 06:05:12,2026-10-04,6,2,手機錶能,東網馬經,明治朗,西門獨貼士,https://racing.on.cc/racing/fav/current/rjfavf0101x0.html,news,oncc
2026-10-05 06:05:12,2026-10-04,6,3,心雄雄,東網馬經,明治朗,西門獨貼士,https://racing.on.cc/racing/fav/current/rjfavf0101x0.html,news,oncc
2026-10-05 06:05:12,2026-10-04,6,5,,東網馬經,明治朗,西門獨貼士,https://racing.on.cc/racing/fav/current/rjfavf0101x0.html,news,oncc
2026-10-05 06:05:12,2026-10-04,6,6,紅衣醒目,東網馬經,明治朗,西門獨貼士,https://racing.on.cc/racing/fav/current/rjfavf0101x0.html,news,oncc
2026-10-05 06:05:12,2026-10-04,6,8,喜駿昇星,東網馬經,明治朗,西門獨貼士,https://racing.on.cc/racing/fav/current/rjfavf0101x0.html,news,oncc
2026-10-05 06:05:12,2026-10-04,7,9,你知我寶,東網馬經,明治朗,西門獨貼士,https://racing.on.cc/racing/fav/current/rjfavf0101x0.html,news,oncc
2026-10-05 06:05:12,2026-10-04,7,14,飛躍成就,東網馬經,明治朗,西門獨貼士,https://racing.on.cc/racing/fav/current/rjfavf0101x0.html,news,oncc
2026-10-05 06:05:12,2026-10-04,7,3,愛馬心,東網馬經,明治朗,西門獨貼士,https://racing.on.cc/racing/fav/current/rjfavf0101x0.html,news,oncc
2026-10-05 06:05:12,2026-10-04,7,2,加州熱浪,東網馬經,明治朗,西門獨貼士,https://racing.on.cc/racing/fav/current/rjfavf0101x0.html,news,oncc
2026-10-05 06:05:12,2026-10-04,7,11,幸福約定,東網馬經,明治朗,西門獨貼士,https://racing.on.cc/racing/fav/current/rjfavf0101x0.html,news,oncc
2026-10-05 06:05:12,2026-10-04,8,3,千禧龍,東網馬經,明治朗,西門獨貼士,https://racing.on.cc/racing/fav/current/rjfavf0101x0.html,news,oncc
2026-10-05 06:05:12,2026-10-04,8,10,年年友福,東網馬經,明治朗,西門獨貼士,https://racing.on.cc/racing/fav/current/rjfavf0101x0.html,news,oncc
2026-10-05 06:05:12,2026-10-04,8,5,細水長流,東網馬經,明治朗,西門獨貼士,https://racing.on.cc/racing/fav/current/rjfavf0101x0.html,news,oncc
2026-10-05 06:05:12,2026-10-04,8,4,川河耀駒,東網馬經,明治朗,西門獨貼士,https://racing.on.cc/racing/fav/current/rjfavf0101x0.html,news,oncc
2026-10-05 06:05:12,2026-10-04,8,9,北斗福星,東網馬經,明治朗,西門獨貼士,https://racing.on.cc/racing/fav/current/rjfavf0101x0.html,news,oncc
2026-10-05 06:05:12,2026-10-04,9,10,榮利雙收,東網馬經,明治朗,西門獨貼士,https://racing.on.cc/racing/fav/current/rjfavf0101x0.html,news,oncc
2026-10-05 06:05:12,2026-10-04,9,11,都靈福星,東網馬經,明治朗,西門獨貼士,https://racing.on.cc/racing/fav/current/rjfavf0101x0.html,news,oncc
2026-10-05 06:05:12,2026-10-04,9,12,量子力奇,東網馬經,明治朗,西門獨貼士,https://racing.on.cc/racing/fav/current/rjfavf0101x0.html,news,oncc
2026-10-05 06:05:12,2026-10-04,9,8,花開,東網馬經,明治朗,西門獨貼士,https://racing.on.cc/racing/fav/current/rjfavf0101x0.html,news,oncc
2026-10-05 06:05:12,2026-10-04,9,4,富國兄弟,東網馬經,明治朗,西門獨貼士,https://racing.on.cc/racing/fav/current/rjfavf0101x0.html,news,oncc
2026-10-05 06:05:12,2026-10-04,10,1,馬力,東網馬經,明治朗,西門獨貼士,https://racing.on.cc/racing/fav/current/rjfavf0101x0.html,news,oncc
2026-10-05 06:05:12,2026-10-04,10,13,幸運糖,東網馬經,明治朗,西門獨貼士,https://racing.on.cc/racing/fav/current/rjfavf0101x0.html,news,oncc
2026-10-05 06:05:12,2026-10-04,10,9,從化之星,東網馬經,明治朗,西門獨貼士,https://racing.on.cc/racing/fav/current/rjfavf0101x0.html,news,oncc
2026-10-05 06:05:12,2026-10-04,10,10,無敵好瑪,東網馬經,明治朗,西門獨貼士,https://racing.on.cc/racing/fav/current/rjfavf0101x0.html,news,oncc
2026-10-05 06:05:12,2026-10-04,10,8,米奇,東網馬經,明治朗,西門獨貼士,https://racing.on.cc/racing/fav/current/rjfavf0101x0.html,news,oncc
2026-10-05 06:05:12,2026-10-04,11,2,實力股,東網馬經,明治朗,西門獨貼士,https://racing.on.cc/racing/fav/current/rjfavf0101x0.html,news,oncc
2026-10-05 06:05:12,2026-10-04,11,4,手機錶勁,東網馬經,明治朗,西門獨貼士,https://racing.on.cc/racing/fav/current/rjfavf0101x0.html,news,oncc
2026-10-05 06:05:12,2026-10-04,11,1,喜蓮勁感,東網馬經,明治朗,西門獨貼士,https://racing.on.cc/racing/fav/current/rjfavf0101x0.html,news,oncc
2026-10-05 06:05:12,2026-10-04,11,7,神鵰,東網馬經,明治朗,西門獨貼士,https://racing.on.cc/racing/fav/current/rjfavf0101x0.html,news,oncc
2026-10-05 06:05:12,2026-10-04,11,10,包裝明將,東網馬經,明治朗,西門獨貼士,https://racing.on.cc/racing/fav/current/rjfavf0101x0.html,news,oncc
2026-10-05 06:05:12,2026-10-04,2,13,鋁主角,東網馬經,兆文,西門獨貼士,https://racing.on.cc/racing/fav/current/rjfavf0101x0.html,news,oncc
2026-10-05 06:05:12,2026-10-04,2,11,潮流勇駒,東網馬經,兆文,西門獨貼士,https://racing.on.cc/racing/fav/current/rjfavf0101x0.html,news,oncc
2026-10-05 06:05:12,2026-10-04,2,14,有你有我,東網馬經,兆文,西門獨貼士,https://racing.on.cc/racing/fav/current/rjfavf0101x0.html,news,oncc
2026-10-05 06:05:12,2026-10-04,2,7,銀刺勇士,東網馬經,兆文,西門獨貼士,https://racing.on.cc/racing/fav/current/rjfavf0101x0.html,news,oncc
2026-10-05 06:05:12,2026-10-04,2,5,精益時代,東網馬經,兆文,西門獨貼士,https://racing.on.cc/racing/fav/current/rjfavf0101x0.html,news,oncc
2026-10-05 06:05:12,2026-10-04,3,2,精英雄心,東網馬經,兆文,西門獨貼士,https://racing.on.cc/racing/fav/current/rjfavf0101x0.html,news,oncc
2026-10-05 06:05:12,2026-10-04,3,1,禪勝輝煌,東網馬經,兆文,西門獨貼士,https://racing.on.cc/racing/fav/current/rjfavf0101x0.html,news,oncc
2026-10-05 06:05:12,2026-10-04,3,7,滿心星,東網馬經,兆文,西門獨貼士,https://racing.on.cc/racing/fav/current/rjfavf0101x0.html,news,oncc
2026-10-05 06:05:12,2026-10-04,3,3,昇瀧駒,東網馬經,兆文,西門獨貼士,https://racing.on.cc/racing/fav/current/rjfavf0101x0.html,news,oncc
2026-10-05 06:05:12,2026-10-04,3,8,將睿,東網馬經,兆文,西門獨貼士,https://racing.on.cc/racing/fav/current/rjfavf0101x0.html,news,oncc
2026-10-05 06:05:12,2026-10-04,4,8,文武全能,東網馬經,兆文,西門獨貼士,https://racing.on.cc/racing/fav/current/rjfavf0101x0.html,news,oncc
2026-10-05 06:05:12,2026-10-04,4,6,增旺,東網馬經,兆文,西門獨貼士,https://racing.on.cc/racing/fav/current/rjfavf0101x0.html,news,oncc
2026-10-05 06:05:12,2026-10-04,4,13,巴閉佬,東網馬經,兆文,西門獨貼士,https://racing.on.cc/racing/fav/current/rjfavf0101x0.html,news,oncc
2026-10-05 06:05:12,2026-10-04,4,12,添喜運,東網馬經,兆文,西門獨貼士,https://racing.on.cc/racing/fav/current/rjfavf0101x0.html,news,oncc
2026-10-05 06:05:12,2026-10-04,4,14,紅旺繽紛,東網馬經,兆文,西門獨貼士,https://racing.on.cc/racing/fav/current/rjfavf0101x0.html,news,oncc
2026-10-05 06:05:12,2026-10-04,5,1,上浦福旺,東網馬經,兆文,西門獨貼士,https://racing.on.cc/racing/fav/current/rjfavf0101x0.html,news,oncc
2026-10-05 06:05:12,2026-10-04,5,8,風起雲湧,東網馬經,兆文,西門獨貼士,https://racing.on.cc/racing/fav/current/rjfavf0101x0.html,news,oncc
2026-10-05 06:05:12,2026-10-04,5,3,不同世界,東網馬經,兆文,西門獨貼士,https://racing.on.cc/racing/fav/current/rjfavf0101x0.html,news,oncc
2026-10-05 06:05:12,2026-10-04,5,7,超加加,東網馬經,兆文,西門獨貼士,https://racing.on.cc/racing/fav/current/rjfavf0101x0.html,news,oncc
2026-10-05 06:05:12,2026-10-04,5,12,林寶精神,東網馬經,兆文,西門獨貼士,https://racing.on.cc/racing/fav/current/rjfavf0101x0.html,news,oncc
2026-10-05 06:05:12,2026-10-04,6,2,手機錶能,東網馬經,兆文,西門獨貼士,https://racing.on.cc/racing/fav/current/rjfavf0101x0.html,news,oncc
2026-10-05 06:05:12,2026-10-04,6,3,心雄雄,東網馬經,兆文,西門獨貼士,https://racing.on.cc/racing/fav/current/rjfavf0101x0.html,news,oncc
2026-10-05 06:05:12,2026-10-04,6,8,喜駿昇星,東網馬經,兆文,西門獨貼士,https://racing.on.cc/racing/fav/current/rjfavf0101x0.html,news,oncc
2026-10-05 06:05:12,2026-10-04,6,9,盛勢威楓,東網馬經,兆文,西門獨貼士,https://racing.on.cc/racing/fav/current/rjfavf0101x0.html,news,oncc
2026-10-05 06:05:12,2026-10-04,6,11,天比高,東網馬經,兆文,西門獨貼士,https://racing.on.cc/racing/fav/current/rjfavf0101x0.html,news,oncc
2026-10-05 06:05:12,2026-10-04,7,5,澄心知遇,東網馬經,兆文,西門獨貼士,https://racing.on.cc/racing/fav/current/rjfavf0101x0.html,news,oncc
2026-10-05 06:05:12,2026-10-04,7,14,飛躍成就,東網馬經,兆文,西門獨貼士,https://racing.on.cc/racing/fav/current/rjfavf0101x0.html,news,oncc
2026-10-05 06:05:12,2026-10-04,7,3,愛馬心,東網馬經,兆文,西門獨貼士,https://racing.on.cc/racing/fav/current/rjfavf0101x0.html,news,oncc
2026-10-05 06:05:12,2026-10-04,7,2,加州熱浪,東網馬經,兆文,西門獨貼士,https://racing.on.cc/racing/fav/current/rjfavf0101x0.html,news,oncc
2026-10-05 06:05:12,2026-10-04,7,9,你知我寶,東網馬經,兆文,西門獨貼士,https://racing.on.cc/racing/fav/current/rjfavf0101x0.html,news,oncc
2026-10-05 06:05:12,2026-10-04,8,5,細水長流,東網馬經,兆文,西門獨貼士,https://racing.on.cc/racing/fav/current/rjfavf0101x0.html,news,oncc
2026-10-05 06:05:12,2026-10-04,8,4,川河耀駒,東網馬經,兆文,西門獨貼士,https://racing.on.cc/racing/fav/current/rjfavf0101x0.html,news,oncc
2026-10-05 06:05:12,2026-10-04,8,3,千禧龍,東網馬經,兆文,西門獨貼士,https://racing.on.cc/racing/fav/current/rjfavf0101x0.html,news,oncc
2026-10-05 06:05:12,2026-10-04,8,6,勁大威猛,東網馬經,兆文,西門獨貼士,https://racing.on.cc/racing/fav/current/rjfavf0101x0.html,news,oncc
2026-10-05 06:05:12,2026-10-04,8,9,北斗福星,東網馬經,兆文,西門獨貼士,https://racing.on.cc/racing/fav/current/rjfavf0101x0.html,news,oncc
2026-10-05 06:05:12,2026-10-04,9,4,富國兄弟,東網馬經,兆文,西門獨貼士,https://racing.on.cc/racing/fav/current/rjfavf0101x0.html,news,oncc
2026-10-05 06:05:12,2026-10-04,9,9,勁勇皇駒,東網馬經,兆文,西門獨貼士,https://racing.on.cc/racing/fav/current/rjfavf0101x0.html,news,oncc
2026-10-05 06:05:12,2026-10-04,9,8,花開,東網馬經,兆文,西門獨貼士,https://racing.on.cc/racing/fav/current/rjfavf0101x0.html,news,oncc
2026-10-05 06:05:12,2026-10-04,9,2,相映紅,東網馬經,兆文,西門獨貼士,https://racing.on.cc/racing/fav/current/rjfavf0101x0.html,news,oncc
2026-10-05 06:05:12,2026-10-04,9,12,量子力奇,東網馬經,兆文,西門獨貼士,https://racing.on.cc/racing/fav/current/rjfavf0101x0.html,news,oncc
2026-10-05 06:05:12,2026-10-04,10,10,無敵好瑪,東網馬經,兆文,西門獨貼士,https://racing.on.cc/racing/fav/current/rjfavf0101x0.html,news,oncc
2026-10-05 06:05:12,2026-10-04,10,9,從化之星,東網馬經,兆文,西門獨貼士,https://racing.on.cc/racing/fav/current/rjfavf0101x0.html,news,oncc
2026-10-05 06:05:12,2026-10-04,10,7,領航君子,東網馬經,兆文,西門獨貼士,https://racing.on.cc/racing/fav/current/rjfavf0101x0.html,news,oncc
2026-10-05 06:05:12,2026-10-04,10,3,精彩福星,東網馬經,兆文,西門獨貼士,https://racing.on.cc/racing/fav/current/rjfavf0101x0.html,news,oncc
2026-10-05 06:05:12,2026-10-04,10,13,幸運糖,東網馬經,兆文,西門獨貼士,https://racing.on.cc/racing/fav/current/rjfavf0101x0.html,news,oncc
2026-10-05 06:05:12,2026-10-04,11,2,實力股,東網馬經,兆文,西門獨貼士,https://racing.on.cc/racing/fav/current/rjfavf0101x0.html,news,oncc
2026-10-05 06:05:12,2026-10-04,11,1,喜蓮勁感,東網馬經,兆文,西門獨貼士,https://racing.on.cc/racing/fav/current/rjfavf0101x0.html,news,oncc
2026-10-05 06:05:12,2026-10-04,11,5,品德寶寶,東網馬經,兆文,西門獨貼士,https://racing.on.cc/racing/fav/current/rjfavf0101x0.html,news,oncc
2026-10-05 06:05:12,2026-10-04,11,8,國千金,東網馬經,兆文,西門獨貼士,https://racing.on.cc/racing/fav/current/rjfavf0101x0.html,news,oncc
2026-10-05 06:05:12,2026-10-04,11,14,支付之父,東網馬經,兆文,西門獨貼士,https://racing.on.cc/racing/fav/current/rjfavf0101x0.html,news,oncc
2026-10-06 06:44:46,2026-10-04,8,3,千禧龍,東網馬經,卡洛斯,名家推介,https://racing.on.cc/racing/fav/current/rjfavg0001x0.html,news,oncc
2026-10-06 06:44:46,2026-10-04,8,6,勁大威猛,東網馬經,卡洛斯,名家推介,https://racing.on.cc/racing/fav/current/rjfavg0001x0.html,news,oncc
2026-10-06 06:44:46,2026-10-04,8,5,細水長流,東網馬經,卡洛斯,名家推介,https://racing.on.cc/racing/fav/current/rjfavg0001x0.html,news,oncc
2026-10-06 06:44:46,2026-10-04,8,9,北斗福星,東網馬經,卡洛斯,名家推介,https://racing.on.cc/racing/fav/current/rjfavg0001x0.html,news,oncc
2026-10-06 06:44:46,2026-10-04,11,2,實力股,東網馬經,卡洛斯,名家推介,https://racing.on.cc/racing/fav/current/rjfavg0001x0.html,news,oncc
2026-10-06 06:44:46,2026-10-04,11,3,鑽石星空,東網馬經,卡洛斯,名家推介,https://racing.on.cc/racing/fav/current/rjfavg0001x0.html,news,oncc
2026-10-06 06:44:46,2026-10-04,11,1,喜蓮勁感,東網馬經,卡洛斯,名家推介,https://racing.on.cc/racing/fav/current/rjfavg0001x0.html,news,oncc
2026-10-06 06:44:46,2026-10-04,11,5,品德寶寶,東網馬經,卡洛斯,名家推介,https://racing.on.cc/racing/fav/current/rjfavg0001x0.html,news,oncc
2026-10-06 06:44:46,2026-10-04,2,6,幸福特約,東網馬經,匡公,名家推介,https://racing.on.cc/racing/fav/current/rjfavg0001x0.html,news,oncc
2026-10-06 06:44:46,2026-10-04,2,14,有你有我,東網馬經,匡公,名家推介,https://racing.on.cc/racing/fav/current/rjfavg0001x0.html,news,oncc
2026-10-06 06:44:46,2026-10-04,2,3,合夥智能,東網馬經,匡公,名家推介,https://racing.on.cc/racing/fav/current/rjfavg0001x0.html,news,oncc
2026-10-06 06:44:46,2026-10-04,2,13,鋁主角,東網馬經,匡公,名家推介,https://racing.on.cc/racing/fav/current/rjfavg0001x0.html,news,oncc
2026-10-06 06:44:46,2026-10-04,6,9,盛勢威楓,東網馬經,匡公,名家推介,https://racing.on.cc/racing/fav/current/rjfavg0001x0.html,news,oncc
2026-10-06 06:44:46,2026-10-04,6,3,心雄雄,東網馬經,匡公,名家推介,https://racing.on.cc/racing/fav/current/rjfavg0001x0.html,news,oncc
2026-10-06 06:44:46,2026-10-04,6,2,手機錶能,東網馬經,匡公,名家推介,https://racing.on.cc/racing/fav/current/rjfavg0001x0.html,news,oncc
2026-10-06 06:44:46,2026-10-04,6,8,喜駿昇星,東網馬經,匡公,名家推介,https://racing.on.cc/racing/fav/current/rjfavg0001x0.html,news,oncc
2026-10-06 06:44:46,2026-10-04,6,2,手機錶能,東網馬經,金駒,名家推介,https://racing.on.cc/racing/fav/current/rjfavg0001x0.html,news,oncc
2026-10-06 06:44:46,2026-10-04,6,3,心雄雄,東網馬經,金駒,名家推介,https://racing.on.cc/racing/fav/current/rjfavg0001x0.html,news,oncc
2026-10-06 06:44:46,2026-10-04,6,6,紅衣醒目,東網馬經,金駒,名家推介,https://racing.on.cc/racing/fav/current/rjfavg0001x0.html,news,oncc
2026-10-06 06:44:46,2026-10-04,6,5,,東網馬經,金駒,名家推介,https://racing.on.cc/racing/fav/current/rjfavg0001x0.html,news,oncc
2026-10-06 06:44:46,2026-10-04,11,1,喜蓮勁感,東網馬經,金駒,名家推介,https://racing.on.cc/racing/fav/current/rjfavg0001x0.html,news,oncc
2026-10-06 06:44:46,2026-10-04,11,2,實力股,東網馬經,金駒,名家推介,https://racing.on.cc/racing/fav/current/rjfavg0001x0.html,news,oncc
2026-10-06 06:44:46,2026-10-04,11,3,鑽石星空,東網馬經,金駒,名家推介,https://racing.on.cc/racing/fav/current/rjfavg0001x0.html,news,oncc
2026-10-06 06:44:46,2026-10-04,11,10,包裝明將,東網馬經,金駒,名家推介,https://racing.on.cc/racing/fav/current/rjfavg0001x0.html,news,oncc
2026-10-06 06:44:46,2026-10-04,3,6,時時精準,東網馬經,西門獨,名家推介,https://racing.on.cc/racing/fav/current/rjfavg0001x0.html,news,oncc
2026-10-06 06:44:46,2026-10-04,3,2,精英雄心,東網馬經,西門獨,名家推介,https://racing.on.cc/racing/fav/current/rjfavg0001x0.html,news,oncc
2026-10-06 06:44:46,2026-10-04,3,3,昇瀧駒,東網馬經,西門獨,名家推介,https://racing.on.cc/racing/fav/current/rjfavg0001x0.html,news,oncc
2026-10-06 06:44:46,2026-10-04,3,7,滿心星,東網馬經,西門獨,名家推介,https://racing.on.cc/racing/fav/current/rjfavg0001x0.html,news,oncc
2026-10-06 06:44:46,2026-10-04,5,4,隨緣得勝,東網馬經,西門獨,名家推介,https://racing.on.cc/racing/fav/current/rjfavg0001x0.html,news,oncc
2026-10-06 06:44:46,2026-10-04,5,3,不同世界,東網馬經,西門獨,名家推介,https://racing.on.cc/racing/fav/current/rjfavg0001x0.html,news,oncc
2026-10-06 06:44:46,2026-10-04,5,13,孤風潛影,東網馬經,西門獨,名家推介,https://racing.on.cc/racing/fav/current/rjfavg0001x0.html,news,oncc
2026-10-06 06:44:46,2026-10-04,5,8,風起雲湧,東網馬經,西門獨,名家推介,https://racing.on.cc/racing/fav/current/rjfavg0001x0.html,news,oncc
2026-10-06 06:44:46,2026-10-04,2,5,精益時代,東網馬經,諸葛數,名家推介,https://racing.on.cc/racing/fav/current/rjfavg0001x0.html,news,oncc
2026-10-06 06:44:46,2026-10-04,2,14,有你有我,東網馬經,諸葛數,名家推介,https://racing.on.cc/racing/fav/current/rjfavg0001x0.html,news,oncc
2026-10-06 06:44:46,2026-10-04,2,6,幸福特約,東網馬經,諸葛數,名家推介,https://racing.on.cc/racing/fav/current/rjfavg0001x0.html,news,oncc
2026-10-06 06:44:46,2026-10-04,2,11,潮流勇駒,東網馬經,諸葛數,名家推介,https://racing.on.cc/racing/fav/current/rjfavg0001x0.html,news,oncc
2026-10-06 06:44:46,2026-10-04,6,2,手機錶能,東網馬經,諸葛數,名家推介,https://racing.on.cc/racing/fav/current/rjfavg0001x0.html,news,oncc
2026-10-06 06:44:46,2026-10-04,6,3,心雄雄,東網馬經,諸葛數,名家推介,https://racing.on.cc/racing/fav/current/rjfavg0001x0.html,news,oncc
2026-10-06 06:44:46,2026-10-04,6,6,紅衣醒目,東網馬經,諸葛數,名家推介,https://racing.on.cc/racing/fav/current/rjfavg0001x0.html,news,oncc
2026-10-06 06:44:46,2026-10-04,6,9,盛勢威楓,東網馬經,諸葛數,名家推介,https://racing.on.cc/racing/fav/current/rjfavg0001x0.html,news,oncc
2026-10-06 06:44:46,2026-10-04,3,7,滿心星,東網馬經,長風,名家推介,https://racing.on.cc/racing/fav/current/rjfavg0001x0.html,news,oncc
2026-10-06 06:44:46,2026-10-04,3,2,精英雄心,東網馬經,長風,名家推介,https://racing.on.cc/racing/fav/current/rjfavg0001x0.html,news,oncc
2026-10-06 06:44:46,2026-10-04,3,8,將睿,東網馬經,長風,名家推介,https://racing.on.cc/racing/fav/current/rjfavg0001x0.html,news,oncc
2026-10-06 06:44:46,2026-10-04,3,4,華麗再勝,東網馬經,長風,名家推介,https://racing.on.cc/racing/fav/current/rjfavg0001x0.html,news,oncc
2026-10-06 06:44:46,2026-10-04,9,11,都靈福星,東網馬經,長風,名家推介,https://racing.on.cc/racing/fav/current/rjfavg0001x0.html,news,oncc
2026-10-06 06:44:46,2026-10-04,9,4,富國兄弟,東網馬經,長風,名家推介,https://racing.on.cc/racing/fav/current/rjfavg0001x0.html,news,oncc
2026-10-06 06:44:46,2026-10-04,9,8,花開,東網馬經,長風,名家推介,https://racing.on.cc/racing/fav/current/rjfavg0001x0.html,news,oncc
2026-10-06 06:44:46,2026-10-04,9,12,量子力奇,東網馬經,長風,名家推介,https://racing.on.cc/racing/fav/current/rjfavg0001x0.html,news,oncc
2026-10-06 06:44:46,2026-10-04,6,2,手機錶能,東網馬經,陳志懷,名家推介,https://racing.on.cc/racing/fav/current/rjfavg0001x0.html,news,oncc
2026-10-06 06:44:46,2026-10-04,6,9,盛勢威楓,東網馬經,陳志懷,名家推介,https://racing.on.cc/racing/fav/current/rjfavg0001x0.html,news,oncc
2026-10-06 06:44:46,2026-10-04,6,14,觀萬物,東網馬經,陳志懷,名家推介,https://racing.on.cc/racing/fav/current/rjfavg0001x0.html,news,oncc
2026-10-06 06:44:46,2026-10-04,6,5,,東網馬經,陳志懷,名家推介,https://racing.on.cc/racing/fav/current/rjfavg0001x0.html,news,oncc
2026-10-06 06:44:46,2026-10-04,8,3,千禧龍,東網馬經,陳志懷,名家推介,https://racing.on.cc/racing/fav/current/rjfavg0001x0.html,news,oncc
2026-10-06 06:44:46,2026-10-04,8,5,細水長流,東網馬經,陳志懷,名家推介,https://racing.on.cc/racing/fav/current/rjfavg0001x0.html,news,oncc
2026-10-06 06:44:46,2026-10-04,8,4,川河耀駒,東網馬經,陳志懷,名家推介,https://racing.on.cc/racing/fav/current/rjfavg0001x0.html,news,oncc
2026-10-06 06:44:46,2026-10-04,8,10,年年友福,東網馬經,陳志懷,名家推介,https://racing.on.cc/racing/fav/current/rjfavg0001x0.html,news,oncc
2026-10-06 06:44:46,2026-10-04,7,9,你知我寶,東網馬經,明治朗,名家推介,https://racing.on.cc/racing/fav/current/rjfavg0001x0.html,news,oncc
2026-10-06 06:44:46,2026-10-04,7,14,飛躍成就,東網馬經,明治朗,名家推介,https://racing.on.cc/racing/fav/current/rjfavg0001x0.html,news,oncc
2026-10-06 06:44:46,2026-10-04,7,3,愛馬心,東網馬經,明治朗,名家推介,https://racing.on.cc/racing/fav/current/rjfavg0001x0.html,news,oncc
2026-10-06 06:44:46,2026-10-04,7,2,加州熱浪,東網馬經,明治朗,名家推介,https://racing.on.cc/racing/fav/current/rjfavg0001x0.html,news,oncc
2026-10-06 06:44:46,2026-10-04,11,2,實力股,東網馬經,明治朗,名家推介,https://racing.on.cc/racing/fav/current/rjfavg0001x0.html,news,oncc
2026-10-06 06:44:46,2026-10-04,11,4,手機錶勁,東網馬經,明治朗,名家推介,https://racing.on.cc/racing/fav/current/rjfavg0001x0.html,news,oncc
2026-10-06 06:44:46,2026-10-04,11,1,喜蓮勁感,東網馬經,明治朗,名家推介,https://racing.on.cc/racing/fav/current/rjfavg0001x0.html,news,oncc
2026-10-06 06:44:46,2026-10-04,11,7,神鵰,東網馬經,明治朗,名家推介,https://racing.on.cc/racing/fav/current/rjfavg0001x0.html,news,oncc
2026-10-06 06:44:46,2026-10-04,5,2,開心宇宙,東網馬經,內幕料,名家推介,https://racing.on.cc/racing/fav/current/rjfavg0001x0.html,news,oncc
2026-10-06 06:44:46,2026-10-04,5,3,不同世界,東網馬經,內幕料,名家推介,https://racing.on.cc/racing/fav/current/rjfavg0001x0.html,news,oncc
2026-10-06 06:44:46,2026-10-04,5,8,風起雲湧,東網馬經,內幕料,名家推介,https://racing.on.cc/racing/fav/current/rjfavg0001x0.html,news,oncc
2026-10-06 06:44:46,2026-10-04,5,9,飛躍星伴,東網馬經,內幕料,名家推介,https://racing.on.cc/racing/fav/current/rjfavg0001x0.html,news,oncc
2026-10-06 06:44:46,2026-10-04,8,3,千禧龍,東網馬經,內幕料,名家推介,https://racing.on.cc/racing/fav/current/rjfavg0001x0.html,news,oncc
2026-10-06 06:44:46,2026-10-04,8,5,細水長流,東網馬經,內幕料,名家推介,https://racing.on.cc/racing/fav/current/rjfavg0001x0.html,news,oncc
2026-10-06 06:44:46,2026-10-04,8,8,大回報,東網馬經,內幕料,名家推介,https://racing.on.cc/racing/fav/current/rjfavg0001x0.html,news,oncc
2026-10-06 06:44:46,2026-10-04,8,9,北斗福星,東網馬經,內幕料,名家推介,https://racing.on.cc/racing/fav/current/rjfavg0001x0.html,news,oncc
2026-10-06 06:44:46,2026-10-04,1,2,光輝歲月,東網馬經,網中神,名家推介,https://racing.on.cc/racing/fav/current/rjfavg0001x0.html,news,oncc
2026-10-06 06:44:46,2026-10-04,1,3,順成之星,東網馬經,網中神,名家推介,https://racing.on.cc/racing/fav/current/rjfavg0001x0.html,news,oncc
2026-10-06 06:44:46,2026-10-04,1,4,神駒馬靈,東網馬經,網中神,名家推介,https://racing.on.cc/racing/fav/current/rjfavg0001x0.html,news,oncc
2026-10-06 06:44:46,2026-10-04,1,12,東方魅影,東網馬經,網中神,名家推介,https://racing.on.cc/racing/fav/current/rjfavg0001x0.html,news,oncc
2026-10-06 06:44:46,2026-10-04,7,2,加州熱浪,東網馬經,網中神,名家推介,https://racing.on.cc/racing/fav/current/rjfavg0001x0.html,news,oncc
2026-10-06 06:44:46,2026-10-04,7,3,愛馬心,東網馬經,網中神,名家推介,https://racing.on.cc/racing/fav/current/rjfavg0001x0.html,news,oncc
2026-10-06 06:44:46,2026-10-04,7,8,金運齊來,東網馬經,網中神,名家推介,https://racing.on.cc/racing/fav/current/rjfavg0001x0.html,news,oncc
2026-10-06 06:44:46,2026-10-04,7,12,北極之錶,東網馬經,網中神,名家推介,https://racing.on.cc/racing/fav/current/rjfavg0001x0.html,news,oncc
2026-10-06 06:44:46,2026-10-04,4,6,增旺,東網馬經,洛飛,名家推介,https://racing.on.cc/racing/fav/current/rjfavg0001x0.html,news,oncc
2026-10-06 06:44:46,2026-10-04,4,5,明亮光輝,東網馬經,洛飛,名家推介,https://racing.on.cc/racing/fav/current/rjfavg0001x0.html,news,oncc
2026-10-06 06:44:46,2026-10-04,4,8,文武全能,東網馬經,洛飛,名家推介,https://racing.on.cc/racing/fav/current/rjfavg0001x0.html,news,oncc
2026-10-06 06:44:46,2026-10-04,4,13,巴閉佬,東網馬經,洛飛,名家推介,https://racing.on.cc/racing/fav/current/rjfavg0001x0.html,news,oncc
2026-10-06 06:44:46,2026-10-04,11,1,喜蓮勁感,東網馬經,洛飛,名家推介,https://racing.on.cc/racing/fav/current/rjfavg0001x0.html,news,oncc
2026-10-06 06:44:46,2026-10-04,11,2,實力股,東網馬經,洛飛,名家推介,https://racing.on.cc/racing/fav/current/rjfavg0001x0.html,news,oncc
2026-10-06 06:44:46,2026-10-04,11,8,國千金,東網馬經,洛飛,名家推介,https://racing.on.cc/racing/fav/current/rjfavg0001x0.html,news,oncc
2026-10-06 06:44:46,2026-10-04,11,10,包裝明將,東網馬經,洛飛,名家推介,https://racing.on.cc/racing/fav/current/rjfavg0001x0.html,news,oncc
2026-10-06 06:44:46,2026-10-04,1,2,光輝歲月,東網馬經,西門獨,西門獨／諸葛數貼士,https://racing.on.cc/racing/fav/current/rjfavf0201x0.html,news,oncc
2026-10-06 06:44:46,2026-10-04,1,12,東方魅影,東網馬經,西門獨,西門獨／諸葛數貼士,https://racing.on.cc/racing/fav/current/rjfavf0201x0.html,news,oncc
2026-10-06 06:44:46,2026-10-04,1,1,東方寶寶,東網馬經,西門獨,西門獨／諸葛數貼士,https://racing.on.cc/racing/fav/current/rjfavf0201x0.html,news,oncc
2026-10-06 06:44:46,2026-10-04,1,14,一鹿歡騰,東網馬經,西門獨,西門獨／諸葛數貼士,https://racing.on.cc/racing/fav/current/rjfavf0201x0.html,news,oncc
2026-10-06 06:44:46,2026-10-04,2,11,潮流勇駒,東網馬經,西門獨,西門獨／諸葛數貼士,https://racing.on.cc/racing/fav/current/rjfavf0201x0.html,news,oncc
2026-10-06 06:44:46,2026-10-04,2,13,鋁主角,東網馬經,西門獨,西門獨／諸葛數貼士,https://racing.on.cc/racing/fav/current/rjfavf0201x0.html,news,oncc
2026-10-06 06:44:46,2026-10-04,2,3,合夥智能,東網馬經,西門獨,西門獨／諸葛數貼士,https://racing.on.cc/racing/fav/current/rjfavf0201x0.html,news,oncc
2026-10-06 06:44:46,2026-10-04,2,14,有你有我,東網馬經,西門獨,西門獨／諸葛數貼士,https://racing.on.cc/racing/fav/current/rjfavf0201x0.html,news,oncc
2026-10-06 06:44:46,2026-10-04,3,6,時時精準,東網馬經,西門獨,西門獨／諸葛數貼士,https://racing.on.cc/racing/fav/current/rjfavf0201x0.html,news,oncc
2026-10-06 06:44:46,2026-10-04,3,2,精英雄心,東網馬經,西門獨,西門獨／諸葛數貼士,https://racing.on.cc/racing/fav/current/rjfavf0201x0.html,news,oncc
2026-10-06 06:44:46,2026-10-04,3,3,昇瀧駒,東網馬經,西門獨,西門獨／諸葛數貼士,https://racing.on.cc/racing/fav/current/rjfavf0201x0.html,news,oncc
2026-10-06 06:44:46,2026-10-04,3,7,滿心星,東網馬經,西門獨,西門獨／諸葛數貼士,https://racing.on.cc/racing/fav/current/rjfavf0201x0.html,news,oncc
2026-10-06 06:44:46,2026-10-04,4,6,增旺,東網馬經,西門獨,西門獨／諸葛數貼士,https://racing.on.cc/racing/fav/current/rjfavf0201x0.html,news,oncc
2026-10-06 06:44:46,2026-10-04,4,8,文武全能,東網馬經,西門獨,西門獨／諸葛數貼士,https://racing.on.cc/racing/fav/current/rjfavf0201x0.html,news,oncc
2026-10-06 06:44:46,2026-10-04,4,13,巴閉佬,東網馬經,西門獨,西門獨／諸葛數貼士,https://racing.on.cc/racing/fav/current/rjfavf0201x0.html,news,oncc
2026-10-06 06:44:46,2026-10-04,4,4,籐王駒,東網馬經,西門獨,西門獨／諸葛數貼士,https://racing.on.cc/racing/fav/current/rjfavf0201x0.html,news,oncc
2026-10-06 06:44:46,2026-10-04,5,4,隨緣得勝,東網馬經,西門獨,西門獨／諸葛數貼士,https://racing.on.cc/racing/fav/current/rjfavf0201x0.html,news,oncc
2026-10-06 06:44:46,2026-10-04,5,3,不同世界,東網馬經,西門獨,西門獨／諸葛數貼士,https://racing.on.cc/racing/fav/current/rjfavf0201x0.html,news,oncc
2026-10-06 06:44:46,2026-10-04,5,13,孤風潛影,東網馬經,西門獨,西門獨／諸葛數貼士,https://racing.on.cc/racing/fav/current/rjfavf0201x0.html,news,oncc
2026-10-06 06:44:46,2026-10-04,5,8,風起雲湧,東網馬經,西門獨,西門獨／諸葛數貼士,https://racing.on.cc/racing/fav/current/rjfavf0201x0.html,news,oncc
2026-10-06 06:44:46,2026-10-04,6,8,喜駿昇星,東網馬經,西門獨,西門獨／諸葛數貼士,https://racing.on.cc/racing/fav/current/rjfavf0201x0.html,news,oncc
2026-10-06 06:44:46,2026-10-04,6,14,觀萬物,東網馬經,西門獨,西門獨／諸葛數貼士,https://racing.on.cc/racing/fav/current/rjfavf0201x0.html,news,oncc
2026-10-06 06:44:46,2026-10-04,6,2,手機錶能,東網馬經,西門獨,西門獨／諸葛數貼士,https://racing.on.cc/racing/fav/current/rjfavf0201x0.html,news,oncc
2026-10-06 06:44:46,2026-10-04,6,3,心雄雄,東網馬經,西門獨,西門獨／諸葛數貼士,https://racing.on.cc/racing/fav/current/rjfavf0201x0.html,news,oncc
2026-10-06 06:44:46,2026-10-04,7,2,加州熱浪,東網馬經,西門獨,西門獨／諸葛數貼士,https://racing.on.cc/racing/fav/current/rjfavf0201x0.html,news,oncc
2026-10-06 06:44:46,2026-10-04,7,3,愛馬心,東網馬經,西門獨,西門獨／諸葛數貼士,https://racing.on.cc/racing/fav/current/rjfavf0201x0.html,news,oncc
2026-10-06 06:44:46,2026-10-04,7,8,金運齊來,東網馬經,西門獨,西門獨／諸葛數貼士,https://racing.on.cc/racing/fav/current/rjfavf0201x0.html,news,oncc
2026-10-06 06:44:46,2026-10-04,7,11,幸福約定,東網馬經,西門獨,西門獨／諸葛數貼士,https://racing.on.cc/racing/fav/current/rjfavf0201x0.html,news,oncc
2026-10-06 06:44:46,2026-10-04,8,5,細水長流,東網馬經,西門獨,西門獨／諸葛數貼士,https://racing.on.cc/racing/fav/current/rjfavf0201x0.html,news,oncc
2026-10-06 06:44:46,2026-10-04,8,3,千禧龍,東網馬經,西門獨,西門獨／諸葛數貼士,https://racing.on.cc/racing/fav/current/rjfavf0201x0.html,news,oncc
2026-10-06 06:44:46,2026-10-04,8,8,大回報,東網馬經,西門獨,西門獨／諸葛數貼士,https://racing.on.cc/racing/fav/current/rjfavf0201x0.html,news,oncc
2026-10-06 06:44:46,2026-10-04,8,9,北斗福星,東網馬經,西門獨,西門獨／諸葛數貼士,https://racing.on.cc/racing/fav/current/rjfavf0201x0.html,news,oncc
2026-10-06 06:44:46,2026-10-04,9,5,哪吒,東網馬經,西門獨,西門獨／諸葛數貼士,https://racing.on.cc/racing/fav/current/rjfavf0201x0.html,news,oncc
2026-10-06 06:44:46,2026-10-04,9,8,花開,東網馬經,西門獨,西門獨／諸葛數貼士,https://racing.on.cc/racing/fav/current/rjfavf0201x0.html,news,oncc
2026-10-06 06:44:46,2026-10-04,9,9,勁勇皇駒,東網馬經,西門獨,西門獨／諸葛數貼士,https://racing.on.cc/racing/fav/current/rjfavf0201x0.html,news,oncc
2026-10-06 06:44:46,2026-10-04,9,11,都靈福星,東網馬經,西門獨,西門獨／諸葛數貼士,https://racing.on.cc/racing/fav/current/rjfavf0201x0.html,news,oncc
2026-10-06 06:44:46,2026-10-04,10,10,無敵好瑪,東網馬經,西門獨,西門獨／諸葛數貼士,https://racing.on.cc/racing/fav/current/rjfavf0201x0.html,news,oncc
2026-10-06 06:44:46,2026-10-04,10,2,星運傳奇,東網馬經,西門獨,西門獨／諸葛數貼士,https://racing.on.cc/racing/fav/current/rjfavf0201x0.html,news,oncc
2026-10-06 06:44:46,2026-10-04,10,1,馬力,東網馬經,西門獨,西門獨／諸葛數貼士,https://racing.on.cc/racing/fav/current/rjfavf0201x0.html,news,oncc
2026-10-06 06:44:46,2026-10-04,10,14,拉合爾,東網馬經,西門獨,西門獨／諸葛數貼士,https://racing.on.cc/racing/fav/current/rjfavf0201x0.html,news,oncc
2026-10-06 06:44:46,2026-10-04,11,2,實力股,東網馬經,西門獨,西門獨／諸葛數貼士,https://racing.on.cc/racing/fav/current/rjfavf0201x0.html,news,oncc
2026-10-06 06:44:46,2026-10-04,11,1,喜蓮勁感,東網馬經,西門獨,西門獨／諸葛數貼士,https://racing.on.cc/racing/fav/current/rjfavf0201x0.html,news,oncc
2026-10-06 06:44:46,2026-10-04,11,14,支付之父,東網馬經,西門獨,西門獨／諸葛數貼士,https://racing.on.cc/racing/fav/current/rjfavf0201x0.html,news,oncc
2026-10-06 06:44:46,2026-10-04,11,10,包裝明將,東網馬經,西門獨,西門獨／諸葛數貼士,https://racing.on.cc/racing/fav/current/rjfavf0201x0.html,news,oncc
2026-10-06 06:44:46,2026-10-04,1,11,知恩圖報,東網馬經,諸葛數,西門獨／諸葛數貼士,https://racing.on.cc/racing/fav/current/rjfavf0201x0.html,news,oncc
2026-10-06 06:44:46,2026-10-04,1,2,光輝歲月,東網馬經,諸葛數,西門獨／諸葛數貼士,https://racing.on.cc/racing/fav/current/rjfavf0201x0.html,news,oncc
2026-10-06 06:44:46,2026-10-04,1,1,東方寶寶,東網馬經,諸葛數,西門獨／諸葛數貼士,https://racing.on.cc/racing/fav/current/rjfavf0201x0.html,news,oncc
2026-10-06 06:44:46,2026-10-04,1,7,悠悠乾坤,東網馬經,諸葛數,西門獨／諸葛數貼士,https://racing.on.cc/racing/fav/current/rjfavf0201x0.html,news,oncc
2026-10-06 06:44:46,2026-10-04,2,5,精益時代,東網馬經,諸葛數,西門獨／諸葛數貼士,https://racing.on.cc/racing/fav/current/rjfavf0201x0.html,news,oncc
2026-10-06 06:44:46,2026-10-04,2,14,有你有我,東網馬經,諸葛數,西門獨／諸葛數貼士,https://racing.on.cc/racing/fav/current/rjfavf0201x0.html,news,oncc
2026-10-06 06:44:46,2026-10-04,2,6,幸福特約,東網馬經,諸葛數,西門獨／諸葛數貼士,https://racing.on.cc/racing/fav/current/rjfavf0201x0.html,news,oncc
2026-10-06 06:44:46,2026-10-04,2,11,潮流勇駒,東網馬經,諸葛數,西門獨／諸葛數貼士,https://racing.on.cc/racing/fav/current/rjfavf0201x0.html,news,oncc
2026-10-06 06:44:46,2026-10-04,3,2,精英雄心,東網馬經,諸葛數,西門獨／諸葛數貼士,https://racing.on.cc/racing/fav/current/rjfavf0201x0.html,news,oncc
2026-10-06 06:44:46,2026-10-04,3,3,昇瀧駒,東網馬經,諸葛數,西門獨／諸葛數貼士,https://racing.on.cc/racing/fav/current/rjfavf0201x0.html,news,oncc
2026-10-06 06:44:46,2026-10-04,3,8,將睿,東網馬經,諸葛數,西門獨／諸葛數貼士,https://racing.on.cc/racing/fav/current/rjfavf0201x0.html,news,oncc
2026-10-06 06:44:46,2026-10-04,3,1,禪勝輝煌,東網馬經,諸葛數,西門獨／諸葛數貼士,https://racing.on.cc/racing/fav/current/rjfavf0201x0.html,news,oncc
2026-10-06 06:44:46,2026-10-04,4,6,增旺,東網馬經,諸葛數,西門獨／諸葛數貼士,https://racing.on.cc/racing/fav/current/rjfavf0201x0.html,news,oncc
2026-10-06 06:44:46,2026-10-04,4,8,文武全能,東網馬經,諸葛數,西門獨／諸葛數貼士,https://racing.on.cc/racing/fav/current/rjfavf0201x0.html,news,oncc
2026-10-06 06:44:46,2026-10-04,4,13,巴閉佬,東網馬經,諸葛數,西門獨／諸葛數貼士,https://racing.on.cc/racing/fav/current/rjfavf0201x0.html,news,oncc
2026-10-06 06:44:46,2026-10-04,4,5,明亮光輝,東網馬經,諸葛數,西門獨／諸葛數貼士,https://racing.on.cc/racing/fav/current/rjfavf0201x0.html,news,oncc
2026-10-06 06:44:46,2026-10-04,5,3,不同世界,東網馬經,諸葛數,西門獨／諸葛數貼士,https://racing.on.cc/racing/fav/current/rjfavf0201x0.html,news,oncc
2026-10-06 06:44:46,2026-10-04,5,5,奮鬥心,東網馬經,諸葛數,西門獨／諸葛數貼士,https://racing.on.cc/racing/fav/current/rjfavf0201x0.html,news,oncc
2026-10-06 06:44:46,2026-10-04,5,4,隨緣得勝,東網馬經,諸葛數,西門獨／諸葛數貼士,https://racing.on.cc/racing/fav/current/rjfavf0201x0.html,news,oncc
2026-10-06 06:44:46,2026-10-04,5,8,風起雲湧,東網馬經,諸葛數,西門獨／諸葛數貼士,https://racing.on.cc/racing/fav/current/rjfavf0201x0.html,news,oncc
2026-10-06 06:44:46,2026-10-04,6,2,手機錶能,東網馬經,諸葛數,西門獨／諸葛數貼士,https://racing.on.cc/racing/fav/current/rjfavf0201x0.html,news,oncc
2026-10-06 06:44:46,2026-10-04,6,3,心雄雄,東網馬經,諸葛數,西門獨／諸葛數貼士,https://racing.on.cc/racing/fav/current/rjfavf0201x0.html,news,oncc
2026-10-06 06:44:46,2026-10-04,6,6,紅衣醒目,東網馬經,諸葛數,西門獨／諸葛數貼士,https://racing.on.cc/racing/fav/current/rjfavf0201x0.html,news,oncc
2026-10-06 06:44:46,2026-10-04,6,9,盛勢威楓,東網馬經,諸葛數,西門獨／諸葛數貼士,https://racing.on.cc/racing/fav/current/rjfavf0201x0.html,news,oncc
2026-10-06 06:44:46,2026-10-04,7,2,加州熱浪,東網馬經,諸葛數,西門獨／諸葛數貼士,https://racing.on.cc/racing/fav/current/rjfavf0201x0.html,news,oncc
2026-10-06 06:44:46,2026-10-04,7,12,北極之錶,東網馬經,諸葛數,西門獨／諸葛數貼士,https://racing.on.cc/racing/fav/current/rjfavf0201x0.html,news,oncc
2026-10-06 06:44:46,2026-10-04,7,9,你知我寶,東網馬經,諸葛數,西門獨／諸葛數貼士,https://racing.on.cc/racing/fav/current/rjfavf0201x0.html,news,oncc
2026-10-06 06:44:46,2026-10-04,7,11,幸福約定,東網馬經,諸葛數,西門獨／諸葛數貼士,https://racing.on.cc/racing/fav/current/rjfavf0201x0.html,news,oncc
2026-10-06 06:44:46,2026-10-04,8,5,細水長流,東網馬經,諸葛數,西門獨／諸葛數貼士,https://racing.on.cc/racing/fav/current/rjfavf0201x0.html,news,oncc
2026-10-06 06:44:46,2026-10-04,8,3,千禧龍,東網馬經,諸葛數,西門獨／諸葛數貼士,https://racing.on.cc/racing/fav/current/rjfavf0201x0.html,news,oncc
2026-10-06 06:44:46,2026-10-04,8,9,北斗福星,東網馬經,諸葛數,西門獨／諸葛數貼士,https://racing.on.cc/racing/fav/current/rjfavf0201x0.html,news,oncc
2026-10-06 06:44:46,2026-10-04,8,6,勁大威猛,東網馬經,諸葛數,西門獨／諸葛數貼士,https://racing.on.cc/racing/fav/current/rjfavf0201x0.html,news,oncc
2026-10-06 06:44:46,2026-10-04,9,4,富國兄弟,東網馬經,諸葛數,西門獨／諸葛數貼士,https://racing.on.cc/racing/fav/current/rjfavf0201x0.html,news,oncc
2026-10-06 06:44:46,2026-10-04,9,11,都靈福星,東網馬經,諸葛數,西門獨／諸葛數貼士,https://racing.on.cc/racing/fav/current/rjfavf0201x0.html,news,oncc
2026-10-06 06:44:46,2026-10-04,9,8,花開,東網馬經,諸葛數,西門獨／諸葛數貼士,https://racing.on.cc/racing/fav/current/rjfavf0201x0.html,news,oncc
2026-10-06 06:44:46,2026-10-04,9,1,皇龍飛將,東網馬經,諸葛數,西門獨／諸葛數貼士,https://racing.on.cc/racing/fav/current/rjfavf0201x0.html,news,oncc
2026-10-06 06:44:46,2026-10-04,10,3,精彩福星,東網馬經,諸葛數,西門獨／諸葛數貼士,https://racing.on.cc/racing/fav/current/rjfavf0201x0.html,news,oncc
2026-10-06 06:44:46,2026-10-04,10,13,幸運糖,東網馬經,諸葛數,西門獨／諸葛數貼士,https://racing.on.cc/racing/fav/current/rjfavf0201x0.html,news,oncc
2026-10-06 06:44:46,2026-10-04,10,9,從化之星,東網馬經,諸葛數,西門獨／諸葛數貼士,https://racing.on.cc/racing/fav/current/rjfavf0201x0.html,news,oncc
2026-10-06 06:44:46,2026-10-04,10,1,馬力,東網馬經,諸葛數,西門獨／諸葛數貼士,https://racing.on.cc/racing/fav/current/rjfavf0201x0.html,news,oncc
2026-10-06 06:44:46,2026-10-04,11,2,實力股,東網馬經,諸葛數,西門獨／諸葛數貼士,https://racing.on.cc/racing/fav/current/rjfavf0201x0.html,news,oncc
2026-10-06 06:44:46,2026-10-04,11,1,喜蓮勁感,東網馬經,諸葛數,西門獨／諸葛數貼士,https://racing.on.cc/racing/fav/current/rjfavf0201x0.html,news,oncc
2026-10-06 06:44:46,2026-10-04,11,4,手機錶勁,東網馬經,諸葛數,西門獨／諸葛數貼士,https://racing.on.cc/racing/fav/current/rjfavf0201x0.html,news,oncc
2026-10-06 06:44:46,2026-10-04,11,9,閃電小子,東網馬經,諸葛數,西門獨／諸葛數貼士,https://racing.on.cc/racing/fav/current/rjfavf0201x0.html,news,oncc
2026-10-06 06:44:46,2026-10-04,1,11,知恩圖報,東網馬經,陳志懷,西門獨／諸葛數貼士,https://racing.on.cc/racing/fav/current/rjfavf0201x0.html,news,oncc
2026-10-06 06:44:46,2026-10-04,1,7,悠悠乾坤,東網馬經,陳志懷,西門獨／諸葛數貼士,https://racing.on.cc/racing/fav/current/rjfavf0201x0.html,news,oncc
2026-10-06 06:44:46,2026-10-04,1,12,東方魅影,東網馬經,陳志懷,西門獨／諸葛數貼士,https://racing.on.cc/racing/fav/current/rjfavf0201x0.html,news,oncc
2026-10-06 06:44:46,2026-10-04,1,14,一鹿歡騰,東網馬經,陳志懷,西門獨／諸葛數貼士,https://racing.on.cc/racing/fav/current/rjfavf0201x0.html,news,oncc
2026-10-06 06:44:46,2026-10-04,2,5,精益時代,東網馬經,陳志懷,西門獨／諸葛數貼士,https://racing.on.cc/racing/fav/current/rjfavf0201x0.html,news,oncc
2026-10-06 06:44:46,2026-10-04,2,13,鋁主角,東網馬經,陳志懷,西門獨／諸葛數貼士,https://racing.on.cc/racing/fav/current/rjfavf0201x0.html,news,oncc
2026-10-06 06:44:46,2026-10-04,2,3,合夥智能,東網馬經,陳志懷,西門獨／諸葛數貼士,https://racing.on.cc/racing/fav/current/rjfavf0201x0.html,news,oncc
2026-10-06 06:44:46,2026-10-04,2,2,狼來了,東網馬經,陳志懷,西門獨／諸葛數貼士,https://racing.on.cc/racing/fav/current/rjfavf0201x0.html,news,oncc
2026-10-06 06:44:46,2026-10-04,3,3,昇瀧駒,東網馬經,陳志懷,西門獨／諸葛數貼士,https://racing.on.cc/racing/fav/current/rjfavf0201x0.html,news,oncc
2026-10-06 06:44:46,2026-10-04,3,2,精英雄心,東網馬經,陳志懷,西門獨／諸葛數貼士,https://racing.on.cc/racing/fav/current/rjfavf0201x0.html,news,oncc
2026-10-06 06:44:46,2026-10-04,3,4,華麗再勝,東網馬經,陳志懷,西門獨／諸葛數貼士,https://racing.on.cc/racing/fav/current/rjfavf0201x0.html,news,oncc
2026-10-06 06:44:46,2026-10-04,3,8,將睿,東網馬經,陳志懷,西門獨／諸葛數貼士,https://racing.on.cc/racing/fav/current/rjfavf0201x0.html,news,oncc
2026-10-06 06:44:46,2026-10-04,4,3,海鑽石,東網馬經,陳志懷,西門獨／諸葛數貼士,https://racing.on.cc/racing/fav/current/rjfavf0201x0.html,news,oncc
2026-10-06 06:44:46,2026-10-04,4,4,籐王駒,東網馬經,陳志懷,西門獨／諸葛數貼士,https://racing.on.cc/racing/fav/current/rjfavf0201x0.html,news,oncc
2026-10-06 06:44:46,2026-10-04,4,8,文武全能,東網馬經,陳志懷,西門獨／諸葛數貼士,https://racing.on.cc/racing/fav/current/rjfavf0201x0.html,news,oncc
2026-10-06 06:44:46,2026-10-04,4,2,悠然常勝,東網馬經,陳志懷,西門獨／諸葛數貼士,https://racing.on.cc/racing/fav/current/rjfavf0201x0.html,news,oncc
2026-10-06 06:44:46,2026-10-04,5,3,不同世界,東網馬經,陳志懷,西門獨／諸葛數貼士,https://racing.on.cc/racing/fav/current/rjfavf0201x0.html,news,oncc
2026-10-06 06:44:46,2026-10-04,5,5,奮鬥心,東網馬經,陳志懷,西門獨／諸葛數貼士,https://racing.on.cc/racing/fav/current/rjfavf0201x0.html,news,oncc
2026-10-06 06:44:46,2026-10-04,5,2,開心宇宙,東網馬經,陳志懷,西門獨／諸葛數貼士,https://racing.on.cc/racing/fav/current/rjfavf0201x0.html,news,oncc
2026-10-06 06:44:46,2026-10-04,5,6,午夜快車,東網馬經,陳志懷,西門獨／諸葛數貼士,https://racing.on.cc/racing/fav/current/rjfavf0201x0.html,news,oncc
2026-10-06 06:44:46,2026-10-04,6,2,手機錶能,東網馬經,陳志懷,西門獨／諸葛數貼士,https://racing.on.cc/racing/fav/current/rjfavf0201x0.html,news,oncc
2026-10-06 06:44:46,2026-10-04,6,9,盛勢威楓,東網馬經,陳志懷,西門獨／諸葛數貼士,https://racing.on.cc/racing/fav/current/rjfavf0201x0.html,news,oncc
2026-10-06 06:44:46,2026-10-04,6,14,觀萬物,東網馬經,陳志懷,西門獨／諸葛數貼士,https://racing.on.cc/racing/fav/current/rjfavf0201x0.html,news,oncc
2026-10-06 06:44:46,2026-10-04,6,5,,東網馬經,陳志懷,西門獨／諸葛數貼士,https://racing.on.cc/racing/fav/current/rjfavf0201x0.html,news,oncc
2026-10-06 06:44:46,2026-10-04,7,8,金運齊來,東網馬經,陳志懷,西門獨／諸葛數貼士,https://racing.on.cc/racing/fav/current/rjfavf0201x0.html,news,oncc
2026-10-06 06:44:46,2026-10-04,7,3,愛馬心,東網馬經,陳志懷,西門獨／諸葛數貼士,https://racing.on.cc/racing/fav/current/rjfavf0201x0.html,news,oncc
2026-10-06 06:44:46,2026-10-04,7,13,領袖勁力,東網馬經,陳志懷,西門獨／諸葛數貼士,https://racing.on.cc/racing/fav/current/rjfavf0201x0.html,news,oncc
2026-10-06 06:44:46,2026-10-04,7,9,你知我寶,東網馬經,陳志懷,西門獨／諸葛數貼士,https://racing.on.cc/racing/fav/current/rjfavf0201x0.html,news,oncc
2026-10-06 06:44:46,2026-10-04,8,3,千禧龍,東網馬經,陳志懷,西門獨／諸葛數貼士,https://racing.on.cc/racing/fav/current/rjfavf0201x0.html,news,oncc
2026-10-06 06:44:46,2026-10-04,8,5,細水長流,東網馬經,陳志懷,西門獨／諸葛數貼士,https://racing.on.cc/racing/fav/current/rjfavf0201x0.html,news,oncc
2026-10-06 06:44:46,2026-10-04,8,4,川河耀駒,東網馬經,陳志懷,西門獨／諸葛數貼士,https://racing.on.cc/racing/fav/current/rjfavf0201x0.html,news,oncc
2026-10-06 06:44:46,2026-10-04,8,10,年年友福,東網馬經,陳志懷,西門獨／諸葛數貼士,https://racing.on.cc/racing/fav/current/rjfavf0201x0.html,news,oncc
2026-10-06 06:44:46,2026-10-04,9,5,哪吒,東網馬經,陳志懷,西門獨／諸葛數貼士,https://racing.on.cc/racing/fav/current/rjfavf0201x0.html,news,oncc
2026-10-06 06:44:46,2026-10-04,9,1,皇龍飛將,東網馬經,陳志懷,西門獨／諸葛數貼士,https://racing.on.cc/racing/fav/current/rjfavf0201x0.html,news,oncc
2026-10-06 06:44:46,2026-10-04,9,2,相映紅,東網馬經,陳志懷,西門獨／諸葛數貼士,https://racing.on.cc/racing/fav/current/rjfavf0201x0.html,news,oncc
2026-10-06 06:44:46,2026-10-04,9,4,富國兄弟,東網馬經,陳志懷,西門獨／諸葛數貼士,https://racing.on.cc/racing/fav/current/rjfavf0201x0.html,news,oncc
2026-10-06 06:44:46,2026-10-04,10,14,拉合爾,東網馬經,陳志懷,西門獨／諸葛數貼士,https://racing.on.cc/racing/fav/current/rjfavf0201x0.html,news,oncc
2026-10-06 06:44:46,2026-10-04,10,2,星運傳奇,東網馬經,陳志懷,西門獨／諸葛數貼士,https://racing.on.cc/racing/fav/current/rjfavf0201x0.html,news,oncc
2026-10-06 06:44:46,2026-10-04,10,1,馬力,東網馬經,陳志懷,西門獨／諸葛數貼士,https://racing.on.cc/racing/fav/current/rjfavf0201x0.html,news,oncc
2026-10-06 06:44:46,2026-10-04,10,6,,東網馬經,陳志懷,西門獨／諸葛數貼士,https://racing.on.cc/racing/fav/current/rjfavf0201x0.html,news,oncc
2026-10-06 06:44:46,2026-10-04,11,2,實力股,東網馬經,陳志懷,西門獨／諸葛數貼士,https://racing.on.cc/racing/fav/current/rjfavf0201x0.html,news,oncc
2026-10-06 06:44:46,2026-10-04,11,7,神鵰,東網馬經,陳志懷,西門獨／諸葛數貼士,https://racing.on.cc/racing/fav/current/rjfavf0201x0.html,news,oncc
2026-10-06 06:44:46,2026-10-04,11,8,國千金,東網馬經,陳志懷,西門獨／諸葛數貼士,https://racing.on.cc/racing/fav/current/rjfavf0201x0.html,news,oncc
2026-10-06 06:44:46,2026-10-04,11,10,包裝明將,東網馬經,陳志懷,西門獨／諸葛數貼士,https://racing.on.cc/racing/fav/current/rjfavf0201x0.html,news,oncc
2026-10-06 06:44:46,2026-10-04,1,12,東方魅影,東網馬經,明治朗,西門獨／諸葛數貼士,https://racing.on.cc/racing/fav/current/rjfavf0201x0.html,news,oncc
2026-10-06 06:44:46,2026-10-04,1,1,東方寶寶,東網馬經,明治朗,西門獨／諸葛數貼士,https://racing.on.cc/racing/fav/current/rjfavf0201x0.html,news,oncc
2026-10-06 06:44:46,2026-10-04,1,13,上市魅力,東網馬經,明治朗,西門獨／諸葛數貼士,https://racing.on.cc/racing/fav/current/rjfavf0201x0.html,news,oncc
2026-10-06 06:44:46,2026-10-04,1,2,光輝歲月,東網馬經,明治朗,西門獨／諸葛數貼士,https://racing.on.cc/racing/fav/current/rjfavf0201x0.html,news,oncc
2026-10-06 06:44:46,2026-10-04,2,2,狼來了,東網馬經,明治朗,西門獨／諸葛數貼士,https://racing.on.cc/racing/fav/current/rjfavf0201x0.html,news,oncc
2026-10-06 06:44:46,2026-10-04,2,13,鋁主角,東網馬經,明治朗,西門獨／諸葛數貼士,https://racing.on.cc/racing/fav/current/rjfavf0201x0.html,news,oncc
2026-10-06 06:44:46,2026-10-04,2,11,潮流勇駒,東網馬經,明治朗,西門獨／諸葛數貼士,https://racing.on.cc/racing/fav/current/rjfavf0201x0.html,news,oncc
2026-10-06 06:44:46,2026-10-04,2,3,合夥智能,東網馬經,明治朗,西門獨／諸葛數貼士,https://racing.on.cc/racing/fav/current/rjfavf0201x0.html,news,oncc
2026-10-06 06:44:46,2026-10-04,3,7,滿心星,東網馬經,明治朗,西門獨／諸葛數貼士,https://racing.on.cc/racing/fav/current/rjfavf0201x0.html,news,oncc
2026-10-06 06:44:46,2026-10-04,3,8,將睿,東網馬經,明治朗,西門獨／諸葛數貼士,https://racing.on.cc/racing/fav/current/rjfavf0201x0.html,news,oncc
2026-10-06 06:44:46,2026-10-04,3,3,昇瀧駒,東網馬經,明治朗,西門獨／諸葛數貼士,https://racing.on.cc/racing/fav/current/rjfavf0201x0.html,news,oncc
2026-10-06 06:44:46,2026-10-04,3,2,精英雄心,東網馬經,明治朗,西門獨／諸葛數貼士,https://racing.on.cc/racing/fav/current/rjfavf0201x0.html,news,oncc
2026-10-06 06:44:46,2026-10-04,4,3,海鑽石,東網馬經,明治朗,西門獨／諸葛數貼士,https://racing.on.cc/racing/fav/current/rjfavf0201x0.html,news,oncc
2026-10-06 06:44:46,2026-10-04,4,8,文武全能,東網馬經,明治朗,西門獨／諸葛數貼士,https://racing.on.cc/racing/fav/current/rjfavf0201x0.html,news,oncc
2026-10-06 06:44:46,2026-10-04,4,13,巴閉佬,東網馬經,明治朗,西門獨／諸葛數貼士,https://racing.on.cc/racing/fav/current/rjfavf0201x0.html,news,oncc
2026-10-06 06:44:46,2026-10-04,4,7,海洋帝君,東網馬經,明治朗,西門獨／諸葛數貼士,https://racing.on.cc/racing/fav/current/rjfavf0201x0.html,news,oncc
2026-10-06 06:44:46,2026-10-04,5,7,超加加,東網馬經,明治朗,西門獨／諸葛數貼士,https://racing.on.cc/racing/fav/current/rjfavf0201x0.html,news,oncc
2026-10-06 06:44:46,2026-10-04,5,3,不同世界,東網馬經,明治朗,西門獨／諸葛數貼士,https://racing.on.cc/racing/fav/current/rjfavf0201x0.html,news,oncc
2026-10-06 06:44:46,2026-10-04,5,4,隨緣得勝,東網馬經,明治朗,西門獨／諸葛數貼士,https://racing.on.cc/racing/fav/current/rjfavf0201x0.html,news,oncc
2026-10-06 06:44:46,2026-10-04,5,8,風起雲湧,東網馬經,明治朗,西門獨／諸葛數貼士,https://racing.on.cc/racing/fav/current/rjfavf0201x0.html,news,oncc
2026-10-06 06:44:46,2026-10-04,6,2,手機錶能,東網馬經,明治朗,西門獨／諸葛數貼士,https://racing.on.cc/racing/fav/current/rjfavf0201x0.html,news,oncc
2026-10-06 06:44:46,2026-10-04,6,3,心雄雄,東網馬經,明治朗,西門獨／諸葛數貼士,https://racing.on.cc/racing/fav/current/rjfavf0201x0.html,news,oncc
2026-10-06 06:44:46,2026-10-04,6,5,,東網馬經,明治朗,西門獨／諸葛數貼士,https://racing.on.cc/racing/fav/current/rjfavf0201x0.html,news,oncc
2026-10-06 06:44:46,2026-10-04,6,6,紅衣醒目,東網馬經,明治朗,西門獨／諸葛數貼士,https://racing.on.cc/racing/fav/current/rjfavf0201x0.html,news,oncc
2026-10-06 06:44:46,2026-10-04,7,9,你知我寶,東網馬經,明治朗,西門獨／諸葛數貼士,https://racing.on.cc/racing/fav/current/rjfavf0201x0.html,news,oncc
2026-10-06 06:44:46,2026-10-04,7,14,飛躍成就,東網馬經,明治朗,西門獨／諸葛數貼士,https://racing.on.cc/racing/fav/current/rjfavf0201x0.html,news,oncc
2026-10-06 06:44:46,2026-10-04,7,3,愛馬心,東網馬經,明治朗,西門獨／諸葛數貼士,https://racing.on.cc/racing/fav/current/rjfavf0201x0.html,news,oncc
2026-10-06 06:44:46,2026-10-04,7,2,加州熱浪,東網馬經,明治朗,西門獨／諸葛數貼士,https://racing.on.cc/racing/fav/current/rjfavf0201x0.html,news,oncc
2026-10-06 06:44:46,2026-10-04,8,3,千禧龍,東網馬經,明治朗,西門獨／諸葛數貼士,https://racing.on.cc/racing/fav/current/rjfavf0201x0.html,news,oncc
2026-10-06 06:44:46,2026-10-04,8,10,年年友福,東網馬經,明治朗,西門獨／諸葛數貼士,https://racing.on.cc/racing/fav/current/rjfavf0201x0.html,news,oncc
2026-10-06 06:44:46,2026-10-04,8,5,細水長流,東網馬經,明治朗,西門獨／諸葛數貼士,https://racing.on.cc/racing/fav/current/rjfavf0201x0.html,news,oncc
2026-10-06 06:44:46,2026-10-04,8,4,川河耀駒,東網馬經,明治朗,西門獨／諸葛數貼士,https://racing.on.cc/racing/fav/current/rjfavf0201x0.html,news,oncc
2026-10-06 06:44:46,2026-10-04,9,10,榮利雙收,東網馬經,明治朗,西門獨／諸葛數貼士,https://racing.on.cc/racing/fav/current/rjfavf0201x0.html,news,oncc
2026-10-06 06:44:46,2026-10-04,9,11,都靈福星,東網馬經,明治朗,西門獨／諸葛數貼士,https://racing.on.cc/racing/fav/current/rjfavf0201x0.html,news,oncc
2026-10-06 06:44:46,2026-10-04,9,12,量子力奇,東網馬經,明治朗,西門獨／諸葛數貼士,https://racing.on.cc/racing/fav/current/rjfavf0201x0.html,news,oncc
2026-10-06 06:44:46,2026-10-04,9,8,花開,東網馬經,明治朗,西門獨／諸葛數貼士,https://racing.on.cc/racing/fav/current/rjfavf0201x0.html,news,oncc
2026-10-06 06:44:46,2026-10-04,10,1,馬力,東網馬經,明治朗,西門獨／諸葛數貼士,https://racing.on.cc/racing/fav/current/rjfavf0201x0.html,news,oncc
2026-10-06 06:44:46,2026-10-04,10,13,幸運糖,東網馬經,明治朗,西門獨／諸葛數貼士,https://racing.on.cc/racing/fav/current/rjfavf0201x0.html,news,oncc
2026-10-06 06:44:46,2026-10-04,10,9,從化之星,東網馬經,明治朗,西門獨／諸葛數貼士,https://racing.on.cc/racing/fav/current/rjfavf0201x0.html,news,oncc
2026-10-06 06:44:46,2026-10-04,10,10,無敵好瑪,東網馬經,明治朗,西門獨／諸葛數貼士,https://racing.on.cc/racing/fav/current/rjfavf0201x0.html,news,oncc
2026-10-06 06:44:46,2026-10-04,11,2,實力股,東網馬經,明治朗,西門獨／諸葛數貼士,https://racing.on.cc/racing/fav/current/rjfavf0201x0.html,news,oncc
2026-10-06 06:44:46,2026-10-04,11,4,手機錶勁,東網馬經,明治朗,西門獨／諸葛數貼士,https://racing.on.cc/racing/fav/current/rjfavf0201x0.html,news,oncc
2026-10-06 06:44:46,2026-10-04,11,1,喜蓮勁感,東網馬經,明治朗,西門獨／諸葛數貼士,https://racing.on.cc/racing/fav/current/rjfavf0201x0.html,news,oncc
2026-10-06 06:44:46,2026-10-04,11,7,神鵰,東網馬經,明治朗,西門獨／諸葛數貼士,https://racing.on.cc/racing/fav/current/rjfavf0201x0.html,news,oncc
2026-10-06 06:44:46,2026-10-04,1,1,東方寶寶,東網馬經,兆文,西門獨／諸葛數貼士,https://racing.on.cc/racing/fav/current/rjfavf0201x0.html,news,oncc
2026-10-06 06:44:46,2026-10-04,1,2,光輝歲月,東網馬經,兆文,西門獨／諸葛數貼士,https://racing.on.cc/racing/fav/current/rjfavf0201x0.html,news,oncc
2026-10-06 06:44:46,2026-10-04,1,12,東方魅影,東網馬經,兆文,西門獨／諸葛數貼士,https://racing.on.cc/racing/fav/current/rjfavf0201x0.html,news,oncc
2026-10-06 06:44:46,2026-10-04,1,14,一鹿歡騰,東網馬經,兆文,西門獨／諸葛數貼士,https://racing.on.cc/racing/fav/current/rjfavf0201x0.html,news,oncc
2026-10-06 06:44:46,2026-10-04,2,13,鋁主角,東網馬經,兆文,西門獨／諸葛數貼士,https://racing.on.cc/racing/fav/current/rjfavf0201x0.html,news,oncc
2026-10-06 06:44:46,2026-10-04,2,11,潮流勇駒,東網馬經,兆文,西門獨／諸葛數貼士,https://racing.on.cc/racing/fav/current/rjfavf0201x0.html,news,oncc
2026-10-06 06:44:46,2026-10-04,2,2,狼來了,東網馬經,兆文,西門獨／諸葛數貼士,https://racing.on.cc/racing/fav/current/rjfavf0201x0.html,news,oncc
2026-10-06 06:44:46,2026-10-04,2,14,有你有我,東網馬經,兆文,西門獨／諸葛數貼士,https://racing.on.cc/racing/fav/current/rjfavf0201x0.html,news,oncc
2026-10-06 06:44:46,2026-10-04,3,2,精英雄心,東網馬經,兆文,西門獨／諸葛數貼士,https://racing.on.cc/racing/fav/current/rjfavf0201x0.html,news,oncc
2026-10-06 06:44:46,2026-10-04,3,1,禪勝輝煌,東網馬經,兆文,西門獨／諸葛數貼士,https://racing.on.cc/racing/fav/current/rjfavf0201x0.html,news,oncc
2026-10-06 06:44:46,2026-10-04,3,7,滿心星,東網馬經,兆文,西門獨／諸葛數貼士,https://racing.on.cc/racing/fav/current/rjfavf0201x0.html,news,oncc
2026-10-06 06:44:46,2026-10-04,3,3,昇瀧駒,東網馬經,兆文,西門獨／諸葛數貼士,https://racing.on.cc/racing/fav/current/rjfavf0201x0.html,news,oncc
2026-10-06 06:44:46,2026-10-04,4,8,文武全能,東網馬經,兆文,西門獨／諸葛數貼士,https://racing.on.cc/racing/fav/current/rjfavf0201x0.html,news,oncc
2026-10-06 06:44:46,2026-10-04,4,6,增旺,東網馬經,兆文,西門獨／諸葛數貼士,https://racing.on.cc/racing/fav/current/rjfavf0201x0.html,news,oncc
2026-10-06 06:44:46,2026-10-04,4,13,巴閉佬,東網馬經,兆文,西門獨／諸葛數貼士,https://racing.on.cc/racing/fav/current/rjfavf0201x0.html,news,oncc
2026-10-06 06:44:46,2026-10-04,4,14,紅旺繽紛,東網馬經,兆文,西門獨／諸葛數貼士,https://racing.on.cc/racing/fav/current/rjfavf0201x0.html,news,oncc
2026-10-06 06:44:46,2026-10-04,5,1,上浦福旺,東網馬經,兆文,西門獨／諸葛數貼士,https://racing.on.cc/racing/fav/current/rjfavf0201x0.html,news,oncc
2026-10-06 06:44:46,2026-10-04,5,8,風起雲湧,東網馬經,兆文,西門獨／諸葛數貼士,https://racing.on.cc/racing/fav/current/rjfavf0201x0.html,news,oncc
2026-10-06 06:44:46,2026-10-04,5,3,不同世界,東網馬經,兆文,西門獨／諸葛數貼士,https://racing.on.cc/racing/fav/current/rjfavf0201x0.html,news,oncc
2026-10-06 06:44:46,2026-10-04,5,7,超加加,東網馬經,兆文,西門獨／諸葛數貼士,https://racing.on.cc/racing/fav/current/rjfavf0201x0.html,news,oncc
2026-10-06 06:44:46,2026-10-04,6,2,手機錶能,東網馬經,兆文,西門獨／諸葛數貼士,https://racing.on.cc/racing/fav/current/rjfavf0201x0.html,news,oncc
2026-10-06 06:44:46,2026-10-04,6,3,心雄雄,東網馬經,兆文,西門獨／諸葛數貼士,https://racing.on.cc/racing/fav/current/rjfavf0201x0.html,news,oncc
2026-10-06 06:44:46,2026-10-04,6,8,喜駿昇星,東網馬經,兆文,西門獨／諸葛數貼士,https://racing.on.cc/racing/fav/current/rjfavf0201x0.html,news,oncc
2026-10-06 06:44:46,2026-10-04,6,9,盛勢威楓,東網馬經,兆文,西門獨／諸葛數貼士,https://racing.on.cc/racing/fav/current/rjfavf0201x0.html,news,oncc
2026-10-06 06:44:46,2026-10-04,7,5,澄心知遇,東網馬經,兆文,西門獨／諸葛數貼士,https://racing.on.cc/racing/fav/current/rjfavf0201x0.html,news,oncc
2026-10-06 06:44:46,2026-10-04,7,14,飛躍成就,東網馬經,兆文,西門獨／諸葛數貼士,https://racing.on.cc/racing/fav/current/rjfavf0201x0.html,news,oncc
2026-10-06 06:44:46,2026-10-04,7,3,愛馬心,東網馬經,兆文,西門獨／諸葛數貼士,https://racing.on.cc/racing/fav/current/rjfavf0201x0.html,news,oncc
2026-10-06 06:44:46,2026-10-04,7,2,加州熱浪,東網馬經,兆文,西門獨／諸葛數貼士,https://racing.on.cc/racing/fav/current/rjfavf0201x0.html,news,oncc
2026-10-06 06:44:46,2026-10-04,8,5,細水長流,東網馬經,兆文,西門獨／諸葛數貼士,https://racing.on.cc/racing/fav/current/rjfavf0201x0.html,news,oncc
2026-10-06 06:44:46,2026-10-04,8,4,川河耀駒,東網馬經,兆文,西門獨／諸葛數貼士,https://racing.on.cc/racing/fav/current/rjfavf0201x0.html,news,oncc
2026-10-06 06:44:46,2026-10-04,8,3,千禧龍,東網馬經,兆文,西門獨／諸葛數貼士,https://racing.on.cc/racing/fav/current/rjfavf0201x0.html,news,oncc
2026-10-06 06:44:46,2026-10-04,8,6,勁大威猛,東網馬經,兆文,西門獨／諸葛數貼士,https://racing.on.cc/racing/fav/current/rjfavf0201x0.html,news,oncc
2026-10-06 06:44:46,2026-10-04,9,4,富國兄弟,東網馬經,兆文,西門獨／諸葛數貼士,https://racing.on.cc/racing/fav/current/rjfavf0201x0.html,news,oncc
2026-10-06 06:44:46,2026-10-04,9,9,勁勇皇駒,東網馬經,兆文,西門獨／諸葛數貼士,https://racing.on.cc/racing/fav/current/rjfavf0201x0.html,news,oncc
2026-10-06 06:44:46,2026-10-04,9,8,花開,東網馬經,兆文,西門獨／諸葛數貼士,https://racing.on.cc/racing/fav/current/rjfavf0201x0.html,news,oncc
2026-10-06 06:44:46,2026-10-04,9,2,相映紅,東網馬經,兆文,西門獨／諸葛數貼士,https://racing.on.cc/racing/fav/current/rjfavf0201x0.html,news,oncc
2026-10-06 06:44:46,2026-10-04,10,10,無敵好瑪,東網馬經,兆文,西門獨／諸葛數貼士,https://racing.on.cc/racing/fav/current/rjfavf0201x0.html,news,oncc
2026-10-06 06:44:46,2026-10-04,10,9,從化之星,東網馬經,兆文,西門獨／諸葛數貼士,https://racing.on.cc/racing/fav/current/rjfavf0201x0.html,news,oncc
2026-10-06 06:44:46,2026-10-04,10,7,領航君子,東網馬經,兆文,西門獨／諸葛數貼士,https://racing.on.cc/racing/fav/current/rjfavf0201x0.html,news,oncc
2026-10-06 06:44:46,2026-10-04,10,3,精彩福星,東網馬經,兆文,西門獨／諸葛數貼士,https://racing.on.cc/racing/fav/current/rjfavf0201x0.html,news,oncc
2026-10-06 06:44:46,2026-10-04,11,2,實力股,東網馬經,兆文,西門獨／諸葛數貼士,https://racing.on.cc/racing/fav/current/rjfavf0201x0.html,news,oncc
2026-10-06 06:44:46,2026-10-04,11,1,喜蓮勁感,東網馬經,兆文,西門獨／諸葛數貼士,https://racing.on.cc/racing/fav/current/rjfavf0201x0.html,news,oncc
2026-10-06 06:44:46,2026-10-04,11,5,品德寶寶,東網馬經,兆文,西門獨／諸葛數貼士,https://racing.on.cc/racing/fav/current/rjfavf0201x0.html,news,oncc
2026-10-06 06:44:46,2026-10-04,11,8,國千金,東網馬經,兆文,西門獨／諸葛數貼士,https://racing.on.cc/racing/fav/current/rjfavf0201x0.html,news,oncc
2026-10-06 06:44:46,2026-10-04,1,4,神駒馬靈,東網馬經,東網馬經,東網馬經,https://racing.on.cc/racing/fav/current/rjfavf0301x0.html,news,oncc
2026-10-06 06:44:46,2026-10-04,1,12,東方魅影,東網馬經,東網馬經,東網馬經,https://racing.on.cc/racing/fav/current/rjfavf0301x0.html,news,oncc
2026-10-06 06:44:46,2026-10-04,1,1,東方寶寶,東網馬經,東網馬經,東網馬經,https://racing.on.cc/racing/fav/current/rjfavf0301x0.html,news,oncc
2026-10-06 06:44:46,2026-10-04,1,2,光輝歲月,東網馬經,東網馬經,東網馬經,https://racing.on.cc/racing/fav/current/rjfavf0301x0.html,news,oncc
2026-10-06 06:44:46,2026-10-04,2,14,有你有我,東網馬經,東網馬經,東網馬經,https://racing.on.cc/racing/fav/current/rjfavf0301x0.html,news,oncc
2026-10-06 06:44:46,2026-10-04,2,13,鋁主角,東網馬經,東網馬經,東網馬經,https://racing.on.cc/racing/fav/current/rjfavf0301x0.html,news,oncc
2026-10-06 06:44:46,2026-10-04,2,11,潮流勇駒,東網馬經,東網馬經,東網馬經,https://racing.on.cc/racing/fav/current/rjfavf0301x0.html,news,oncc
2026-10-06 06:44:46,2026-10-04,2,3,合夥智能,東網馬經,東網馬經,東網馬經,https://racing.on.cc/racing/fav/current/rjfavf0301x0.html,news,oncc
2026-10-06 06:44:46,2026-10-04,3,2,精英雄心,東網馬經,東網馬經,東網馬經,https://racing.on.cc/racing/fav/current/rjfavf0301x0.html,news,oncc
2026-10-06 06:44:46,2026-10-04,3,3,昇瀧駒,東網馬經,東網馬經,東網馬經,https://racing.on.cc/racing/fav/current/rjfavf0301x0.html,news,oncc
2026-10-06 06:44:46,2026-10-04,3,7,滿心星,東網馬經,東網馬經,東網馬經,https://racing.on.cc/racing/fav/current/rjfavf0301x0.html,news,oncc
2026-10-06 06:44:46,2026-10-04,3,8,將睿,東網馬經,東網馬經,東網馬經,https://racing.on.cc/racing/fav/current/rjfavf0301x0.html,news,oncc
2026-10-06 06:44:46,2026-10-04,4,6,增旺,東網馬經,東網馬經,東網馬經,https://racing.on.cc/racing/fav/current/rjfavf0301x0.html,news,oncc
2026-10-06 06:44:46,2026-10-04,4,5,明亮光輝,東網馬經,東網馬經,東網馬經,https://racing.on.cc/racing/fav/current/rjfavf0301x0.html,news,oncc
2026-10-06 06:44:46,2026-10-04,4,8,文武全能,東網馬經,東網馬經,東網馬經,https://racing.on.cc/racing/fav/current/rjfavf0301x0.html,news,oncc
2026-10-06 06:44:46,2026-10-04,4,13,巴閉佬,東網馬經,東網馬經,東網馬經,https://racing.on.cc/racing/fav/current/rjfavf0301x0.html,news,oncc
2026-10-06 06:44:46,2026-10-04,5,3,不同世界,東網馬經,東網馬經,東網馬經,https://racing.on.cc/racing/fav/current/rjfavf0301x0.html,news,oncc
2026-10-06 06:44:46,2026-10-04,5,4,隨緣得勝,東網馬經,東網馬經,東網馬經,https://racing.on.cc/racing/fav/current/rjfavf0301x0.html,news,oncc
2026-10-06 06:44:46,2026-10-04,5,8,風起雲湧,東網馬經,東網馬經,東網馬經,https://racing.on.cc/racing/fav/current/rjfavf0301x0.html,news,oncc
2026-10-06 06:44:46,2026-10-04,5,12,林寶精神,東網馬經,東網馬經,東網馬經,https://racing.on.cc/racing/fav/current/rjfavf0301x0.html,news,oncc
2026-10-06 06:44:46,2026-10-04,6,2,手機錶能,東網馬經,東網馬經,東網馬經,https://racing.on.cc/racing/fav/current/rjfavf0301x0.html,news,oncc
2026-10-06 06:44:46,2026-10-04,6,3,心雄雄,東網馬經,東網馬經,東網馬經,https://racing.on.cc/racing/fav/current/rjfavf0301x0.html,news,oncc
2026-10-06 06:44:46,2026-10-04,6,6,紅衣醒目,東網馬經,東網馬經,東網馬經,https://racing.on.cc/racing/fav/current/rjfavf0301x0.html,news,oncc
2026-10-06 06:44:46,2026-10-04,6,8,喜駿昇星,東網馬經,東網馬經,東網馬經,https://racing.on.cc/racing/fav/current/rjfavf0301x0.html,news,oncc
2026-10-06 06:44:46,2026-10-04,7,3,愛馬心,東網馬經,東網馬經,東網馬經,https://racing.on.cc/racing/fav/current/rjfavf0301x0.html,news,oncc
2026-10-06 06:44:46,2026-10-04,7,2,加州熱浪,東網馬經,東網馬經,東網馬經,https://racing.on.cc/racing/fav/current/rjfavf0301x0.html,news,oncc
2026-10-06 06:44:46,2026-10-04,7,8,金運齊來,東網馬經,東網馬經,東網馬經,https://racing.on.cc/racing/fav/current/rjfavf0301x0.html,news,oncc
2026-10-06 06:44:46,2026-10-04,7,14,飛躍成就,東網馬經,東網馬經,東網馬經,https://racing.on.cc/racing/fav/current/rjfavf0301x0.html,news,oncc
2026-10-06 06:44:46,2026-10-04,8,6,勁大威猛,東網馬經,東網馬經,東網馬經,https://racing.on.cc/racing/fav/current/rjfavf0301x0.html,news,oncc
2026-10-06 06:44:46,2026-10-04,8,3,千禧龍,東網馬經,東網馬經,東網馬經,https://racing.on.cc/racing/fav/current/rjfavf0301x0.html,news,oncc
2026-10-06 06:44:46,2026-10-04,8,5,細水長流,東網馬經,東網馬經,東網馬經,https://racing.on.cc/racing/fav/current/rjfavf0301x0.html,news,oncc
2026-10-06 06:44:46,2026-10-04,8,8,大回報,東網馬經,東網馬經,東網馬經,https://racing.on.cc/racing/fav/current/rjfavf0301x0.html,news,oncc
2026-10-06 06:44:46,2026-10-04,9,5,哪吒,東網馬經,東網馬經,東網馬經,https://racing.on.cc/racing/fav/current/rjfavf0301x0.html,news,oncc
2026-10-06 06:44:46,2026-10-04,9,8,花開,東網馬經,東網馬經,東網馬經,https://racing.on.cc/racing/fav/current/rjfavf0301x0.html,news,oncc
2026-10-06 06:44:46,2026-10-04,9,11,都靈福星,東網馬經,東網馬經,東網馬經,https://racing.on.cc/racing/fav/current/rjfavf0301x0.html,news,oncc
2026-10-06 06:44:46,2026-10-04,9,10,榮利雙收,東網馬經,東網馬經,東網馬經,https://racing.on.cc/racing/fav/current/rjfavf0301x0.html,news,oncc
2026-10-06 06:44:46,2026-10-04,10,2,星運傳奇,東網馬經,東網馬經,東網馬經,https://racing.on.cc/racing/fav/current/rjfavf0301x0.html,news,oncc
2026-10-06 06:44:46,2026-10-04,10,1,馬力,東網馬經,東網馬經,東網馬經,https://racing.on.cc/racing/fav/current/rjfavf0301x0.html,news,oncc
2026-10-06 06:44:46,2026-10-04,10,3,精彩福星,東網馬經,東網馬經,東網馬經,https://racing.on.cc/racing/fav/current/rjfavf0301x0.html,news,oncc
2026-10-06 06:44:46,2026-10-04,10,10,無敵好瑪,東網馬經,東網馬經,東網馬經,https://racing.on.cc/racing/fav/current/rjfavf0301x0.html,news,oncc
2026-10-06 06:44:46,2026-10-04,11,2,實力股,東網馬經,東網馬經,東網馬經,https://racing.on.cc/racing/fav/current/rjfavf0301x0.html,news,oncc
2026-10-06 06:44:46,2026-10-04,11,3,鑽石星空,東網馬經,東網馬經,東網馬經,https://racing.on.cc/racing/fav/current/rjfavf0301x0.html,news,oncc
2026-10-06 06:44:46,2026-10-04,11,4,手機錶勁,東網馬經,東網馬經,東網馬經,https://racing.on.cc/racing/fav/current/rjfavf0301x0.html,news,oncc
2026-10-06 06:44:46,2026-10-04,11,14,支付之父,東網馬經,東網馬經,東網馬經,https://racing.on.cc/racing/fav/current/rjfavf0301x0.html,news,oncc
2026-10-07 06:20:21,2026-10-07,5,,巴閉王,東網馬經,兆文,兆文專欄,https://racing.on.cc/racing/fav/current/rjfavi0101x0.html,news,oncc
2026-10-07 06:20:21,2026-10-07,5,,福進,東網馬經,兆文,兆文專欄,https://racing.on.cc/racing/fav/current/rjfavi0101x0.html,news,oncc
2026-10-07 06:20:21,2026-10-07,7,,觀眾之力,東網馬經,兆文,兆文專欄,https://racing.on.cc/racing/fav/current/rjfavi0101x0.html,news,oncc
2026-10-07 06:20:21,2026-10-07,7,,祝願,東網馬經,兆文,兆文專欄,https://racing.on.cc/racing/fav/current/rjfavi0101x0.html,news,oncc
2026-10-07 06:20:21,2026-10-07,7,,維港激流,東網馬經,兆文,兆文專欄,https://racing.on.cc/racing/fav/current/rjfavi0101x0.html,news,oncc
2026-10-07 06:20:21,2026-10-07,9,,星運少爵,東網馬經,兆文,兆文專欄,https://racing.on.cc/racing/fav/current/rjfavi0101x0.html,news,oncc
2026-10-07 17:39:30,2026-10-08,,,觀眾之力,星島頭條,甜甜小記,甜甜小記│黃婉曼愛馬「超乎想像」,https://www.stheadline.com/racing-tips/3623496/甜甜小記黃婉曼愛馬超乎想像,news,
2026-10-07 17:39:30,2026-10-08,,,跳出香港,星島頭條,甜甜小記,甜甜小記│黃婉曼愛馬「超乎想像」,https://www.stheadline.com/racing-tips/3623496/甜甜小記黃婉曼愛馬超乎想像,news,
2026-10-07 17:39:30,2026-10-08,,,薑餅人,星島頭條,甜甜小記,甜甜小記│黃婉曼愛馬「超乎想像」,https://www.stheadline.com/racing-tips/3623496/甜甜小記黃婉曼愛馬超乎想像,news,
2026-10-07 17:39:30,2026-10-08,,,飛雲,星島頭條,甜甜小記,甜甜小記│黃婉曼愛馬「超乎想像」,https://www.stheadline.com/racing-tips/3623496/甜甜小記黃婉曼愛馬超乎想像,news,
2026-10-07 17:39:30,2026-10-08,,,美麗傳承,星島頭條,甜甜小記,甜甜小記│黃婉曼愛馬「超乎想像」,https://www.stheadline.com/racing-tips/3623496/甜甜小記黃婉曼愛馬超乎想像,news,
2026-10-09 06:32:53,2026-10-07,4,10,準希望,東網馬經,卡洛斯,名家推介,https://racing.on.cc/racing/fav/current/rjfavg0001x0.html,news,oncc
2026-10-09 06:32:53,2026-10-07,4,2,深心星,東網馬經,卡洛斯,名家推介,https://racing.on.cc/racing/fav/current/rjfavg0001x0.html,news,oncc
2026-10-09 06:32:53,2026-10-07,4,9,奮鬥輝煌,東網馬經,卡洛斯,名家推介,https://racing.on.cc/racing/fav/current/rjfavg0001x0.html,news,oncc
2026-10-09 06:32:53,2026-10-07,4,8,超開心,東網馬經,卡洛斯,名家推介,https://racing.on.cc/racing/fav/current/rjfavg0001x0.html,news,oncc
2026-10-09 06:32:53,2026-10-07,8,1,一定超,東網馬經,卡洛斯,名家推介,https://racing.on.cc/racing/fav/current/rjfavg0001x0.html,news,oncc
2026-10-09 06:32:53,2026-10-07,8,2,幸運派彩,東網馬經,卡洛斯,名家推介,https://racing.on.cc/racing/fav/current/rjfavg0001x0.html,news,oncc
2026-10-09 06:32:53,2026-10-07,8,4,嘉應勇將,東網馬經,卡洛斯,名家推介,https://racing.on.cc/racing/fav/current/rjfavg0001x0.html,news,oncc
2026-10-09 06:32:53,2026-10-07,8,10,財富非凡,東網馬經,卡洛斯,名家推介,https://racing.on.cc/racing/fav/current/rjfavg0001x0.html,news,oncc
2026-10-09 06:32:53,2026-10-07,7,11,丞匡掠影,東網馬經,匡公,名家推介,https://racing.on.cc/racing/fav/current/rjfavg0001x0.html,news,oncc
2026-10-09 06:32:53,2026-10-07,7,5,觀眾之力,東網馬經,匡公,名家推介,https://racing.on.cc/racing/fav/current/rjfavg0001x0.html,news,oncc
2026-10-09 06:32:53,2026-10-07,7,2,東來欣賞,東網馬經,匡公,名家推介,https://racing.on.cc/racing/fav/current/rjfavg0001x0.html,news,oncc
2026-10-09 06:32:53,2026-10-07,7,9,朗日自強,東網馬經,匡公,名家推介,https://racing.on.cc/racing/fav/current/rjfavg0001x0.html,news,oncc
2026-10-09 06:32:53,2026-10-07,9,1,志滿同行,東網馬經,匡公,名家推介,https://racing.on.cc/racing/fav/current/rjfavg0001x0.html,news,oncc
2026-10-09 06:32:53,2026-10-07,9,9,烈焰光芒,東網馬經,匡公,名家推介,https://racing.on.cc/racing/fav/current/rjfavg0001x0.html,news,oncc
2026-10-09 06:32:53,2026-10-07,9,5,傑出雷霆,東網馬經,匡公,名家推介,https://racing.on.cc/racing/fav/current/rjfavg0001x0.html,news,oncc
2026-10-09 06:32:53,2026-10-07,9,2,馬達,東網馬經,匡公,名家推介,https://racing.on.cc/racing/fav/current/rjfavg0001x0.html,news,oncc
2026-10-09 06:32:53,2026-10-07,4,8,超開心,東網馬經,金駒,名家推介,https://racing.on.cc/racing/fav/current/rjfavg0001x0.html,news,oncc
2026-10-09 06:32:53,2026-10-07,4,11,焦點,東網馬經,金駒,名家推介,https://racing.on.cc/racing/fav/current/rjfavg0001x0.html,news,oncc
2026-10-09 06:32:53,2026-10-07,4,10,準希望,東網馬經,金駒,名家推介,https://racing.on.cc/racing/fav/current/rjfavg0001x0.html,news,oncc
2026-10-09 06:32:53,2026-10-07,4,2,深心星,東網馬經,金駒,名家推介,https://racing.on.cc/racing/fav/current/rjfavg0001x0.html,news,oncc
2026-10-09 06:32:53,2026-10-07,8,3,盈好威楓,東網馬經,金駒,名家推介,https://racing.on.cc/racing/fav/current/rjfavg0001x0.html,news,oncc
2026-10-09 06:32:53,2026-10-07,8,9,大千雄心,東網馬經,金駒,名家推介,https://racing.on.cc/racing/fav/current/rjfavg0001x0.html,news,oncc
2026-10-09 06:32:53,2026-10-07,8,11,開心三寶,東網馬經,金駒,名家推介,https://racing.on.cc/racing/fav/current/rjfavg0001x0.html,news,oncc
2026-10-09 06:32:53,2026-10-07,8,1,一定超,東網馬經,金駒,名家推介,https://racing.on.cc/racing/fav/current/rjfavg0001x0.html,news,oncc
2026-10-09 06:32:53,2026-10-07,2,6,千杯敬典,東網馬經,西門獨,名家推介,https://racing.on.cc/racing/fav/current/rjfavg0001x0.html,news,oncc
2026-10-09 06:32:53,2026-10-07,2,10,天下寵兒,東網馬經,西門獨,名家推介,https://racing.on.cc/racing/fav/current/rjfavg0001x0.html,news,oncc
2026-10-09 06:32:53,2026-10-07,2,2,幸運愉快,東網馬經,西門獨,名家推介,https://racing.on.cc/racing/fav/current/rjfavg0001x0.html,news,oncc
2026-10-09 06:32:53,2026-10-07,2,1,本領多好,東網馬經,西門獨,名家推介,https://racing.on.cc/racing/fav/current/rjfavg0001x0.html,news,oncc
2026-10-09 06:32:53,2026-10-07,5,4,巴閉王,東網馬經,西門獨,名家推介,https://racing.on.cc/racing/fav/current/rjfavg0001x0.html,news,oncc
2026-10-09 06:32:53,2026-10-07,5,8,佐治傳奇,東網馬經,西門獨,名家推介,https://racing.on.cc/racing/fav/current/rjfavg0001x0.html,news,oncc
2026-10-09 06:32:53,2026-10-07,5,6,美麗登場,東網馬經,西門獨,名家推介,https://racing.on.cc/racing/fav/current/rjfavg0001x0.html,news,oncc
2026-10-09 06:32:53,2026-10-07,5,9,赤兔再世,東網馬經,西門獨,名家推介,https://racing.on.cc/racing/fav/current/rjfavg0001x0.html,news,oncc
2026-10-09 06:32:53,2026-10-07,3,4,卓越蒨鋒,東網馬經,諸葛數,名家推介,https://racing.on.cc/racing/fav/current/rjfavg0001x0.html,news,oncc
2026-10-09 06:32:53,2026-10-07,3,6,有情有義,東網馬經,諸葛數,名家推介,https://racing.on.cc/racing/fav/current/rjfavg0001x0.html,news,oncc
2026-10-09 06:32:53,2026-10-07,3,10,康昌之星,東網馬經,諸葛數,名家推介,https://racing.on.cc/racing/fav/current/rjfavg0001x0.html,news,oncc
2026-10-09 06:32:53,2026-10-07,3,1,星願無限,東網馬經,諸葛數,名家推介,https://racing.on.cc/racing/fav/current/rjfavg0001x0.html,news,oncc
2026-10-09 06:32:53,2026-10-07,7,11,丞匡掠影,東網馬經,諸葛數,名家推介,https://racing.on.cc/racing/fav/current/rjfavg0001x0.html,news,oncc
2026-10-09 06:32:53,2026-10-07,7,2,東來欣賞,東網馬經,諸葛數,名家推介,https://racing.on.cc/racing/fav/current/rjfavg0001x0.html,news,oncc
2026-10-09 06:32:53,2026-10-07,7,1,晨曦儷人,東網馬經,諸葛數,名家推介,https://racing.on.cc/racing/fav/current/rjfavg0001x0.html,news,oncc
2026-10-09 06:32:53,2026-10-07,7,3,快活英雄,東網馬經,諸葛數,名家推介,https://racing.on.cc/racing/fav/current/rjfavg0001x0.html,news,oncc
2026-10-09 06:32:53,2026-10-07,5,8,佐治傳奇,東網馬經,長風,名家推介,https://racing.on.cc/racing/fav/current/rjfavg0001x0.html,news,oncc
2026-10-09 06:32:53,2026-10-07,5,4,巴閉王,東網馬經,長風,名家推介,https://racing.on.cc/racing/fav/current/rjfavg0001x0.html,news,oncc
2026-10-09 06:32:53,2026-10-07,5,1,鴻圖新星,東網馬經,長風,名家推介,https://racing.on.cc/racing/fav/current/rjfavg0001x0.html,news,oncc
2026-10-09 06:32:53,2026-10-07,5,9,赤兔再世,東網馬經,長風,名家推介,https://racing.on.cc/racing/fav/current/rjfavg0001x0.html,news,oncc
2026-10-09 06:32:53,2026-10-07,9,7,星運少爵,東網馬經,長風,名家推介,https://racing.on.cc/racing/fav/current/rjfavg0001x0.html,news,oncc
2026-10-09 06:32:53,2026-10-07,9,1,志滿同行,東網馬經,長風,名家推介,https://racing.on.cc/racing/fav/current/rjfavg0001x0.html,news,oncc
2026-10-09 06:32:53,2026-10-07,9,6,盈妍威楓,東網馬經,長風,名家推介,https://racing.on.cc/racing/fav/current/rjfavg0001x0.html,news,oncc
2026-10-09 06:32:53,2026-10-07,9,5,傑出雷霆,東網馬經,長風,名家推介,https://racing.on.cc/racing/fav/current/rjfavg0001x0.html,news,oncc
2026-10-09 06:32:53,2026-10-07,4,10,準希望,東網馬經,陳志懷,名家推介,https://racing.on.cc/racing/fav/current/rjfavg0001x0.html,news,oncc
2026-10-09 06:32:53,2026-10-07,4,8,超開心,東網馬經,陳志懷,名家推介,https://racing.on.cc/racing/fav/current/rjfavg0001x0.html,news,oncc
2026-10-09 06:32:53,2026-10-07,4,11,焦點,東網馬經,陳志懷,名家推介,https://racing.on.cc/racing/fav/current/rjfavg0001x0.html,news,oncc
2026-10-09 06:32:53,2026-10-07,4,4,先到先得,東網馬經,陳志懷,名家推介,https://racing.on.cc/racing/fav/current/rjfavg0001x0.html,news,oncc
2026-10-09 06:32:53,2026-10-07,5,11,杰遜仔,東網馬經,陳志懷,名家推介,https://racing.on.cc/racing/fav/current/rjfavg0001x0.html,news,oncc
2026-10-09 06:32:53,2026-10-07,5,1,鴻圖新星,東網馬經,陳志懷,名家推介,https://racing.on.cc/racing/fav/current/rjfavg0001x0.html,news,oncc
2026-10-09 06:32:53,2026-10-07,5,4,巴閉王,東網馬經,陳志懷,名家推介,https://racing.on.cc/racing/fav/current/rjfavg0001x0.html,news,oncc
2026-10-09 06:32:53,2026-10-07,5,5,銳目,東網馬經,陳志懷,名家推介,https://racing.on.cc/racing/fav/current/rjfavg0001x0.html,news,oncc
2026-10-09 06:32:53,2026-10-07,7,5,觀眾之力,東網馬經,明治朗,名家推介,https://racing.on.cc/racing/fav/current/rjfavg0001x0.html,news,oncc
2026-10-09 06:32:53,2026-10-07,7,2,東來欣賞,東網馬經,明治朗,名家推介,https://racing.on.cc/racing/fav/current/rjfavg0001x0.html,news,oncc
2026-10-09 06:32:53,2026-10-07,7,9,朗日自強,東網馬經,明治朗,名家推介,https://racing.on.cc/racing/fav/current/rjfavg0001x0.html,news,oncc
2026-10-09 06:32:53,2026-10-07,7,11,丞匡掠影,東網馬經,明治朗,名家推介,https://racing.on.cc/racing/fav/current/rjfavg0001x0.html,news,oncc
2026-10-09 06:32:53,2026-10-07,8,9,大千雄心,東網馬經,明治朗,名家推介,https://racing.on.cc/racing/fav/current/rjfavg0001x0.html,news,oncc
2026-10-09 06:32:53,2026-10-07,8,1,一定超,東網馬經,明治朗,名家推介,https://racing.on.cc/racing/fav/current/rjfavg0001x0.html,news,oncc
2026-10-09 06:32:53,2026-10-07,8,2,幸運派彩,東網馬經,明治朗,名家推介,https://racing.on.cc/racing/fav/current/rjfavg0001x0.html,news,oncc
2026-10-09 06:32:53,2026-10-07,8,12,太子,東網馬經,明治朗,名家推介,https://racing.on.cc/racing/fav/current/rjfavg0001x0.html,news,oncc
2026-10-09 06:32:53,2026-10-07,5,3,友駿同心,東網馬經,內幕料,名家推介,https://racing.on.cc/racing/fav/current/rjfavg0001x0.html,news,oncc
2026-10-09 06:32:53,2026-10-07,5,4,巴閉王,東網馬經,內幕料,名家推介,https://racing.on.cc/racing/fav/current/rjfavg0001x0.html,news,oncc
2026-10-09 06:32:53,2026-10-07,5,7,,東網馬經,內幕料,名家推介,https://racing.on.cc/racing/fav/current/rjfavg0001x0.html,news,oncc
2026-10-09 06:32:53,2026-10-07,5,8,佐治傳奇,東網馬經,內幕料,名家推介,https://racing.on.cc/racing/fav/current/rjfavg0001x0.html,news,oncc
2026-10-09 06:32:53,2026-10-07,8,1,一定超,東網馬經,內幕料,名家推介,https://racing.on.cc/racing/fav/current/rjfavg0001x0.html,news,oncc
2026-10-09 06:32:53,2026-10-07,8,2,幸運派彩,東網馬經,內幕料,名家推介,https://racing.on.cc/racing/fav/current/rjfavg0001x0.html,news,oncc
2026-10-09 06:32:53,2026-10-07,8,5,自動自覺,東網馬經,內幕料,名家推介,https://racing.on.cc/racing/fav/current/rjfavg0001x0.html,news,oncc
2026-10-09 06:32:53,2026-10-07,8,10,財富非凡,東網馬經,內幕料,名家推介,https://racing.on.cc/racing/fav/current/rjfavg0001x0.html,news,oncc
2026-10-09 06:32:53,2026-10-07,1,1,獎星,東網馬經,網中神,名家推介,https://racing.on.cc/racing/fav/current/rjfavg0001x0.html,news,oncc
2026-10-09 06:32:53,2026-10-07,1,3,鴻圖大展,東網馬經,網中神,名家推介,https://racing.on.cc/racing/fav/current/rjfavg0001x0.html,news,oncc
2026-10-09 06:32:53,2026-10-07,1,4,竣誠駒,東網馬經,網中神,名家推介,https://racing.on.cc/racing/fav/current/rjfavg0001x0.html,news,oncc
2026-10-09 06:32:53,2026-10-07,1,6,競駿勇士,東網馬經,網中神,名家推介,https://racing.on.cc/racing/fav/current/rjfavg0001x0.html,news,oncc
2026-10-09 06:32:53,2026-10-07,9,1,志滿同行,東網馬經,網中神,名家推介,https://racing.on.cc/racing/fav/current/rjfavg0001x0.html,news,oncc
2026-10-09 06:32:53,2026-10-07,9,6,盈妍威楓,東網馬經,網中神,名家推介,https://racing.on.cc/racing/fav/current/rjfavg0001x0.html,news,oncc
2026-10-09 06:32:53,2026-10-07,9,7,星運少爵,東網馬經,網中神,名家推介,https://racing.on.cc/racing/fav/current/rjfavg0001x0.html,news,oncc
2026-10-09 06:32:53,2026-10-07,9,9,烈焰光芒,東網馬經,網中神,名家推介,https://racing.on.cc/racing/fav/current/rjfavg0001x0.html,news,oncc
2026-10-09 06:32:53,2026-10-07,4,1,爆笑,東網馬經,洛飛,名家推介,https://racing.on.cc/racing/fav/current/rjfavg0001x0.html,news,oncc
2026-10-09 06:32:53,2026-10-07,4,3,紅海勁,東網馬經,洛飛,名家推介,https://racing.on.cc/racing/fav/current/rjfavg0001x0.html,news,oncc
2026-10-09 06:32:53,2026-10-07,4,7,妙算強人,東網馬經,洛飛,名家推介,https://racing.on.cc/racing/fav/current/rjfavg0001x0.html,news,oncc
2026-10-09 06:32:53,2026-10-07,4,10,準希望,東網馬經,洛飛,名家推介,https://racing.on.cc/racing/fav/current/rjfavg0001x0.html,news,oncc
2026-10-09 06:32:53,2026-10-07,6,2,龍虎精神,東網馬經,洛飛,名家推介,https://racing.on.cc/racing/fav/current/rjfavg0001x0.html,news,oncc
2026-10-09 06:32:53,2026-10-07,6,4,銳不可當,東網馬經,洛飛,名家推介,https://racing.on.cc/racing/fav/current/rjfavg0001x0.html,news,oncc
2026-10-09 06:32:53,2026-10-07,6,7,文采風流,東網馬經,洛飛,名家推介,https://racing.on.cc/racing/fav/current/rjfavg0001x0.html,news,oncc
2026-10-09 06:32:53,2026-10-07,6,9,後無來者,東網馬經,洛飛,名家推介,https://racing.on.cc/racing/fav/current/rjfavg0001x0.html,news,oncc
2026-10-09 06:32:53,2026-10-07,2,6,千杯敬典,東網馬經,西門獨,西門獨貼士,https://racing.on.cc/racing/fav/current/rjfavf0101x0.html,news,oncc
2026-10-09 06:32:53,2026-10-07,2,10,天下寵兒,東網馬經,西門獨,西門獨貼士,https://racing.on.cc/racing/fav/current/rjfavf0101x0.html,news,oncc
2026-10-09 06:32:53,2026-10-07,2,2,幸運愉快,東網馬經,西門獨,西門獨貼士,https://racing.on.cc/racing/fav/current/rjfavf0101x0.html,news,oncc
2026-10-09 06:32:53,2026-10-07,2,1,本領多好,東網馬經,西門獨,西門獨貼士,https://racing.on.cc/racing/fav/current/rjfavf0101x0.html,news,oncc
2026-10-09 06:32:53,2026-10-07,2,8,勝利君子,東網馬經,西門獨,西門獨貼士,https://racing.on.cc/racing/fav/current/rjfavf0101x0.html,news,oncc
2026-10-09 06:32:53,2026-10-07,3,8,金駒永騰,東網馬經,西門獨,西門獨貼士,https://racing.on.cc/racing/fav/current/rjfavf0101x0.html,news,oncc
2026-10-09 06:32:53,2026-10-07,3,6,有情有義,東網馬經,西門獨,西門獨貼士,https://racing.on.cc/racing/fav/current/rjfavf0101x0.html,news,oncc
2026-10-09 06:32:53,2026-10-07,3,4,卓越蒨鋒,東網馬經,西門獨,西門獨貼士,https://racing.on.cc/racing/fav/current/rjfavf0101x0.html,news,oncc
2026-10-09 06:32:53,2026-10-07,3,3,大文豪,東網馬經,西門獨,西門獨貼士,https://racing.on.cc/racing/fav/current/rjfavf0101x0.html,news,oncc
2026-10-09 06:32:53,2026-10-07,3,1,星願無限,東網馬經,西門獨,西門獨貼士,https://racing.on.cc/racing/fav/current/rjfavf0101x0.html,news,oncc
2026-10-09 06:32:53,2026-10-07,4,3,紅海勁,東網馬經,西門獨,西門獨貼士,https://racing.on.cc/racing/fav/current/rjfavf0101x0.html,news,oncc
2026-10-09 06:32:53,2026-10-07,4,8,超開心,東網馬經,西門獨,西門獨貼士,https://racing.on.cc/racing/fav/current/rjfavf0101x0.html,news,oncc
2026-10-09 06:32:53,2026-10-07,4,2,深心星,東網馬經,西門獨,西門獨貼士,https://racing.on.cc/racing/fav/current/rjfavf0101x0.html,news,oncc
2026-10-09 06:32:53,2026-10-07,4,12,瑞祺威楓,東網馬經,西門獨,西門獨貼士,https://racing.on.cc/racing/fav/current/rjfavf0101x0.html,news,oncc
2026-10-09 06:32:53,2026-10-07,4,10,準希望,東網馬經,西門獨,西門獨貼士,https://racing.on.cc/racing/fav/current/rjfavf0101x0.html,news,oncc
2026-10-09 06:32:53,2026-10-07,5,8,佐治傳奇,東網馬經,西門獨,西門獨貼士,https://racing.on.cc/racing/fav/current/rjfavf0101x0.html,news,oncc
2026-10-09 06:32:53,2026-10-07,5,4,巴閉王,東網馬經,西門獨,西門獨貼士,https://racing.on.cc/racing/fav/current/rjfavf0101x0.html,news,oncc
2026-10-09 06:32:53,2026-10-07,5,6,美麗登場,東網馬經,西門獨,西門獨貼士,https://racing.on.cc/racing/fav/current/rjfavf0101x0.html,news,oncc
2026-10-09 06:32:53,2026-10-07,5,9,赤兔再世,東網馬經,西門獨,西門獨貼士,https://racing.on.cc/racing/fav/current/rjfavf0101x0.html,news,oncc
2026-10-09 06:32:53,2026-10-07,5,7,,東網馬經,西門獨,西門獨貼士,https://racing.on.cc/racing/fav/current/rjfavf0101x0.html,news,oncc
2026-10-09 06:32:53,2026-10-07,6,10,頑童,東網馬經,西門獨,西門獨貼士,https://racing.on.cc/racing/fav/current/rjfavf0101x0.html,news,oncc
2026-10-09 06:32:53,2026-10-07,6,9,後無來者,東網馬經,西門獨,西門獨貼士,https://racing.on.cc/racing/fav/current/rjfavf0101x0.html,news,oncc
2026-10-09 06:32:53,2026-10-07,6,7,文采風流,東網馬經,西門獨,西門獨貼士,https://racing.on.cc/racing/fav/current/rjfavf0101x0.html,news,oncc
2026-10-09 06:32:53,2026-10-07,6,2,龍虎精神,東網馬經,西門獨,西門獨貼士,https://racing.on.cc/racing/fav/current/rjfavf0101x0.html,news,oncc
2026-10-09 06:32:53,2026-10-07,6,4,銳不可當,東網馬經,西門獨,西門獨貼士,https://racing.on.cc/racing/fav/current/rjfavf0101x0.html,news,oncc
2026-10-09 06:32:53,2026-10-07,7,10,天馬行雲,東網馬經,西門獨,西門獨貼士,https://racing.on.cc/racing/fav/current/rjfavf0101x0.html,news,oncc
2026-10-09 06:32:53,2026-10-07,7,1,晨曦儷人,東網馬經,西門獨,西門獨貼士,https://racing.on.cc/racing/fav/current/rjfavf0101x0.html,news,oncc
2026-10-09 06:32:53,2026-10-07,7,11,丞匡掠影,東網馬經,西門獨,西門獨貼士,https://racing.on.cc/racing/fav/current/rjfavf0101x0.html,news,oncc
2026-10-09 06:32:53,2026-10-07,7,5,觀眾之力,東網馬經,西門獨,西門獨貼士,https://racing.on.cc/racing/fav/current/rjfavf0101x0.html,news,oncc
2026-10-09 06:32:53,2026-10-07,7,4,幸運星球,東網馬經,西門獨,西門獨貼士,https://racing.on.cc/racing/fav/current/rjfavf0101x0.html,news,oncc
2026-10-09 06:32:53,2026-10-07,8,2,幸運派彩,東網馬經,西門獨,西門獨貼士,https://racing.on.cc/racing/fav/current/rjfavf0101x0.html,news,oncc
2026-10-09 06:32:53,2026-10-07,8,1,一定超,東網馬經,西門獨,西門獨貼士,https://racing.on.cc/racing/fav/current/rjfavf0101x0.html,news,oncc
2026-10-09 06:32:53,2026-10-07,8,6,傲視同群,東網馬經,西門獨,西門獨貼士,https://racing.on.cc/racing/fav/current/rjfavf0101x0.html,news,oncc
2026-10-09 06:32:53,2026-10-07,8,10,財富非凡,東網馬經,西門獨,西門獨貼士,https://racing.on.cc/racing/fav/current/rjfavf0101x0.html,news,oncc
2026-10-09 06:32:53,2026-10-07,8,11,開心三寶,東網馬經,西門獨,西門獨貼士,https://racing.on.cc/racing/fav/current/rjfavf0101x0.html,news,oncc
2026-10-09 06:32:53,2026-10-07,9,6,盈妍威楓,東網馬經,西門獨,西門獨貼士,https://racing.on.cc/racing/fav/current/rjfavf0101x0.html,news,oncc
2026-10-09 06:32:53,2026-10-07,9,7,星運少爵,東網馬經,西門獨,西門獨貼士,https://racing.on.cc/racing/fav/current/rjfavf0101x0.html,news,oncc
2026-10-09 06:32:53,2026-10-07,9,1,志滿同行,東網馬經,西門獨,西門獨貼士,https://racing.on.cc/racing/fav/current/rjfavf0101x0.html,news,oncc
2026-10-09 06:32:53,2026-10-07,9,9,烈焰光芒,東網馬經,西門獨,西門獨貼士,https://racing.on.cc/racing/fav/current/rjfavf0101x0.html,news,oncc
2026-10-09 06:32:53,2026-10-07,9,5,傑出雷霆,東網馬經,西門獨,西門獨貼士,https://racing.on.cc/racing/fav/current/rjfavf0101x0.html,news,oncc
2026-10-09 06:32:53,2026-10-07,2,2,幸運愉快,東網馬經,諸葛數,西門獨貼士,https://racing.on.cc/racing/fav/current/rjfavf0101x0.html,news,oncc
2026-10-09 06:32:53,2026-10-07,2,4,紅錢到,東網馬經,諸葛數,西門獨貼士,https://racing.on.cc/racing/fav/current/rjfavf0101x0.html,news,oncc
2026-10-09 06:32:53,2026-10-07,2,5,環球英雄,東網馬經,諸葛數,西門獨貼士,https://racing.on.cc/racing/fav/current/rjfavf0101x0.html,news,oncc
2026-10-09 06:32:53,2026-10-07,2,10,天下寵兒,東網馬經,諸葛數,西門獨貼士,https://racing.on.cc/racing/fav/current/rjfavf0101x0.html,news,oncc
2026-10-09 06:32:53,2026-10-07,2,1,本領多好,東網馬經,諸葛數,西門獨貼士,https://racing.on.cc/racing/fav/current/rjfavf0101x0.html,news,oncc
2026-10-09 06:32:53,2026-10-07,3,1,星願無限,東網馬經,諸葛數,西門獨貼士,https://racing.on.cc/racing/fav/current/rjfavf0101x0.html,news,oncc
2026-10-09 06:32:53,2026-10-07,3,2,佳登,東網馬經,諸葛數,西門獨貼士,https://racing.on.cc/racing/fav/current/rjfavf0101x0.html,news,oncc
2026-10-09 06:32:53,2026-10-07,3,4,卓越蒨鋒,東網馬經,諸葛數,西門獨貼士,https://racing.on.cc/racing/fav/current/rjfavf0101x0.html,news,oncc
2026-10-09 06:32:53,2026-10-07,3,6,有情有義,東網馬經,諸葛數,西門獨貼士,https://racing.on.cc/racing/fav/current/rjfavf0101x0.html,news,oncc
2026-10-09 06:32:53,2026-10-07,3,8,金駒永騰,東網馬經,諸葛數,西門獨貼士,https://racing.on.cc/racing/fav/current/rjfavf0101x0.html,news,oncc
2026-10-09 06:32:53,2026-10-07,4,1,爆笑,東網馬經,諸葛數,西門獨貼士,https://racing.on.cc/racing/fav/current/rjfavf0101x0.html,news,oncc
2026-10-09 06:32:53,2026-10-07,4,2,深心星,東網馬經,諸葛數,西門獨貼士,https://racing.on.cc/racing/fav/current/rjfavf0101x0.html,news,oncc
2026-10-09 06:32:53,2026-10-07,4,3,紅海勁,東網馬經,諸葛數,西門獨貼士,https://racing.on.cc/racing/fav/current/rjfavf0101x0.html,news,oncc
2026-10-09 06:32:53,2026-10-07,4,10,準希望,東網馬經,諸葛數,西門獨貼士,https://racing.on.cc/racing/fav/current/rjfavf0101x0.html,news,oncc
2026-10-09 06:32:53,2026-10-07,4,9,奮鬥輝煌,東網馬經,諸葛數,西門獨貼士,https://racing.on.cc/racing/fav/current/rjfavf0101x0.html,news,oncc
2026-10-09 06:32:53,2026-10-07,5,12,馬運高,東網馬經,諸葛數,西門獨貼士,https://racing.on.cc/racing/fav/current/rjfavf0101x0.html,news,oncc
2026-10-09 06:32:53,2026-10-07,5,4,巴閉王,東網馬經,諸葛數,西門獨貼士,https://racing.on.cc/racing/fav/current/rjfavf0101x0.html,news,oncc
2026-10-09 06:32:53,2026-10-07,5,1,鴻圖新星,東網馬經,諸葛數,西門獨貼士,https://racing.on.cc/racing/fav/current/rjfavf0101x0.html,news,oncc
2026-10-09 06:32:53,2026-10-07,5,8,佐治傳奇,東網馬經,諸葛數,西門獨貼士,https://racing.on.cc/racing/fav/current/rjfavf0101x0.html,news,oncc
2026-10-09 06:32:53,2026-10-07,5,2,長勝金剛,東網馬經,諸葛數,西門獨貼士,https://racing.on.cc/racing/fav/current/rjfavf0101x0.html,news,oncc
2026-10-09 06:32:53,2026-10-07,6,10,頑童,東網馬經,諸葛數,西門獨貼士,https://racing.on.cc/racing/fav/current/rjfavf0101x0.html,news,oncc
2026-10-09 06:32:53,2026-10-07,6,1,添開心,東網馬經,諸葛數,西門獨貼士,https://racing.on.cc/racing/fav/current/rjfavf0101x0.html,news,oncc
2026-10-09 06:32:53,2026-10-07,6,2,龍虎精神,東網馬經,諸葛數,西門獨貼士,https://racing.on.cc/racing/fav/current/rjfavf0101x0.html,news,oncc
2026-10-09 06:32:53,2026-10-07,6,5,加州勇勝,東網馬經,諸葛數,西門獨貼士,https://racing.on.cc/racing/fav/current/rjfavf0101x0.html,news,oncc
2026-10-09 06:32:53,2026-10-07,6,8,萬眾開心,東網馬經,諸葛數,西門獨貼士,https://racing.on.cc/racing/fav/current/rjfavf0101x0.html,news,oncc
2026-10-09 06:32:53,2026-10-07,7,11,丞匡掠影,東網馬經,諸葛數,西門獨貼士,https://racing.on.cc/racing/fav/current/rjfavf0101x0.html,news,oncc
2026-10-09 06:32:53,2026-10-07,7,1,晨曦儷人,東網馬經,諸葛數,西門獨貼士,https://racing.on.cc/racing/fav/current/rjfavf0101x0.html,news,oncc
2026-10-09 06:32:53,2026-10-07,7,5,觀眾之力,東網馬經,諸葛數,西門獨貼士,https://racing.on.cc/racing/fav/current/rjfavf0101x0.html,news,oncc
2026-10-09 06:32:53,2026-10-07,7,3,快活英雄,東網馬經,諸葛數,西門獨貼士,https://racing.on.cc/racing/fav/current/rjfavf0101x0.html,news,oncc
2026-10-09 06:32:53,2026-10-07,7,2,東來欣賞,東網馬經,諸葛數,西門獨貼士,https://racing.on.cc/racing/fav/current/rjfavf0101x0.html,news,oncc
2026-10-09 06:32:53,2026-10-07,8,1,一定超,東網馬經,諸葛數,西門獨貼士,https://racing.on.cc/racing/fav/current/rjfavf0101x0.html,news,oncc
2026-10-09 06:32:53,2026-10-07,8,2,幸運派彩,東網馬經,諸葛數,西門獨貼士,https://racing.on.cc/racing/fav/current/rjfavf0101x0.html,news,oncc
2026-10-09 06:32:53,2026-10-07,8,3,盈好威楓,東網馬經,諸葛數,西門獨貼士,https://racing.on.cc/racing/fav/current/rjfavf0101x0.html,news,oncc
2026-10-09 06:32:53,2026-10-07,8,10,財富非凡,東網馬經,諸葛數,西門獨貼士,https://racing.on.cc/racing/fav/current/rjfavf0101x0.html,news,oncc
2026-10-09 06:32:53,2026-10-07,8,12,太子,東網馬經,諸葛數,西門獨貼士,https://racing.on.cc/racing/fav/current/rjfavf0101x0.html,news,oncc
2026-10-09 06:32:53,2026-10-07,9,6,盈妍威楓,東網馬經,諸葛數,西門獨貼士,https://racing.on.cc/racing/fav/current/rjfavf0101x0.html,news,oncc
2026-10-09 06:32:53,2026-10-07,9,3,得道猴王,東網馬經,諸葛數,西門獨貼士,https://racing.on.cc/racing/fav/current/rjfavf0101x0.html,news,oncc
2026-10-09 06:32:53,2026-10-07,9,5,傑出雷霆,東網馬經,諸葛數,西門獨貼士,https://racing.on.cc/racing/fav/current/rjfavf0101x0.html,news,oncc
2026-10-09 06:32:53,2026-10-07,9,1,志滿同行,東網馬經,諸葛數,西門獨貼士,https://racing.on.cc/racing/fav/current/rjfavf0101x0.html,news,oncc
2026-10-09 06:32:53,2026-10-07,9,7,星運少爵,東網馬經,諸葛數,西門獨貼士,https://racing.on.cc/racing/fav/current/rjfavf0101x0.html,news,oncc
2026-10-09 06:32:53,2026-10-07,2,10,天下寵兒,東網馬經,陳志懷,西門獨貼士,https://racing.on.cc/racing/fav/current/rjfavf0101x0.html,news,oncc
2026-10-09 06:32:53,2026-10-07,2,2,幸運愉快,東網馬經,陳志懷,西門獨貼士,https://racing.on.cc/racing/fav/current/rjfavf0101x0.html,news,oncc
2026-10-09 06:32:53,2026-10-07,2,6,千杯敬典,東網馬經,陳志懷,西門獨貼士,https://racing.on.cc/racing/fav/current/rjfavf0101x0.html,news,oncc
2026-10-09 06:32:53,2026-10-07,2,5,環球英雄,東網馬經,陳志懷,西門獨貼士,https://racing.on.cc/racing/fav/current/rjfavf0101x0.html,news,oncc
2026-10-09 06:32:53,2026-10-07,2,7,新力,東網馬經,陳志懷,西門獨貼士,https://racing.on.cc/racing/fav/current/rjfavf0101x0.html,news,oncc
2026-10-09 06:32:53,2026-10-07,3,6,有情有義,東網馬經,陳志懷,西門獨貼士,https://racing.on.cc/racing/fav/current/rjfavf0101x0.html,news,oncc
2026-10-09 06:32:53,2026-10-07,3,8,金駒永騰,東網馬經,陳志懷,西門獨貼士,https://racing.on.cc/racing/fav/current/rjfavf0101x0.html,news,oncc
2026-10-09 06:32:53,2026-10-07,3,4,卓越蒨鋒,東網馬經,陳志懷,西門獨貼士,https://racing.on.cc/racing/fav/current/rjfavf0101x0.html,news,oncc
2026-10-09 06:32:53,2026-10-07,3,5,牛精新星,東網馬經,陳志懷,西門獨貼士,https://racing.on.cc/racing/fav/current/rjfavf0101x0.html,news,oncc
2026-10-09 06:32:53,2026-10-07,3,10,康昌之星,東網馬經,陳志懷,西門獨貼士,https://racing.on.cc/racing/fav/current/rjfavf0101x0.html,news,oncc
2026-10-09 06:32:53,2026-10-07,4,10,準希望,東網馬經,陳志懷,西門獨貼士,https://racing.on.cc/racing/fav/current/rjfavf0101x0.html,news,oncc
2026-10-09 06:32:53,2026-10-07,4,8,超開心,東網馬經,陳志懷,西門獨貼士,https://racing.on.cc/racing/fav/current/rjfavf0101x0.html,news,oncc
2026-10-09 06:32:53,2026-10-07,4,11,焦點,東網馬經,陳志懷,西門獨貼士,https://racing.on.cc/racing/fav/current/rjfavf0101x0.html,news,oncc
2026-10-09 06:32:53,2026-10-07,4,4,先到先得,東網馬經,陳志懷,西門獨貼士,https://racing.on.cc/racing/fav/current/rjfavf0101x0.html,news,oncc
2026-10-09 06:32:53,2026-10-07,4,5,晉步贏,東網馬經,陳志懷,西門獨貼士,https://racing.on.cc/racing/fav/current/rjfavf0101x0.html,news,oncc
2026-10-09 06:32:53,2026-10-07,5,1,鴻圖新星,東網馬經,陳志懷,西門獨貼士,https://racing.on.cc/racing/fav/current/rjfavf0101x0.html,news,oncc
2026-10-09 06:32:53,2026-10-07,5,4,巴閉王,東網馬經,陳志懷,西門獨貼士,https://racing.on.cc/racing/fav/current/rjfavf0101x0.html,news,oncc
2026-10-09 06:32:53,2026-10-07,5,11,杰遜仔,東網馬經,陳志懷,西門獨貼士,https://racing.on.cc/racing/fav/current/rjfavf0101x0.html,news,oncc
2026-10-09 06:32:53,2026-10-07,5,5,銳目,東網馬經,陳志懷,西門獨貼士,https://racing.on.cc/racing/fav/current/rjfavf0101x0.html,news,oncc
2026-10-09 06:32:53,2026-10-07,5,8,佐治傳奇,東網馬經,陳志懷,西門獨貼士,https://racing.on.cc/racing/fav/current/rjfavf0101x0.html,news,oncc
2026-10-09 06:32:53,2026-10-07,6,10,頑童,東網馬經,陳志懷,西門獨貼士,https://racing.on.cc/racing/fav/current/rjfavf0101x0.html,news,oncc
2026-10-09 06:32:53,2026-10-07,6,3,星威心得,東網馬經,陳志懷,西門獨貼士,https://racing.on.cc/racing/fav/current/rjfavf0101x0.html,news,oncc
2026-10-09 06:32:53,2026-10-07,6,2,龍虎精神,東網馬經,陳志懷,西門獨貼士,https://racing.on.cc/racing/fav/current/rjfavf0101x0.html,news,oncc
2026-10-09 06:32:53,2026-10-07,6,5,加州勇勝,東網馬經,陳志懷,西門獨貼士,https://racing.on.cc/racing/fav/current/rjfavf0101x0.html,news,oncc
2026-10-09 06:32:53,2026-10-07,6,4,銳不可當,東網馬經,陳志懷,西門獨貼士,https://racing.on.cc/racing/fav/current/rjfavf0101x0.html,news,oncc
2026-10-09 06:32:53,2026-10-07,7,5,觀眾之力,東網馬經,陳志懷,西門獨貼士,https://racing.on.cc/racing/fav/current/rjfavf0101x0.html,news,oncc
2026-10-09 06:32:53,2026-10-07,7,2,東來欣賞,東網馬經,陳志懷,西門獨貼士,https://racing.on.cc/racing/fav/current/rjfavf0101x0.html,news,oncc
2026-10-09 06:32:53,2026-10-07,7,11,丞匡掠影,東網馬經,陳志懷,西門獨貼士,https://racing.on.cc/racing/fav/current/rjfavf0101x0.html,news,oncc
2026-10-09 06:32:53,2026-10-07,7,10,天馬行雲,東網馬經,陳志懷,西門獨貼士,https://racing.on.cc/racing/fav/current/rjfavf0101x0.html,news,oncc
2026-10-09 06:32:53,2026-10-07,7,8,關鍵所在,東網馬經,陳志懷,西門獨貼士,https://racing.on.cc/racing/fav/current/rjfavf0101x0.html,news,oncc
2026-10-09 06:32:53,2026-10-07,8,3,盈好威楓,東網馬經,陳志懷,西門獨貼士,https://racing.on.cc/racing/fav/current/rjfavf0101x0.html,news,oncc
2026-10-09 06:32:53,2026-10-07,8,2,幸運派彩,東網馬經,陳志懷,西門獨貼士,https://racing.on.cc/racing/fav/current/rjfavf0101x0.html,news,oncc
2026-10-09 06:32:53,2026-10-07,8,1,一定超,東網馬經,陳志懷,西門獨貼士,https://racing.on.cc/racing/fav/current/rjfavf0101x0.html,news,oncc
2026-10-09 06:32:53,2026-10-07,8,12,太子,東網馬經,陳志懷,西門獨貼士,https://racing.on.cc/racing/fav/current/rjfavf0101x0.html,news,oncc
2026-10-09 06:32:53,2026-10-07,8,10,財富非凡,東網馬經,陳志懷,西門獨貼士,https://racing.on.cc/racing/fav/current/rjfavf0101x0.html,news,oncc
2026-10-09 06:32:53,2026-10-07,9,7,星運少爵,東網馬經,陳志懷,西門獨貼士,https://racing.on.cc/racing/fav/current/rjfavf0101x0.html,news,oncc
2026-10-09 06:32:53,2026-10-07,9,6,盈妍威楓,東網馬經,陳志懷,西門獨貼士,https://racing.on.cc/racing/fav/current/rjfavf0101x0.html,news,oncc
2026-10-09 06:32:53,2026-10-07,9,1,志滿同行,東網馬經,陳志懷,西門獨貼士,https://racing.on.cc/racing/fav/current/rjfavf0101x0.html,news,oncc
2026-10-09 06:32:53,2026-10-07,9,5,傑出雷霆,東網馬經,陳志懷,西門獨貼士,https://racing.on.cc/racing/fav/current/rjfavf0101x0.html,news,oncc
2026-10-09 06:32:53,2026-10-07,9,12,勁駿騰飛,東網馬經,陳志懷,西門獨貼士,https://racing.on.cc/racing/fav/current/rjfavf0101x0.html,news,oncc
2026-10-09 06:32:53,2026-10-07,2,10,天下寵兒,東網馬經,明治朗,西門獨貼士,https://racing.on.cc/racing/fav/current/rjfavf0101x0.html,news,oncc
2026-10-09 06:32:53,2026-10-07,2,2,幸運愉快,東網馬經,明治朗,西門獨貼士,https://racing.on.cc/racing/fav/current/rjfavf0101x0.html,news,oncc
2026-10-09 06:32:53,2026-10-07,2,4,紅錢到,東網馬經,明治朗,西門獨貼士,https://racing.on.cc/racing/fav/current/rjfavf0101x0.html,news,oncc
2026-10-09 06:32:53,2026-10-07,2,12,智勝攻略,東網馬經,明治朗,西門獨貼士,https://racing.on.cc/racing/fav/current/rjfavf0101x0.html,news,oncc
2026-10-09 06:32:53,2026-10-07,2,1,本領多好,東網馬經,明治朗,西門獨貼士,https://racing.on.cc/racing/fav/current/rjfavf0101x0.html,news,oncc
2026-10-09 06:32:53,2026-10-07,3,10,康昌之星,東網馬經,明治朗,西門獨貼士,https://racing.on.cc/racing/fav/current/rjfavf0101x0.html,news,oncc
2026-10-09 06:32:53,2026-10-07,3,4,卓越蒨鋒,東網馬經,明治朗,西門獨貼士,https://racing.on.cc/racing/fav/current/rjfavf0101x0.html,news,oncc
2026-10-09 06:32:53,2026-10-07,3,1,星願無限,東網馬經,明治朗,西門獨貼士,https://racing.on.cc/racing/fav/current/rjfavf0101x0.html,news,oncc
2026-10-09 06:32:53,2026-10-07,3,8,金駒永騰,東網馬經,明治朗,西門獨貼士,https://racing.on.cc/racing/fav/current/rjfavf0101x0.html,news,oncc
2026-10-09 06:32:53,2026-10-07,3,6,有情有義,東網馬經,明治朗,西門獨貼士,https://racing.on.cc/racing/fav/current/rjfavf0101x0.html,news,oncc
2026-10-09 06:32:53,2026-10-07,4,8,超開心,東網馬經,明治朗,西門獨貼士,https://racing.on.cc/racing/fav/current/rjfavf0101x0.html,news,oncc
2026-10-09 06:32:53,2026-10-07,4,2,深心星,東網馬經,明治朗,西門獨貼士,https://racing.on.cc/racing/fav/current/rjfavf0101x0.html,news,oncc
2026-10-09 06:32:53,2026-10-07,4,10,準希望,東網馬經,明治朗,西門獨貼士,https://racing.on.cc/racing/fav/current/rjfavf0101x0.html,news,oncc
2026-10-09 06:32:53,2026-10-07,4,12,瑞祺威楓,東網馬經,明治朗,西門獨貼士,https://racing.on.cc/racing/fav/current/rjfavf0101x0.html,news,oncc
2026-10-09 06:32:53,2026-10-07,4,4,先到先得,東網馬經,明治朗,西門獨貼士,https://racing.on.cc/racing/fav/current/rjfavf0101x0.html,news,oncc
2026-10-09 06:32:53,2026-10-07,5,6,美麗登場,東網馬經,明治朗,西門獨貼士,https://racing.on.cc/racing/fav/current/rjfavf0101x0.html,news,oncc
2026-10-09 06:32:53,2026-10-07,5,4,巴閉王,東網馬經,明治朗,西門獨貼士,https://racing.on.cc/racing/fav/current/rjfavf0101x0.html,news,oncc
2026-10-09 06:32:53,2026-10-07,5,8,佐治傳奇,東網馬經,明治朗,西門獨貼士,https://racing.on.cc/racing/fav/current/rjfavf0101x0.html,news,oncc
2026-10-09 06:32:53,2026-10-07,5,5,銳目,東網馬經,明治朗,西門獨貼士,https://racing.on.cc/racing/fav/current/rjfavf0101x0.html,news,oncc
2026-10-09 06:32:53,2026-10-07,5,9,赤兔再世,東網馬經,明治朗,西門獨貼士,https://racing.on.cc/racing/fav/current/rjfavf0101x0.html,news,oncc
2026-10-09 06:32:53,2026-10-07,6,4,銳不可當,東網馬經,明治朗,西門獨貼士,https://racing.on.cc/racing/fav/current/rjfavf0101x0.html,news,oncc
2026-10-09 06:32:53,2026-10-07,6,7,文采風流,東網馬經,明治朗,西門獨貼士,https://racing.on.cc/racing/fav/current/rjfavf0101x0.html,news,oncc
2026-10-09 06:32:53,2026-10-07,6,10,頑童,東網馬經,明治朗,西門獨貼士,https://racing.on.cc/racing/fav/current/rjfavf0101x0.html,news,oncc
2026-10-09 06:32:53,2026-10-07,6,2,龍虎精神,東網馬經,明治朗,西門獨貼士,https://racing.on.cc/racing/fav/current/rjfavf0101x0.html,news,oncc
2026-10-09 06:32:53,2026-10-07,6,6,勝多多,東網馬經,明治朗,西門獨貼士,https://racing.on.cc/racing/fav/current/rjfavf0101x0.html,news,oncc
2026-10-09 06:32:53,2026-10-07,7,5,觀眾之力,東網馬經,明治朗,西門獨貼士,https://racing.on.cc/racing/fav/current/rjfavf0101x0.html,news,oncc
2026-10-09 06:32:53,2026-10-07,7,2,東來欣賞,東網馬經,明治朗,西門獨貼士,https://racing.on.cc/racing/fav/current/rjfavf0101x0.html,news,oncc
2026-10-09 06:32:53,2026-10-07,7,9,朗日自強,東網馬經,明治朗,西門獨貼士,https://racing.on.cc/racing/fav/current/rjfavf0101x0.html,news,oncc
2026-10-09 06:32:53,2026-10-07,7,11,丞匡掠影,東網馬經,明治朗,西門獨貼士,https://racing.on.cc/racing/fav/current/rjfavf0101x0.html,news,oncc
2026-10-09 06:32:53,2026-10-07,7,12,競駿非凡,東網馬經,明治朗,西門獨貼士,https://racing.on.cc/racing/fav/current/rjfavf0101x0.html,news,oncc
2026-10-09 06:32:53,2026-10-07,8,9,大千雄心,東網馬經,明治朗,西門獨貼士,https://racing.on.cc/racing/fav/current/rjfavf0101x0.html,news,oncc
2026-10-09 06:32:53,2026-10-07,8,1,一定超,東網馬經,明治朗,西門獨貼士,https://racing.on.cc/racing/fav/current/rjfavf0101x0.html,news,oncc
2026-10-09 06:32:53,2026-10-07,8,2,幸運派彩,東網馬經,明治朗,西門獨貼士,https://racing.on.cc/racing/fav/current/rjfavf0101x0.html,news,oncc
2026-10-09 06:32:53,2026-10-07,8,12,太子,東網馬經,明治朗,西門獨貼士,https://racing.on.cc/racing/fav/current/rjfavf0101x0.html,news,oncc
2026-10-09 06:32:53,2026-10-07,8,3,盈好威楓,東網馬經,明治朗,西門獨貼士,https://racing.on.cc/racing/fav/current/rjfavf0101x0.html,news,oncc
2026-10-09 06:32:53,2026-10-07,9,5,傑出雷霆,東網馬經,明治朗,西門獨貼士,https://racing.on.cc/racing/fav/current/rjfavf0101x0.html,news,oncc
2026-10-09 06:32:53,2026-10-07,9,1,志滿同行,東網馬經,明治朗,西門獨貼士,https://racing.on.cc/racing/fav/current/rjfavf0101x0.html,news,oncc
2026-10-09 06:32:53,2026-10-07,9,7,星運少爵,東網馬經,明治朗,西門獨貼士,https://racing.on.cc/racing/fav/current/rjfavf0101x0.html,news,oncc
2026-10-09 06:32:53,2026-10-07,9,2,馬達,東網馬經,明治朗,西門獨貼士,https://racing.on.cc/racing/fav/current/rjfavf0101x0.html,news,oncc
2026-10-09 06:32:53,2026-10-07,9,6,盈妍威楓,東網馬經,明治朗,西門獨貼士,https://racing.on.cc/racing/fav/current/rjfavf0101x0.html,news,oncc
2026-10-09 06:32:53,2026-10-07,2,2,幸運愉快,東網馬經,兆文,西門獨貼士,https://racing.on.cc/racing/fav/current/rjfavf0101x0.html,news,oncc
2026-10-09 06:32:53,2026-10-07,2,10,天下寵兒,東網馬經,兆文,西門獨貼士,https://racing.on.cc/racing/fav/current/rjfavf0101x0.html,news,oncc
2026-10-09 06:32:53,2026-10-07,2,4,紅錢到,東網馬經,兆文,西門獨貼士,https://racing.on.cc/racing/fav/current/rjfavf0101x0.html,news,oncc
2026-10-09 06:32:53,2026-10-07,2,5,環球英雄,東網馬經,兆文,西門獨貼士,https://racing.on.cc/racing/fav/current/rjfavf0101x0.html,news,oncc
2026-10-09 06:32:53,2026-10-07,2,8,勝利君子,東網馬經,兆文,西門獨貼士,https://racing.on.cc/racing/fav/current/rjfavf0101x0.html,news,oncc
2026-10-09 06:32:53,2026-10-07,3,8,金駒永騰,東網馬經,兆文,西門獨貼士,https://racing.on.cc/racing/fav/current/rjfavf0101x0.html,news,oncc
2026-10-09 06:32:53,2026-10-07,3,4,卓越蒨鋒,東網馬經,兆文,西門獨貼士,https://racing.on.cc/racing/fav/current/rjfavf0101x0.html,news,oncc
2026-10-09 06:32:53,2026-10-07,3,1,星願無限,東網馬經,兆文,西門獨貼士,https://racing.on.cc/racing/fav/current/rjfavf0101x0.html,news,oncc
2026-10-09 06:32:53,2026-10-07,3,6,有情有義,東網馬經,兆文,西門獨貼士,https://racing.on.cc/racing/fav/current/rjfavf0101x0.html,news,oncc
2026-10-09 06:32:53,2026-10-07,3,3,大文豪,東網馬經,兆文,西門獨貼士,https://racing.on.cc/racing/fav/current/rjfavf0101x0.html,news,oncc
2026-10-09 06:32:53,2026-10-07,4,10,準希望,東網馬經,兆文,西門獨貼士,https://racing.on.cc/racing/fav/current/rjfavf0101x0.html,news,oncc
2026-10-09 06:32:53,2026-10-07,4,8,超開心,東網馬經,兆文,西門獨貼士,https://racing.on.cc/racing/fav/current/rjfavf0101x0.html,news,oncc
2026-10-09 06:32:53,2026-10-07,4,2,深心星,東網馬經,兆文,西門獨貼士,https://racing.on.cc/racing/fav/current/rjfavf0101x0.html,news,oncc
2026-10-09 06:32:53,2026-10-07,4,1,爆笑,東網馬經,兆文,西門獨貼士,https://racing.on.cc/racing/fav/current/rjfavf0101x0.html,news,oncc
2026-10-09 06:32:53,2026-10-07,4,11,焦點,東網馬經,兆文,西門獨貼士,https://racing.on.cc/racing/fav/current/rjfavf0101x0.html,news,oncc
2026-10-09 06:32:53,2026-10-07,5,4,巴閉王,東網馬經,兆文,西門獨貼士,https://racing.on.cc/racing/fav/current/rjfavf0101x0.html,news,oncc
2026-10-09 06:32:53,2026-10-07,5,8,佐治傳奇,東網馬經,兆文,西門獨貼士,https://racing.on.cc/racing/fav/current/rjfavf0101x0.html,news,oncc
2026-10-09 06:32:53,2026-10-07,5,1,鴻圖新星,東網馬經,兆文,西門獨貼士,https://racing.on.cc/racing/fav/current/rjfavf0101x0.html,news,oncc
2026-10-09 06:32:53,2026-10-07,5,5,銳目,東網馬經,兆文,西門獨貼士,https://racing.on.cc/racing/fav/current/rjfavf0101x0.html,news,oncc
2026-10-09 06:32:53,2026-10-07,5,10,鋼鐵安防,東網馬經,兆文,西門獨貼士,https://racing.on.cc/racing/fav/current/rjfavf0101x0.html,news,oncc
2026-10-09 06:32:53,2026-10-07,6,9,後無來者,東網馬經,兆文,西門獨貼士,https://racing.on.cc/racing/fav/current/rjfavf0101x0.html,news,oncc
2026-10-09 06:32:53,2026-10-07,6,10,頑童,東網馬經,兆文,西門獨貼士,https://racing.on.cc/racing/fav/current/rjfavf0101x0.html,news,oncc
2026-10-09 06:32:53,2026-10-07,6,2,龍虎精神,東網馬經,兆文,西門獨貼士,https://racing.on.cc/racing/fav/current/rjfavf0101x0.html,news,oncc
2026-10-09 06:32:53,2026-10-07,6,5,加州勇勝,東網馬經,兆文,西門獨貼士,https://racing.on.cc/racing/fav/current/rjfavf0101x0.html,news,oncc
2026-10-09 06:32:53,2026-10-07,6,3,星威心得,東網馬經,兆文,西門獨貼士,https://racing.on.cc/racing/fav/current/rjfavf0101x0.html,news,oncc
2026-10-09 06:32:53,2026-10-07,7,5,觀眾之力,東網馬經,兆文,西門獨貼士,https://racing.on.cc/racing/fav/current/rjfavf0101x0.html,news,oncc
2026-10-09 06:32:53,2026-10-07,7,2,東來欣賞,東網馬經,兆文,西門獨貼士,https://racing.on.cc/racing/fav/current/rjfavf0101x0.html,news,oncc
2026-10-09 06:32:53,2026-10-07,7,11,丞匡掠影,東網馬經,兆文,西門獨貼士,https://racing.on.cc/racing/fav/current/rjfavf0101x0.html,news,oncc
2026-10-09 06:32:53,2026-10-07,7,7,耀寶,東網馬經,兆文,西門獨貼士,https://racing.on.cc/racing/fav/current/rjfavf0101x0.html,news,oncc
2026-10-09 06:32:53,2026-10-07,7,9,朗日自強,東網馬經,兆文,西門獨貼士,https://racing.on.cc/racing/fav/current/rjfavf0101x0.html,news,oncc
2026-10-09 06:32:53,2026-10-07,8,1,一定超,東網馬經,兆文,西門獨貼士,https://racing.on.cc/racing/fav/current/rjfavf0101x0.html,news,oncc
2026-10-09 06:32:53,2026-10-07,8,2,幸運派彩,東網馬經,兆文,西門獨貼士,https://racing.on.cc/racing/fav/current/rjfavf0101x0.html,news,oncc
2026-10-09 06:32:53,2026-10-07,8,10,財富非凡,東網馬經,兆文,西門獨貼士,https://racing.on.cc/racing/fav/current/rjfavf0101x0.html,news,oncc
2026-10-09 06:32:53,2026-10-07,8,5,自動自覺,東網馬經,兆文,西門獨貼士,https://racing.on.cc/racing/fav/current/rjfavf0101x0.html,news,oncc
2026-10-09 06:32:53,2026-10-07,8,12,太子,東網馬經,兆文,西門獨貼士,https://racing.on.cc/racing/fav/current/rjfavf0101x0.html,news,oncc
2026-10-09 06:32:53,2026-10-07,9,7,星運少爵,東網馬經,兆文,西門獨貼士,https://racing.on.cc/racing/fav/current/rjfavf0101x0.html,news,oncc
2026-10-09 06:32:53,2026-10-07,9,1,志滿同行,東網馬經,兆文,西門獨貼士,https://racing.on.cc/racing/fav/current/rjfavf0101x0.html,news,oncc
2026-10-09 06:32:53,2026-10-07,9,9,烈焰光芒,東網馬經,兆文,西門獨貼士,https://racing.on.cc/racing/fav/current/rjfavf0101x0.html,news,oncc
2026-10-09 06:32:53,2026-10-07,9,5,傑出雷霆,東網馬經,兆文,西門獨貼士,https://racing.on.cc/racing/fav/current/rjfavf0101x0.html,news,oncc
2026-10-09 06:32:53,2026-10-07,9,6,盈妍威楓,東網馬經,兆文,西門獨貼士,https://racing.on.cc/racing/fav/current/rjfavf0101x0.html,news,oncc
2026-10-09 06:32:53,2026-10-07,1,9,連連好運,東網馬經,西門獨,西門獨／諸葛數貼士,https://racing.on.cc/racing/fav/current/rjfavf0201x0.html,news,oncc
2026-10-09 06:32:53,2026-10-07,1,1,獎星,東網馬經,西門獨,西門獨／諸葛數貼士,https://racing.on.cc/racing/fav/current/rjfavf0201x0.html,news,oncc
2026-10-09 06:32:53,2026-10-07,1,3,鴻圖大展,東網馬經,西門獨,西門獨／諸葛數貼士,https://racing.on.cc/racing/fav/current/rjfavf0201x0.html,news,oncc
2026-10-09 06:32:53,2026-10-07,1,6,競駿勇士,東網馬經,西門獨,西門獨／諸葛數貼士,https://racing.on.cc/racing/fav/current/rjfavf0201x0.html,news,oncc
2026-10-09 06:32:53,2026-10-07,2,6,千杯敬典,東網馬經,西門獨,西門獨／諸葛數貼士,https://racing.on.cc/racing/fav/current/rjfavf0201x0.html,news,oncc
2026-10-09 06:32:53,2026-10-07,2,10,天下寵兒,東網馬經,西門獨,西門獨／諸葛數貼士,https://racing.on.cc/racing/fav/current/rjfavf0201x0.html,news,oncc
2026-10-09 06:32:53,2026-10-07,2,2,幸運愉快,東網馬經,西門獨,西門獨／諸葛數貼士,https://racing.on.cc/racing/fav/current/rjfavf0201x0.html,news,oncc
2026-10-09 06:32:53,2026-10-07,2,1,本領多好,東網馬經,西門獨,西門獨／諸葛數貼士,https://racing.on.cc/racing/fav/current/rjfavf0201x0.html,news,oncc
2026-10-09 06:32:53,2026-10-07,3,8,金駒永騰,東網馬經,西門獨,西門獨／諸葛數貼士,https://racing.on.cc/racing/fav/current/rjfavf0201x0.html,news,oncc
2026-10-09 06:32:53,2026-10-07,3,6,有情有義,東網馬經,西門獨,西門獨／諸葛數貼士,https://racing.on.cc/racing/fav/current/rjfavf0201x0.html,news,oncc
2026-10-09 06:32:53,2026-10-07,3,4,卓越蒨鋒,東網馬經,西門獨,西門獨／諸葛數貼士,https://racing.on.cc/racing/fav/current/rjfavf0201x0.html,news,oncc
2026-10-09 06:32:53,2026-10-07,3,3,大文豪,東網馬經,西門獨,西門獨／諸葛數貼士,https://racing.on.cc/racing/fav/current/rjfavf0201x0.html,news,oncc
2026-10-09 06:32:53,2026-10-07,4,3,紅海勁,東網馬經,西門獨,西門獨／諸葛數貼士,https://racing.on.cc/racing/fav/current/rjfavf0201x0.html,news,oncc
2026-10-09 06:32:53,2026-10-07,4,8,超開心,東網馬經,西門獨,西門獨／諸葛數貼士,https://racing.on.cc/racing/fav/current/rjfavf0201x0.html,news,oncc
2026-10-09 06:32:53,2026-10-07,4,2,深心星,東網馬經,西門獨,西門獨／諸葛數貼士,https://racing.on.cc/racing/fav/current/rjfavf0201x0.html,news,oncc
2026-10-09 06:32:53,2026-10-07,4,12,瑞祺威楓,東網馬經,西門獨,西門獨／諸葛數貼士,https://racing.on.cc/racing/fav/current/rjfavf0201x0.html,news,oncc
2026-10-09 06:32:53,2026-10-07,5,4,巴閉王,東網馬經,西門獨,西門獨／諸葛數貼士,https://racing.on.cc/racing/fav/current/rjfavf0201x0.html,news,oncc
2026-10-09 06:32:53,2026-10-07,5,8,佐治傳奇,東網馬經,西門獨,西門獨／諸葛數貼士,https://racing.on.cc/racing/fav/current/rjfavf0201x0.html,news,oncc
2026-10-09 06:32:53,2026-10-07,5,6,美麗登場,東網馬經,西門獨,西門獨／諸葛數貼士,https://racing.on.cc/racing/fav/current/rjfavf0201x0.html,news,oncc
2026-10-09 06:32:53,2026-10-07,5,9,赤兔再世,東網馬經,西門獨,西門獨／諸葛數貼士,https://racing.on.cc/racing/fav/current/rjfavf0201x0.html,news,oncc
2026-10-09 06:32:53,2026-10-07,6,10,頑童,東網馬經,西門獨,西門獨／諸葛數貼士,https://racing.on.cc/racing/fav/current/rjfavf0201x0.html,news,oncc
2026-10-09 06:32:53,2026-10-07,6,9,後無來者,東網馬經,西門獨,西門獨／諸葛數貼士,https://racing.on.cc/racing/fav/current/rjfavf0201x0.html,news,oncc
2026-10-09 06:32:53,2026-10-07,6,7,文采風流,東網馬經,西門獨,西門獨／諸葛數貼士,https://racing.on.cc/racing/fav/current/rjfavf0201x0.html,news,oncc
2026-10-09 06:32:53,2026-10-07,6,2,龍虎精神,東網馬經,西門獨,西門獨／諸葛數貼士,https://racing.on.cc/racing/fav/current/rjfavf0201x0.html,news,oncc
2026-10-09 06:32:53,2026-10-07,7,10,天馬行雲,東網馬經,西門獨,西門獨／諸葛數貼士,https://racing.on.cc/racing/fav/current/rjfavf0201x0.html,news,oncc
2026-10-09 06:32:53,2026-10-07,7,1,晨曦儷人,東網馬經,西門獨,西門獨／諸葛數貼士,https://racing.on.cc/racing/fav/current/rjfavf0201x0.html,news,oncc
2026-10-09 06:32:53,2026-10-07,7,11,丞匡掠影,東網馬經,西門獨,西門獨／諸葛數貼士,https://racing.on.cc/racing/fav/current/rjfavf0201x0.html,news,oncc
2026-10-09 06:32:53,2026-10-07,7,5,觀眾之力,東網馬經,西門獨,西門獨／諸葛數貼士,https://racing.on.cc/racing/fav/current/rjfavf0201x0.html,news,oncc
2026-10-09 06:32:53,2026-10-07,8,2,幸運派彩,東網馬經,西門獨,西門獨／諸葛數貼士,https://racing.on.cc/racing/fav/current/rjfavf0201x0.html,news,oncc
2026-10-09 06:32:53,2026-10-07,8,1,一定超,東網馬經,西門獨,西門獨／諸葛數貼士,https://racing.on.cc/racing/fav/current/rjfavf0201x0.html,news,oncc
2026-10-09 06:32:53,2026-10-07,8,6,傲視同群,東網馬經,西門獨,西門獨／諸葛數貼士,https://racing.on.cc/racing/fav/current/rjfavf0201x0.html,news,oncc
2026-10-09 06:32:53,2026-10-07,8,10,財富非凡,東網馬經,西門獨,西門獨／諸葛數貼士,https://racing.on.cc/racing/fav/current/rjfavf0201x0.html,news,oncc
2026-10-09 06:32:53,2026-10-07,9,6,盈妍威楓,東網馬經,西門獨,西門獨／諸葛數貼士,https://racing.on.cc/racing/fav/current/rjfavf0201x0.html,news,oncc
2026-10-09 06:32:53,2026-10-07,9,7,星運少爵,東網馬經,西門獨,西門獨／諸葛數貼士,https://racing.on.cc/racing/fav/current/rjfavf0201x0.html,news,oncc
2026-10-09 06:32:53,2026-10-07,9,1,志滿同行,東網馬經,西門獨,西門獨／諸葛數貼士,https://racing.on.cc/racing/fav/current/rjfavf0201x0.html,news,oncc
2026-10-09 06:32:53,2026-10-07,9,9,烈焰光芒,東網馬經,西門獨,西門獨／諸葛數貼士,https://racing.on.cc/racing/fav/current/rjfavf0201x0.html,news,oncc
2026-10-09 06:32:53,2026-10-07,1,1,獎星,東網馬經,諸葛數,西門獨／諸葛數貼士,https://racing.on.cc/racing/fav/current/rjfavf0201x0.html,news,oncc
2026-10-09 06:32:53,2026-10-07,1,5,蜜蜜送,東網馬經,諸葛數,西門獨／諸葛數貼士,https://racing.on.cc/racing/fav/current/rjfavf0201x0.html,news,oncc
2026-10-09 06:32:53,2026-10-07,1,8,寶成智星,東網馬經,諸葛數,西門獨／諸葛數貼士,https://racing.on.cc/racing/fav/current/rjfavf0201x0.html,news,oncc
2026-10-09 06:32:53,2026-10-07,1,9,連連好運,東網馬經,諸葛數,西門獨／諸葛數貼士,https://racing.on.cc/racing/fav/current/rjfavf0201x0.html,news,oncc
2026-10-09 06:32:53,2026-10-07,2,2,幸運愉快,東網馬經,諸葛數,西門獨／諸葛數貼士,https://racing.on.cc/racing/fav/current/rjfavf0201x0.html,news,oncc
2026-10-09 06:32:53,2026-10-07,2,4,紅錢到,東網馬經,諸葛數,西門獨／諸葛數貼士,https://racing.on.cc/racing/fav/current/rjfavf0201x0.html,news,oncc
2026-10-09 06:32:53,2026-10-07,2,10,天下寵兒,東網馬經,諸葛數,西門獨／諸葛數貼士,https://racing.on.cc/racing/fav/current/rjfavf0201x0.html,news,oncc
2026-10-09 06:32:53,2026-10-07,2,5,環球英雄,東網馬經,諸葛數,西門獨／諸葛數貼士,https://racing.on.cc/racing/fav/current/rjfavf0201x0.html,news,oncc
2026-10-09 06:32:53,2026-10-07,3,4,卓越蒨鋒,東網馬經,諸葛數,西門獨／諸葛數貼士,https://racing.on.cc/racing/fav/current/rjfavf0201x0.html,news,oncc
2026-10-09 06:32:53,2026-10-07,3,6,有情有義,東網馬經,諸葛數,西門獨／諸葛數貼士,https://racing.on.cc/racing/fav/current/rjfavf0201x0.html,news,oncc
2026-10-09 06:32:53,2026-10-07,3,10,康昌之星,東網馬經,諸葛數,西門獨／諸葛數貼士,https://racing.on.cc/racing/fav/current/rjfavf0201x0.html,news,oncc
2026-10-09 06:32:53,2026-10-07,3,1,星願無限,東網馬經,諸葛數,西門獨／諸葛數貼士,https://racing.on.cc/racing/fav/current/rjfavf0201x0.html,news,oncc
2026-10-09 06:32:53,2026-10-07,4,1,爆笑,東網馬經,諸葛數,西門獨／諸葛數貼士,https://racing.on.cc/racing/fav/current/rjfavf0201x0.html,news,oncc
2026-10-09 06:32:53,2026-10-07,4,2,深心星,東網馬經,諸葛數,西門獨／諸葛數貼士,https://racing.on.cc/racing/fav/current/rjfavf0201x0.html,news,oncc
2026-10-09 06:32:53,2026-10-07,4,3,紅海勁,東網馬經,諸葛數,西門獨／諸葛數貼士,https://racing.on.cc/racing/fav/current/rjfavf0201x0.html,news,oncc
2026-10-09 06:32:53,2026-10-07,4,10,準希望,東網馬經,諸葛數,西門獨／諸葛數貼士,https://racing.on.cc/racing/fav/current/rjfavf0201x0.html,news,oncc
2026-10-09 06:32:53,2026-10-07,5,4,巴閉王,東網馬經,諸葛數,西門獨／諸葛數貼士,https://racing.on.cc/racing/fav/current/rjfavf0201x0.html,news,oncc
2026-10-09 06:32:53,2026-10-07,5,8,佐治傳奇,東網馬經,諸葛數,西門獨／諸葛數貼士,https://racing.on.cc/racing/fav/current/rjfavf0201x0.html,news,oncc
2026-10-09 06:32:53,2026-10-07,5,9,赤兔再世,東網馬經,諸葛數,西門獨／諸葛數貼士,https://racing.on.cc/racing/fav/current/rjfavf0201x0.html,news,oncc
2026-10-09 06:32:53,2026-10-07,5,1,鴻圖新星,東網馬經,諸葛數,西門獨／諸葛數貼士,https://racing.on.cc/racing/fav/current/rjfavf0201x0.html,news,oncc
2026-10-09 06:32:53,2026-10-07,6,10,頑童,東網馬經,諸葛數,西門獨／諸葛數貼士,https://racing.on.cc/racing/fav/current/rjfavf0201x0.html,news,oncc
2026-10-09 06:32:53,2026-10-07,6,2,龍虎精神,東網馬經,諸葛數,西門獨／諸葛數貼士,https://racing.on.cc/racing/fav/current/rjfavf0201x0.html,news,oncc
2026-10-09 06:32:53,2026-10-07,6,5,加州勇勝,東網馬經,諸葛數,西門獨／諸葛數貼士,https://racing.on.cc/racing/fav/current/rjfavf0201x0.html,news,oncc
2026-10-09 06:32:53,2026-10-07,6,1,添開心,東網馬經,諸葛數,西門獨／諸葛數貼士,https://racing.on.cc/racing/fav/current/rjfavf0201x0.html,news,oncc
2026-10-09 06:32:53,2026-10-07,7,11,丞匡掠影,東網馬經,諸葛數,西門獨／諸葛數貼士,https://racing.on.cc/racing/fav/current/rjfavf0201x0.html,news,oncc
2026-10-09 06:32:53,2026-10-07,7,2,東來欣賞,東網馬經,諸葛數,西門獨／諸葛數貼士,https://racing.on.cc/racing/fav/current/rjfavf0201x0.html,news,oncc
2026-10-09 06:32:53,2026-10-07,7,1,晨曦儷人,東網馬經,諸葛數,西門獨／諸葛數貼士,https://racing.on.cc/racing/fav/current/rjfavf0201x0.html,news,oncc
2026-10-09 06:32:53,2026-10-07,7,3,快活英雄,東網馬經,諸葛數,西門獨／諸葛數貼士,https://racing.on.cc/racing/fav/current/rjfavf0201x0.html,news,oncc
2026-10-09 06:32:53,2026-10-07,8,1,一定超,東網馬經,諸葛數,西門獨／諸葛數貼士,https://racing.on.cc/racing/fav/current/rjfavf0201x0.html,news,oncc
2026-10-09 06:32:53,2026-10-07,8,2,幸運派彩,東網馬經,諸葛數,西門獨／諸葛數貼士,https://racing.on.cc/racing/fav/current/rjfavf0201x0.html,news,oncc
2026-10-09 06:32:53,2026-10-07,8,3,盈好威楓,東網馬經,諸葛數,西門獨／諸葛數貼士,https://racing.on.cc/racing/fav/current/rjfavf0201x0.html,news,oncc
2026-10-09 06:32:53,2026-10-07,8,12,太子,東網馬經,諸葛數,西門獨／諸葛數貼士,https://racing.on.cc/racing/fav/current/rjfavf0201x0.html,news,oncc
2026-10-09 06:32:53,2026-10-07,9,6,盈妍威楓,東網馬經,諸葛數,西門獨／諸葛數貼士,https://racing.on.cc/racing/fav/current/rjfavf0201x0.html,news,oncc
2026-10-09 06:32:53,2026-10-07,9,1,志滿同行,東網馬經,諸葛數,西門獨／諸葛數貼士,https://racing.on.cc/racing/fav/current/rjfavf0201x0.html,news,oncc
2026-10-09 06:32:53,2026-10-07,9,7,星運少爵,東網馬經,諸葛數,西門獨／諸葛數貼士,https://racing.on.cc/racing/fav/current/rjfavf0201x0.html,news,oncc
2026-10-09 06:32:53,2026-10-07,9,5,傑出雷霆,東網馬經,諸葛數,西門獨／諸葛數貼士,https://racing.on.cc/racing/fav/current/rjfavf0201x0.html,news,oncc
2026-10-09 06:32:53,2026-10-07,1,9,連連好運,東網馬經,陳志懷,西門獨／諸葛數貼士,https://racing.on.cc/racing/fav/current/rjfavf0201x0.html,news,oncc
2026-10-09 06:32:53,2026-10-07,1,1,獎星,東網馬經,陳志懷,西門獨／諸葛數貼士,https://racing.on.cc/racing/fav/current/rjfavf0201x0.html,news,oncc
2026-10-09 06:32:53,2026-10-07,1,4,竣誠駒,東網馬經,陳志懷,西門獨／諸葛數貼士,https://racing.on.cc/racing/fav/current/rjfavf0201x0.html,news,oncc
2026-10-09 06:32:53,2026-10-07,1,11,幸運同行,東網馬經,陳志懷,西門獨／諸葛數貼士,https://racing.on.cc/racing/fav/current/rjfavf0201x0.html,news,oncc
2026-10-09 06:32:53,2026-10-07,2,10,天下寵兒,東網馬經,陳志懷,西門獨／諸葛數貼士,https://racing.on.cc/racing/fav/current/rjfavf0201x0.html,news,oncc
2026-10-09 06:32:53,2026-10-07,2,2,幸運愉快,東網馬經,陳志懷,西門獨／諸葛數貼士,https://racing.on.cc/racing/fav/current/rjfavf0201x0.html,news,oncc
2026-10-09 06:32:53,2026-10-07,2,6,千杯敬典,東網馬經,陳志懷,西門獨／諸葛數貼士,https://racing.on.cc/racing/fav/current/rjfavf0201x0.html,news,oncc
2026-10-09 06:32:53,2026-10-07,2,5,環球英雄,東網馬經,陳志懷,西門獨／諸葛數貼士,https://racing.on.cc/racing/fav/current/rjfavf0201x0.html,news,oncc
2026-10-09 06:32:53,2026-10-07,3,6,有情有義,東網馬經,陳志懷,西門獨／諸葛數貼士,https://racing.on.cc/racing/fav/current/rjfavf0201x0.html,news,oncc
2026-10-09 06:32:53,2026-10-07,3,8,金駒永騰,東網馬經,陳志懷,西門獨／諸葛數貼士,https://racing.on.cc/racing/fav/current/rjfavf0201x0.html,news,oncc
2026-10-09 06:32:53,2026-10-07,3,4,卓越蒨鋒,東網馬經,陳志懷,西門獨／諸葛數貼士,https://racing.on.cc/racing/fav/current/rjfavf0201x0.html,news,oncc
2026-10-09 06:32:53,2026-10-07,3,5,牛精新星,東網馬經,陳志懷,西門獨／諸葛數貼士,https://racing.on.cc/racing/fav/current/rjfavf0201x0.html,news,oncc
2026-10-09 06:32:53,2026-10-07,4,10,準希望,東網馬經,陳志懷,西門獨／諸葛數貼士,https://racing.on.cc/racing/fav/current/rjfavf0201x0.html,news,oncc
2026-10-09 06:32:53,2026-10-07,4,8,超開心,東網馬經,陳志懷,西門獨／諸葛數貼士,https://racing.on.cc/racing/fav/current/rjfavf0201x0.html,news,oncc
2026-10-09 06:32:53,2026-10-07,4,11,焦點,東網馬經,陳志懷,西門獨／諸葛數貼士,https://racing.on.cc/racing/fav/current/rjfavf0201x0.html,news,oncc
2026-10-09 06:32:53,2026-10-07,4,4,先到先得,東網馬經,陳志懷,西門獨／諸葛數貼士,https://racing.on.cc/racing/fav/current/rjfavf0201x0.html,news,oncc
2026-10-09 06:32:53,2026-10-07,5,11,杰遜仔,東網馬經,陳志懷,西門獨／諸葛數貼士,https://racing.on.cc/racing/fav/current/rjfavf0201x0.html,news,oncc
2026-10-09 06:32:53,2026-10-07,5,1,鴻圖新星,東網馬經,陳志懷,西門獨／諸葛數貼士,https://racing.on.cc/racing/fav/current/rjfavf0201x0.html,news,oncc
2026-10-09 06:32:53,2026-10-07,5,4,巴閉王,東網馬經,陳志懷,西門獨／諸葛數貼士,https://racing.on.cc/racing/fav/current/rjfavf0201x0.html,news,oncc
2026-10-09 06:32:53,2026-10-07,5,5,銳目,東網馬經,陳志懷,西門獨／諸葛數貼士,https://racing.on.cc/racing/fav/current/rjfavf0201x0.html,news,oncc
2026-10-09 06:32:53,2026-10-07,6,10,頑童,東網馬經,陳志懷,西門獨／諸葛數貼士,https://racing.on.cc/racing/fav/current/rjfavf0201x0.html,news,oncc
2026-10-09 06:32:53,2026-10-07,6,3,星威心得,東網馬經,陳志懷,西門獨／諸葛數貼士,https://racing.on.cc/racing/fav/current/rjfavf0201x0.html,news,oncc
2026-10-09 06:32:53,2026-10-07,6,2,龍虎精神,東網馬經,陳志懷,西門獨／諸葛數貼士,https://racing.on.cc/racing/fav/current/rjfavf0201x0.html,news,oncc
2026-10-09 06:32:53,2026-10-07,6,5,加州勇勝,東網馬經,陳志懷,西門獨／諸葛數貼士,https://racing.on.cc/racing/fav/current/rjfavf0201x0.html,news,oncc
2026-10-09 06:32:53,2026-10-07,7,5,觀眾之力,東網馬經,陳志懷,西門獨／諸葛數貼士,https://racing.on.cc/racing/fav/current/rjfavf0201x0.html,news,oncc
2026-10-09 06:32:53,2026-10-07,7,2,東來欣賞,東網馬經,陳志懷,西門獨／諸葛數貼士,https://racing.on.cc/racing/fav/current/rjfavf0201x0.html,news,oncc
2026-10-09 06:32:53,2026-10-07,7,11,丞匡掠影,東網馬經,陳志懷,西門獨／諸葛數貼士,https://racing.on.cc/racing/fav/current/rjfavf0201x0.html,news,oncc
2026-10-09 06:32:53,2026-10-07,7,10,天馬行雲,東網馬經,陳志懷,西門獨／諸葛數貼士,https://racing.on.cc/racing/fav/current/rjfavf0201x0.html,news,oncc
2026-10-09 06:32:53,2026-10-07,8,3,盈好威楓,東網馬經,陳志懷,西門獨／諸葛數貼士,https://racing.on.cc/racing/fav/current/rjfavf0201x0.html,news,oncc
2026-10-09 06:32:53,2026-10-07,8,2,幸運派彩,東網馬經,陳志懷,西門獨／諸葛數貼士,https://racing.on.cc/racing/fav/current/rjfavf0201x0.html,news,oncc
2026-10-09 06:32:53,2026-10-07,8,1,一定超,東網馬經,陳志懷,西門獨／諸葛數貼士,https://racing.on.cc/racing/fav/current/rjfavf0201x0.html,news,oncc
2026-10-09 06:32:53,2026-10-07,8,12,太子,東網馬經,陳志懷,西門獨／諸葛數貼士,https://racing.on.cc/racing/fav/current/rjfavf0201x0.html,news,oncc
2026-10-09 06:32:53,2026-10-07,9,7,星運少爵,東網馬經,陳志懷,西門獨／諸葛數貼士,https://racing.on.cc/racing/fav/current/rjfavf0201x0.html,news,oncc
2026-10-09 06:32:53,2026-10-07,9,6,盈妍威楓,東網馬經,陳志懷,西門獨／諸葛數貼士,https://racing.on.cc/racing/fav/current/rjfavf0201x0.html,news,oncc
2026-10-09 06:32:53,2026-10-07,9,1,志滿同行,東網馬經,陳志懷,西門獨／諸葛數貼士,https://racing.on.cc/racing/fav/current/rjfavf0201x0.html,news,oncc
2026-10-09 06:32:53,2026-10-07,9,5,傑出雷霆,東網馬經,陳志懷,西門獨／諸葛數貼士,https://racing.on.cc/racing/fav/current/rjfavf0201x0.html,news,oncc
2026-10-09 06:32:53,2026-10-07,1,9,連連好運,東網馬經,明治朗,西門獨／諸葛數貼士,https://racing.on.cc/racing/fav/current/rjfavf0201x0.html,news,oncc
2026-10-09 06:32:53,2026-10-07,1,1,獎星,東網馬經,明治朗,西門獨／諸葛數貼士,https://racing.on.cc/racing/fav/current/rjfavf0201x0.html,news,oncc
2026-10-09 06:32:53,2026-10-07,1,10,揚威四海,東網馬經,明治朗,西門獨／諸葛數貼士,https://racing.on.cc/racing/fav/current/rjfavf0201x0.html,news,oncc
2026-10-09 06:32:53,2026-10-07,1,11,幸運同行,東網馬經,明治朗,西門獨／諸葛數貼士,https://racing.on.cc/racing/fav/current/rjfavf0201x0.html,news,oncc
2026-10-09 06:32:53,2026-10-07,2,10,天下寵兒,東網馬經,明治朗,西門獨／諸葛數貼士,https://racing.on.cc/racing/fav/current/rjfavf0201x0.html,news,oncc
2026-10-09 06:32:53,2026-10-07,2,2,幸運愉快,東網馬經,明治朗,西門獨／諸葛數貼士,https://racing.on.cc/racing/fav/current/rjfavf0201x0.html,news,oncc
2026-10-09 06:32:53,2026-10-07,2,4,紅錢到,東網馬經,明治朗,西門獨／諸葛數貼士,https://racing.on.cc/racing/fav/current/rjfavf0201x0.html,news,oncc
2026-10-09 06:32:53,2026-10-07,2,12,智勝攻略,東網馬經,明治朗,西門獨／諸葛數貼士,https://racing.on.cc/racing/fav/current/rjfavf0201x0.html,news,oncc
2026-10-09 06:32:53,2026-10-07,3,10,康昌之星,東網馬經,明治朗,西門獨／諸葛數貼士,https://racing.on.cc/racing/fav/current/rjfavf0201x0.html,news,oncc
2026-10-09 06:32:53,2026-10-07,3,4,卓越蒨鋒,東網馬經,明治朗,西門獨／諸葛數貼士,https://racing.on.cc/racing/fav/current/rjfavf0201x0.html,news,oncc
2026-10-09 06:32:53,2026-10-07,3,1,星願無限,東網馬經,明治朗,西門獨／諸葛數貼士,https://racing.on.cc/racing/fav/current/rjfavf0201x0.html,news,oncc
2026-10-09 06:32:53,2026-10-07,3,8,金駒永騰,東網馬經,明治朗,西門獨／諸葛數貼士,https://racing.on.cc/racing/fav/current/rjfavf0201x0.html,news,oncc
2026-10-09 06:32:53,2026-10-07,4,8,超開心,東網馬經,明治朗,西門獨／諸葛數貼士,https://racing.on.cc/racing/fav/current/rjfavf0201x0.html,news,oncc
2026-10-09 06:32:53,2026-10-07,4,2,深心星,東網馬經,明治朗,西門獨／諸葛數貼士,https://racing.on.cc/racing/fav/current/rjfavf0201x0.html,news,oncc
2026-10-09 06:32:53,2026-10-07,4,10,準希望,東網馬經,明治朗,西門獨／諸葛數貼士,https://racing.on.cc/racing/fav/current/rjfavf0201x0.html,news,oncc
2026-10-09 06:32:53,2026-10-07,4,12,瑞祺威楓,東網馬經,明治朗,西門獨／諸葛數貼士,https://racing.on.cc/racing/fav/current/rjfavf0201x0.html,news,oncc
2026-10-09 06:32:53,2026-10-07,5,6,美麗登場,東網馬經,明治朗,西門獨／諸葛數貼士,https://racing.on.cc/racing/fav/current/rjfavf0201x0.html,news,oncc
2026-10-09 06:32:53,2026-10-07,5,4,巴閉王,東網馬經,明治朗,西門獨／諸葛數貼士,https://racing.on.cc/racing/fav/current/rjfavf0201x0.html,news,oncc
2026-10-09 06:32:53,2026-10-07,5,8,佐治傳奇,東網馬經,明治朗,西門獨／諸葛數貼士,https://racing.on.cc/racing/fav/current/rjfavf0201x0.html,news,oncc
2026-10-09 06:32:53,2026-10-07,5,5,銳目,東網馬經,明治朗,西門獨／諸葛數貼士,https://racing.on.cc/racing/fav/current/rjfavf0201x0.html,news,oncc
2026-10-09 06:32:53,2026-10-07,6,4,銳不可當,東網馬經,明治朗,西門獨／諸葛數貼士,https://racing.on.cc/racing/fav/current/rjfavf0201x0.html,news,oncc
2026-10-09 06:32:53,2026-10-07,6,7,文采風流,東網馬經,明治朗,西門獨／諸葛數貼士,https://racing.on.cc/racing/fav/current/rjfavf0201x0.html,news,oncc
2026-10-09 06:32:53,2026-10-07,6,10,頑童,東網馬經,明治朗,西門獨／諸葛數貼士,https://racing.on.cc/racing/fav/current/rjfavf0201x0.html,news,oncc
2026-10-09 06:32:53,2026-10-07,6,2,龍虎精神,東網馬經,明治朗,西門獨／諸葛數貼士,https://racing.on.cc/racing/fav/current/rjfavf0201x0.html,news,oncc
2026-10-09 06:32:53,2026-10-07,7,5,觀眾之力,東網馬經,明治朗,西門獨／諸葛數貼士,https://racing.on.cc/racing/fav/current/rjfavf0201x0.html,news,oncc
2026-10-09 06:32:53,2026-10-07,7,2,東來欣賞,東網馬經,明治朗,西門獨／諸葛數貼士,https://racing.on.cc/racing/fav/current/rjfavf0201x0.html,news,oncc
2026-10-09 06:32:53,2026-10-07,7,9,朗日自強,東網馬經,明治朗,西門獨／諸葛數貼士,https://racing.on.cc/racing/fav/current/rjfavf0201x0.html,news,oncc
2026-10-09 06:32:53,2026-10-07,7,11,丞匡掠影,東網馬經,明治朗,西門獨／諸葛數貼士,https://racing.on.cc/racing/fav/current/rjfavf0201x0.html,news,oncc
2026-10-09 06:32:53,2026-10-07,8,9,大千雄心,東網馬經,明治朗,西門獨／諸葛數貼士,https://racing.on.cc/racing/fav/current/rjfavf0201x0.html,news,oncc
2026-10-09 06:32:53,2026-10-07,8,1,一定超,東網馬經,明治朗,西門獨／諸葛數貼士,https://racing.on.cc/racing/fav/current/rjfavf0201x0.html,news,oncc
2026-10-09 06:32:53,2026-10-07,8,2,幸運派彩,東網馬經,明治朗,西門獨／諸葛數貼士,https://racing.on.cc/racing/fav/current/rjfavf0201x0.html,news,oncc
2026-10-09 06:32:53,2026-10-07,8,12,太子,東網馬經,明治朗,西門獨／諸葛數貼士,https://racing.on.cc/racing/fav/current/rjfavf0201x0.html,news,oncc
2026-10-09 06:32:53,2026-10-07,9,5,傑出雷霆,東網馬經,明治朗,西門獨／諸葛數貼士,https://racing.on.cc/racing/fav/current/rjfavf0201x0.html,news,oncc
2026-10-09 06:32:53,2026-10-07,9,1,志滿同行,東網馬經,明治朗,西門獨／諸葛數貼士,https://racing.on.cc/racing/fav/current/rjfavf0201x0.html,news,oncc
2026-10-09 06:32:53,2026-10-07,9,7,星運少爵,東網馬經,明治朗,西門獨／諸葛數貼士,https://racing.on.cc/racing/fav/current/rjfavf0201x0.html,news,oncc
2026-10-09 06:32:53,2026-10-07,9,2,馬達,東網馬經,明治朗,西門獨／諸葛數貼士,https://racing.on.cc/racing/fav/current/rjfavf0201x0.html,news,oncc
2026-10-09 06:32:53,2026-10-07,1,1,獎星,東網馬經,兆文,西門獨／諸葛數貼士,https://racing.on.cc/racing/fav/current/rjfavf0201x0.html,news,oncc
2026-10-09 06:32:53,2026-10-07,1,9,連連好運,東網馬經,兆文,西門獨／諸葛數貼士,https://racing.on.cc/racing/fav/current/rjfavf0201x0.html,news,oncc
2026-10-09 06:32:53,2026-10-07,1,5,蜜蜜送,東網馬經,兆文,西門獨／諸葛數貼士,https://racing.on.cc/racing/fav/current/rjfavf0201x0.html,news,oncc
2026-10-09 06:32:53,2026-10-07,1,6,競駿勇士,東網馬經,兆文,西門獨／諸葛數貼士,https://racing.on.cc/racing/fav/current/rjfavf0201x0.html,news,oncc
2026-10-09 06:32:53,2026-10-07,2,2,幸運愉快,東網馬經,兆文,西門獨／諸葛數貼士,https://racing.on.cc/racing/fav/current/rjfavf0201x0.html,news,oncc
2026-10-09 06:32:53,2026-10-07,2,10,天下寵兒,東網馬經,兆文,西門獨／諸葛數貼士,https://racing.on.cc/racing/fav/current/rjfavf0201x0.html,news,oncc
2026-10-09 06:32:53,2026-10-07,2,4,紅錢到,東網馬經,兆文,西門獨／諸葛數貼士,https://racing.on.cc/racing/fav/current/rjfavf0201x0.html,news,oncc
2026-10-09 06:32:53,2026-10-07,2,5,環球英雄,東網馬經,兆文,西門獨／諸葛數貼士,https://racing.on.cc/racing/fav/current/rjfavf0201x0.html,news,oncc
2026-10-09 06:32:53,2026-10-07,3,8,金駒永騰,東網馬經,兆文,西門獨／諸葛數貼士,https://racing.on.cc/racing/fav/current/rjfavf0201x0.html,news,oncc
2026-10-09 06:32:53,2026-10-07,3,4,卓越蒨鋒,東網馬經,兆文,西門獨／諸葛數貼士,https://racing.on.cc/racing/fav/current/rjfavf0201x0.html,news,oncc
2026-10-09 06:32:53,2026-10-07,3,1,星願無限,東網馬經,兆文,西門獨／諸葛數貼士,https://racing.on.cc/racing/fav/current/rjfavf0201x0.html,news,oncc
2026-10-09 06:32:53,2026-10-07,3,6,有情有義,東網馬經,兆文,西門獨／諸葛數貼士,https://racing.on.cc/racing/fav/current/rjfavf0201x0.html,news,oncc
2026-10-09 06:32:53,2026-10-07,4,10,準希望,東網馬經,兆文,西門獨／諸葛數貼士,https://racing.on.cc/racing/fav/current/rjfavf0201x0.html,news,oncc
2026-10-09 06:32:53,2026-10-07,4,8,超開心,東網馬經,兆文,西門獨／諸葛數貼士,https://racing.on.cc/racing/fav/current/rjfavf0201x0.html,news,oncc
2026-10-09 06:32:53,2026-10-07,4,2,深心星,東網馬經,兆文,西門獨／諸葛數貼士,https://racing.on.cc/racing/fav/current/rjfavf0201x0.html,news,oncc
2026-10-09 06:32:53,2026-10-07,4,1,爆笑,東網馬經,兆文,西門獨／諸葛數貼士,https://racing.on.cc/racing/fav/current/rjfavf0201x0.html,news,oncc
2026-10-09 06:32:53,2026-10-07,5,4,巴閉王,東網馬經,兆文,西門獨／諸葛數貼士,https://racing.on.cc/racing/fav/current/rjfavf0201x0.html,news,oncc
2026-10-09 06:32:53,2026-10-07,5,8,佐治傳奇,東網馬經,兆文,西門獨／諸葛數貼士,https://racing.on.cc/racing/fav/current/rjfavf0201x0.html,news,oncc
2026-10-09 06:32:53,2026-10-07,5,1,鴻圖新星,東網馬經,兆文,西門獨／諸葛數貼士,https://racing.on.cc/racing/fav/current/rjfavf0201x0.html,news,oncc
2026-10-09 06:32:53,2026-10-07,5,5,銳目,東網馬經,兆文,西門獨／諸葛數貼士,https://racing.on.cc/racing/fav/current/rjfavf0201x0.html,news,oncc
2026-10-09 06:32:53,2026-10-07,6,9,後無來者,東網馬經,兆文,西門獨／諸葛數貼士,https://racing.on.cc/racing/fav/current/rjfavf0201x0.html,news,oncc
2026-10-09 06:32:53,2026-10-07,6,10,頑童,東網馬經,兆文,西門獨／諸葛數貼士,https://racing.on.cc/racing/fav/current/rjfavf0201x0.html,news,oncc
2026-10-09 06:32:53,2026-10-07,6,2,龍虎精神,東網馬經,兆文,西門獨／諸葛數貼士,https://racing.on.cc/racing/fav/current/rjfavf0201x0.html,news,oncc
2026-10-09 06:32:53,2026-10-07,6,5,加州勇勝,東網馬經,兆文,西門獨／諸葛數貼士,https://racing.on.cc/racing/fav/current/rjfavf0201x0.html,news,oncc
2026-10-09 06:32:53,2026-10-07,7,5,觀眾之力,東網馬經,兆文,西門獨／諸葛數貼士,https://racing.on.cc/racing/fav/current/rjfavf0201x0.html,news,oncc
2026-10-09 06:32:53,2026-10-07,7,2,東來欣賞,東網馬經,兆文,西門獨／諸葛數貼士,https://racing.on.cc/racing/fav/current/rjfavf0201x0.html,news,oncc
2026-10-09 06:32:53,2026-10-07,7,11,丞匡掠影,東網馬經,兆文,西門獨／諸葛數貼士,https://racing.on.cc/racing/fav/current/rjfavf0201x0.html,news,oncc
2026-10-09 06:32:53,2026-10-07,7,7,耀寶,東網馬經,兆文,西門獨／諸葛數貼士,https://racing.on.cc/racing/fav/current/rjfavf0201x0.html,news,oncc
2026-10-09 06:32:53,2026-10-07,8,1,一定超,東網馬經,兆文,西門獨／諸葛數貼士,https://racing.on.cc/racing/fav/current/rjfavf0201x0.html,news,oncc
2026-10-09 06:32:53,2026-10-07,8,2,幸運派彩,東網馬經,兆文,西門獨／諸葛數貼士,https://racing.on.cc/racing/fav/current/rjfavf0201x0.html,news,oncc
2026-10-09 06:32:53,2026-10-07,8,10,財富非凡,東網馬經,兆文,西門獨／諸葛數貼士,https://racing.on.cc/racing/fav/current/rjfavf0201x0.html,news,oncc
2026-10-09 06:32:53,2026-10-07,8,5,自動自覺,東網馬經,兆文,西門獨／諸葛數貼士,https://racing.on.cc/racing/fav/current/rjfavf0201x0.html,news,oncc
2026-10-09 06:32:53,2026-10-07,9,7,星運少爵,東網馬經,兆文,西門獨／諸葛數貼士,https://racing.on.cc/racing/fav/current/rjfavf0201x0.html,news,oncc
2026-10-09 06:32:53,2026-10-07,9,1,志滿同行,東網馬經,兆文,西門獨／諸葛數貼士,https://racing.on.cc/racing/fav/current/rjfavf0201x0.html,news,oncc
2026-10-09 06:32:53,2026-10-07,9,9,烈焰光芒,東網馬經,兆文,西門獨／諸葛數貼士,https://racing.on.cc/racing/fav/current/rjfavf0201x0.html,news,oncc
2026-10-09 06:32:53,2026-10-07,9,5,傑出雷霆,東網馬經,兆文,西門獨／諸葛數貼士,https://racing.on.cc/racing/fav/current/rjfavf0201x0.html,news,oncc
2026-10-09 06:32:53,2026-10-07,1,4,竣誠駒,東網馬經,東網馬經,東網馬經,https://racing.on.cc/racing/fav/current/rjfavf0301x0.html,news,oncc
2026-10-09 06:32:53,2026-10-07,1,1,獎星,東網馬經,東網馬經,東網馬經,https://racing.on.cc/racing/fav/current/rjfavf0301x0.html,news,oncc
2026-10-09 06:32:53,2026-10-07,1,6,競駿勇士,東網馬經,東網馬經,東網馬經,https://racing.on.cc/racing/fav/current/rjfavf0301x0.html,news,oncc
2026-10-09 06:32:53,2026-10-07,1,9,連連好運,東網馬經,東網馬經,東網馬經,https://racing.on.cc/racing/fav/current/rjfavf0301x0.html,news,oncc
2026-10-09 06:32:53,2026-10-07,2,2,幸運愉快,東網馬經,東網馬經,東網馬經,https://racing.on.cc/racing/fav/current/rjfavf0301x0.html,news,oncc
2026-10-09 06:32:53,2026-10-07,2,4,紅錢到,東網馬經,東網馬經,東網馬經,https://racing.on.cc/racing/fav/current/rjfavf0301x0.html,news,oncc
2026-10-09 06:32:53,2026-10-07,2,6,千杯敬典,東網馬經,東網馬經,東網馬經,https://racing.on.cc/racing/fav/current/rjfavf0301x0.html,news,oncc
2026-10-09 06:32:53,2026-10-07,2,10,天下寵兒,東網馬經,東網馬經,東網馬經,https://racing.on.cc/racing/fav/current/rjfavf0301x0.html,news,oncc
2026-10-09 06:32:53,2026-10-07,3,1,星願無限,東網馬經,東網馬經,東網馬經,https://racing.on.cc/racing/fav/current/rjfavf0301x0.html,news,oncc
2026-10-09 06:32:53,2026-10-07,3,4,卓越蒨鋒,東網馬經,東網馬經,東網馬經,https://racing.on.cc/racing/fav/current/rjfavf0301x0.html,news,oncc
2026-10-09 06:32:53,2026-10-07,3,6,有情有義,東網馬經,東網馬經,東網馬經,https://racing.on.cc/racing/fav/current/rjfavf0301x0.html,news,oncc
2026-10-09 06:32:53,2026-10-07,3,10,康昌之星,東網馬經,東網馬經,東網馬經,https://racing.on.cc/racing/fav/current/rjfavf0301x0.html,news,oncc
2026-10-09 06:32:53,2026-10-07,4,2,深心星,東網馬經,東網馬經,東網馬經,https://racing.on.cc/racing/fav/current/rjfavf0301x0.html,news,oncc
2026-10-09 06:32:53,2026-10-07,4,8,超開心,東網馬經,東網馬經,東網馬經,https://racing.on.cc/racing/fav/current/rjfavf0301x0.html,news,oncc
2026-10-09 06:32:53,2026-10-07,4,10,準希望,東網馬經,東網馬經,東網馬經,https://racing.on.cc/racing/fav/current/rjfavf0301x0.html,news,oncc
2026-10-09 06:32:53,2026-10-07,4,3,紅海勁,東網馬經,東網馬經,東網馬經,https://racing.on.cc/racing/fav/current/rjfavf0301x0.html,news,oncc
2026-10-09 06:32:53,2026-10-07,5,4,巴閉王,東網馬經,東網馬經,東網馬經,https://racing.on.cc/racing/fav/current/rjfavf0301x0.html,news,oncc
2026-10-09 06:32:53,2026-10-07,5,6,美麗登場,東網馬經,東網馬經,東網馬經,https://racing.on.cc/racing/fav/current/rjfavf0301x0.html,news,oncc
2026-10-09 06:32:53,2026-10-07,5,8,佐治傳奇,東網馬經,東網馬經,東網馬經,https://racing.on.cc/racing/fav/current/rjfavf0301x0.html,news,oncc
2026-10-09 06:32:53,2026-10-07,5,9,赤兔再世,東網馬經,東網馬經,東網馬經,https://racing.on.cc/racing/fav/current/rjfavf0301x0.html,news,oncc
2026-10-09 06:32:53,2026-10-07,6,2,龍虎精神,東網馬經,東網馬經,東網馬經,https://racing.on.cc/racing/fav/current/rjfavf0301x0.html,news,oncc
2026-10-09 06:32:53,2026-10-07,6,9,後無來者,東網馬經,東網馬經,東網馬經,https://racing.on.cc/racing/fav/current/rjfavf0301x0.html,news,oncc
2026-10-09 06:32:53,2026-10-07,6,10,頑童,東網馬經,東網馬經,東網馬經,https://racing.on.cc/racing/fav/current/rjfavf0301x0.html,news,oncc
2026-10-09 06:32:53,2026-10-07,6,4,銳不可當,東網馬經,東網馬經,東網馬經,https://racing.on.cc/racing/fav/current/rjfavf0301x0.html,news,oncc
2026-10-09 06:32:53,2026-10-07,7,9,朗日自強,東網馬經,東網馬經,東網馬經,https://racing.on.cc/racing/fav/current/rjfavf0301x0.html,news,oncc
2026-10-09 06:32:53,2026-10-07,7,3,快活英雄,東網馬經,東網馬經,東網馬經,https://racing.on.cc/racing/fav/current/rjfavf0301x0.html,news,oncc
2026-10-09 06:32:53,2026-10-07,7,4,幸運星球,東網馬經,東網馬經,東網馬經,https://racing.on.cc/racing/fav/current/rjfavf0301x0.html,news,oncc
2026-10-09 06:32:53,2026-10-07,7,11,丞匡掠影,東網馬經,東網馬經,東網馬經,https://racing.on.cc/racing/fav/current/rjfavf0301x0.html,news,oncc
2026-10-09 06:32:53,2026-10-07,8,2,幸運派彩,東網馬經,東網馬經,東網馬經,https://racing.on.cc/racing/fav/current/rjfavf0301x0.html,news,oncc
2026-10-09 06:32:53,2026-10-07,8,1,一定超,東網馬經,東網馬經,東網馬經,https://racing.on.cc/racing/fav/current/rjfavf0301x0.html,news,oncc
2026-10-09 06:32:53,2026-10-07,8,3,盈好威楓,東網馬經,東網馬經,東網馬經,https://racing.on.cc/racing/fav/current/rjfavf0301x0.html,news,oncc
2026-10-09 06:32:53,2026-10-07,8,12,太子,東網馬經,東網馬經,東網馬經,https://racing.on.cc/racing/fav/current/rjfavf0301x0.html,news,oncc
2026-10-09 06:32:53,2026-10-07,9,1,志滿同行,東網馬經,東網馬經,東網馬經,https://racing.on.cc/racing/fav/current/rjfavf0301x0.html,news,oncc
2026-10-09 06:32:53,2026-10-07,9,7,星運少爵,東網馬經,東網馬經,東網馬經,https://racing.on.cc/racing/fav/current/rjfavf0301x0.html,news,oncc
2026-10-09 06:32:53,2026-10-07,9,8,可靠大師,東網馬經,東網馬經,東網馬經,https://racing.on.cc/racing/fav/current/rjfavf0301x0.html,news,oncc
2026-10-09 06:32:53,2026-10-07,9,9,烈焰光芒,東網馬經,東網馬經,東網馬經,https://racing.on.cc/racing/fav/current/rjfavf0301x0.html,news,oncc
2026-10-10 06:15:48,2026-10-07,4,10,準希望,東網馬經,卡洛斯,名家推介,https://racing.on.cc/racing/fav/current/rjfavg0001x0.html,news,oncc
2026-10-10 06:15:48,2026-10-07,4,2,深心星,東網馬經,卡洛斯,名家推介,https://racing.on.cc/racing/fav/current/rjfavg0001x0.html,news,oncc
2026-10-10 06:15:48,2026-10-07,4,9,奮鬥輝煌,東網馬經,卡洛斯,名家推介,https://racing.on.cc/racing/fav/current/rjfavg0001x0.html,news,oncc
2026-10-10 06:15:48,2026-10-07,4,8,超開心,東網馬經,卡洛斯,名家推介,https://racing.on.cc/racing/fav/current/rjfavg0001x0.html,news,oncc
2026-10-10 06:15:48,2026-10-07,8,1,一定超,東網馬經,卡洛斯,名家推介,https://racing.on.cc/racing/fav/current/rjfavg0001x0.html,news,oncc
2026-10-10 06:15:48,2026-10-07,8,2,幸運派彩,東網馬經,卡洛斯,名家推介,https://racing.on.cc/racing/fav/current/rjfavg0001x0.html,news,oncc
2026-10-10 06:15:48,2026-10-07,8,4,嘉應勇將,東網馬經,卡洛斯,名家推介,https://racing.on.cc/racing/fav/current/rjfavg0001x0.html,news,oncc
2026-10-10 06:15:48,2026-10-07,8,10,財富非凡,東網馬經,卡洛斯,名家推介,https://racing.on.cc/racing/fav/current/rjfavg0001x0.html,news,oncc
2026-10-10 06:15:48,2026-10-07,7,11,丞匡掠影,東網馬經,匡公,名家推介,https://racing.on.cc/racing/fav/current/rjfavg0001x0.html,news,oncc
2026-10-10 06:15:48,2026-10-07,7,5,觀眾之力,東網馬經,匡公,名家推介,https://racing.on.cc/racing/fav/current/rjfavg0001x0.html,news,oncc
2026-10-10 06:15:48,2026-10-07,7,2,東來欣賞,東網馬經,匡公,名家推介,https://racing.on.cc/racing/fav/current/rjfavg0001x0.html,news,oncc
2026-10-10 06:15:48,2026-10-07,7,9,朗日自強,東網馬經,匡公,名家推介,https://racing.on.cc/racing/fav/current/rjfavg0001x0.html,news,oncc
2026-10-10 06:15:48,2026-10-07,9,1,志滿同行,東網馬經,匡公,名家推介,https://racing.on.cc/racing/fav/current/rjfavg0001x0.html,news,oncc
2026-10-10 06:15:48,2026-10-07,9,9,烈焰光芒,東網馬經,匡公,名家推介,https://racing.on.cc/racing/fav/current/rjfavg0001x0.html,news,oncc
2026-10-10 06:15:48,2026-10-07,9,5,傑出雷霆,東網馬經,匡公,名家推介,https://racing.on.cc/racing/fav/current/rjfavg0001x0.html,news,oncc
2026-10-10 06:15:48,2026-10-07,9,2,馬達,東網馬經,匡公,名家推介,https://racing.on.cc/racing/fav/current/rjfavg0001x0.html,news,oncc
2026-10-10 06:15:48,2026-10-07,4,8,超開心,東網馬經,金駒,名家推介,https://racing.on.cc/racing/fav/current/rjfavg0001x0.html,news,oncc
2026-10-10 06:15:48,2026-10-07,4,11,焦點,東網馬經,金駒,名家推介,https://racing.on.cc/racing/fav/current/rjfavg0001x0.html,news,oncc
2026-10-10 06:15:48,2026-10-07,4,10,準希望,東網馬經,金駒,名家推介,https://racing.on.cc/racing/fav/current/rjfavg0001x0.html,news,oncc
2026-10-10 06:15:48,2026-10-07,4,2,深心星,東網馬經,金駒,名家推介,https://racing.on.cc/racing/fav/current/rjfavg0001x0.html,news,oncc
2026-10-10 06:15:48,2026-10-07,8,3,盈好威楓,東網馬經,金駒,名家推介,https://racing.on.cc/racing/fav/current/rjfavg0001x0.html,news,oncc
2026-10-10 06:15:48,2026-10-07,8,9,大千雄心,東網馬經,金駒,名家推介,https://racing.on.cc/racing/fav/current/rjfavg0001x0.html,news,oncc
2026-10-10 06:15:48,2026-10-07,8,11,開心三寶,東網馬經,金駒,名家推介,https://racing.on.cc/racing/fav/current/rjfavg0001x0.html,news,oncc
2026-10-10 06:15:48,2026-10-07,8,1,一定超,東網馬經,金駒,名家推介,https://racing.on.cc/racing/fav/current/rjfavg0001x0.html,news,oncc
2026-10-10 06:15:48,2026-10-07,2,6,千杯敬典,東網馬經,西門獨,名家推介,https://racing.on.cc/racing/fav/current/rjfavg0001x0.html,news,oncc
2026-10-10 06:15:48,2026-10-07,2,10,天下寵兒,東網馬經,西門獨,名家推介,https://racing.on.cc/racing/fav/current/rjfavg0001x0.html,news,oncc
2026-10-10 06:15:48,2026-10-07,2,2,幸運愉快,東網馬經,西門獨,名家推介,https://racing.on.cc/racing/fav/current/rjfavg0001x0.html,news,oncc
2026-10-10 06:15:48,2026-10-07,2,1,本領多好,東網馬經,西門獨,名家推介,https://racing.on.cc/racing/fav/current/rjfavg0001x0.html,news,oncc
2026-10-10 06:15:48,2026-10-07,5,4,巴閉王,東網馬經,西門獨,名家推介,https://racing.on.cc/racing/fav/current/rjfavg0001x0.html,news,oncc
2026-10-10 06:15:48,2026-10-07,5,8,佐治傳奇,東網馬經,西門獨,名家推介,https://racing.on.cc/racing/fav/current/rjfavg0001x0.html,news,oncc
2026-10-10 06:15:48,2026-10-07,5,6,美麗登場,東網馬經,西門獨,名家推介,https://racing.on.cc/racing/fav/current/rjfavg0001x0.html,news,oncc
2026-10-10 06:15:48,2026-10-07,5,9,赤兔再世,東網馬經,西門獨,名家推介,https://racing.on.cc/racing/fav/current/rjfavg0001x0.html,news,oncc
2026-10-10 06:15:48,2026-10-07,3,4,卓越蒨鋒,東網馬經,諸葛數,名家推介,https://racing.on.cc/racing/fav/current/rjfavg0001x0.html,news,oncc
2026-10-10 06:15:48,2026-10-07,3,6,有情有義,東網馬經,諸葛數,名家推介,https://racing.on.cc/racing/fav/current/rjfavg0001x0.html,news,oncc
2026-10-10 06:15:48,2026-10-07,3,10,康昌之星,東網馬經,諸葛數,名家推介,https://racing.on.cc/racing/fav/current/rjfavg0001x0.html,news,oncc
2026-10-10 06:15:48,2026-10-07,3,1,星願無限,東網馬經,諸葛數,名家推介,https://racing.on.cc/racing/fav/current/rjfavg0001x0.html,news,oncc
2026-10-10 06:15:48,2026-10-07,7,11,丞匡掠影,東網馬經,諸葛數,名家推介,https://racing.on.cc/racing/fav/current/rjfavg0001x0.html,news,oncc
2026-10-10 06:15:48,2026-10-07,7,2,東來欣賞,東網馬經,諸葛數,名家推介,https://racing.on.cc/racing/fav/current/rjfavg0001x0.html,news,oncc
2026-10-10 06:15:48,2026-10-07,7,1,晨曦儷人,東網馬經,諸葛數,名家推介,https://racing.on.cc/racing/fav/current/rjfavg0001x0.html,news,oncc
2026-10-10 06:15:48,2026-10-07,7,3,快活英雄,東網馬經,諸葛數,名家推介,https://racing.on.cc/racing/fav/current/rjfavg0001x0.html,news,oncc
2026-10-10 06:15:48,2026-10-07,5,8,佐治傳奇,東網馬經,長風,名家推介,https://racing.on.cc/racing/fav/current/rjfavg0001x0.html,news,oncc
2026-10-10 06:15:48,2026-10-07,5,4,巴閉王,東網馬經,長風,名家推介,https://racing.on.cc/racing/fav/current/rjfavg0001x0.html,news,oncc
2026-10-10 06:15:48,2026-10-07,5,1,鴻圖新星,東網馬經,長風,名家推介,https://racing.on.cc/racing/fav/current/rjfavg0001x0.html,news,oncc
2026-10-10 06:15:48,2026-10-07,5,9,赤兔再世,東網馬經,長風,名家推介,https://racing.on.cc/racing/fav/current/rjfavg0001x0.html,news,oncc
2026-10-10 06:15:48,2026-10-07,9,7,星運少爵,東網馬經,長風,名家推介,https://racing.on.cc/racing/fav/current/rjfavg0001x0.html,news,oncc
2026-10-10 06:15:48,2026-10-07,9,1,志滿同行,東網馬經,長風,名家推介,https://racing.on.cc/racing/fav/current/rjfavg0001x0.html,news,oncc
2026-10-10 06:15:48,2026-10-07,9,6,盈妍威楓,東網馬經,長風,名家推介,https://racing.on.cc/racing/fav/current/rjfavg0001x0.html,news,oncc
2026-10-10 06:15:48,2026-10-07,9,5,傑出雷霆,東網馬經,長風,名家推介,https://racing.on.cc/racing/fav/current/rjfavg0001x0.html,news,oncc
2026-10-10 06:15:48,2026-10-07,4,10,準希望,東網馬經,陳志懷,名家推介,https://racing.on.cc/racing/fav/current/rjfavg0001x0.html,news,oncc
2026-10-10 06:15:48,2026-10-07,4,8,超開心,東網馬經,陳志懷,名家推介,https://racing.on.cc/racing/fav/current/rjfavg0001x0.html,news,oncc
2026-10-10 06:15:48,2026-10-07,4,11,焦點,東網馬經,陳志懷,名家推介,https://racing.on.cc/racing/fav/current/rjfavg0001x0.html,news,oncc
2026-10-10 06:15:48,2026-10-07,4,4,先到先得,東網馬經,陳志懷,名家推介,https://racing.on.cc/racing/fav/current/rjfavg0001x0.html,news,oncc
2026-10-10 06:15:48,2026-10-07,5,11,杰遜仔,東網馬經,陳志懷,名家推介,https://racing.on.cc/racing/fav/current/rjfavg0001x0.html,news,oncc
2026-10-10 06:15:48,2026-10-07,5,1,鴻圖新星,東網馬經,陳志懷,名家推介,https://racing.on.cc/racing/fav/current/rjfavg0001x0.html,news,oncc
2026-10-10 06:15:48,2026-10-07,5,4,巴閉王,東網馬經,陳志懷,名家推介,https://racing.on.cc/racing/fav/current/rjfavg0001x0.html,news,oncc
2026-10-10 06:15:48,2026-10-07,5,5,銳目,東網馬經,陳志懷,名家推介,https://racing.on.cc/racing/fav/current/rjfavg0001x0.html,news,oncc
2026-10-10 06:15:48,2026-10-07,7,5,觀眾之力,東網馬經,明治朗,名家推介,https://racing.on.cc/racing/fav/current/rjfavg0001x0.html,news,oncc
2026-10-10 06:15:48,2026-10-07,7,2,東來欣賞,東網馬經,明治朗,名家推介,https://racing.on.cc/racing/fav/current/rjfavg0001x0.html,news,oncc
2026-10-10 06:15:48,2026-10-07,7,9,朗日自強,東網馬經,明治朗,名家推介,https://racing.on.cc/racing/fav/current/rjfavg0001x0.html,news,oncc
2026-10-10 06:15:48,2026-10-07,7,11,丞匡掠影,東網馬經,明治朗,名家推介,https://racing.on.cc/racing/fav/current/rjfavg0001x0.html,news,oncc
2026-10-10 06:15:48,2026-10-07,8,9,大千雄心,東網馬經,明治朗,名家推介,https://racing.on.cc/racing/fav/current/rjfavg0001x0.html,news,oncc
2026-10-10 06:15:48,2026-10-07,8,1,一定超,東網馬經,明治朗,名家推介,https://racing.on.cc/racing/fav/current/rjfavg0001x0.html,news,oncc
2026-10-10 06:15:48,2026-10-07,8,2,幸運派彩,東網馬經,明治朗,名家推介,https://racing.on.cc/racing/fav/current/rjfavg0001x0.html,news,oncc
2026-10-10 06:15:48,2026-10-07,8,12,太子,東網馬經,明治朗,名家推介,https://racing.on.cc/racing/fav/current/rjfavg0001x0.html,news,oncc
2026-10-10 06:15:48,2026-10-07,5,3,友駿同心,東網馬經,內幕料,名家推介,https://racing.on.cc/racing/fav/current/rjfavg0001x0.html,news,oncc
2026-10-10 06:15:48,2026-10-07,5,4,巴閉王,東網馬經,內幕料,名家推介,https://racing.on.cc/racing/fav/current/rjfavg0001x0.html,news,oncc
2026-10-10 06:15:48,2026-10-07,5,7,,東網馬經,內幕料,名家推介,https://racing.on.cc/racing/fav/current/rjfavg0001x0.html,news,oncc
2026-10-10 06:15:48,2026-10-07,5,8,佐治傳奇,東網馬經,內幕料,名家推介,https://racing.on.cc/racing/fav/current/rjfavg0001x0.html,news,oncc
2026-10-10 06:15:48,2026-10-07,8,1,一定超,東網馬經,內幕料,名家推介,https://racing.on.cc/racing/fav/current/rjfavg0001x0.html,news,oncc
2026-10-10 06:15:48,2026-10-07,8,2,幸運派彩,東網馬經,內幕料,名家推介,https://racing.on.cc/racing/fav/current/rjfavg0001x0.html,news,oncc
2026-10-10 06:15:48,2026-10-07,8,5,自動自覺,東網馬經,內幕料,名家推介,https://racing.on.cc/racing/fav/current/rjfavg0001x0.html,news,oncc
2026-10-10 06:15:48,2026-10-07,8,10,財富非凡,東網馬經,內幕料,名家推介,https://racing.on.cc/racing/fav/current/rjfavg0001x0.html,news,oncc
2026-10-10 06:15:48,2026-10-07,1,1,獎星,東網馬經,網中神,名家推介,https://racing.on.cc/racing/fav/current/rjfavg0001x0.html,news,oncc
2026-10-10 06:15:48,2026-10-07,1,3,鴻圖大展,東網馬經,網中神,名家推介,https://racing.on.cc/racing/fav/current/rjfavg0001x0.html,news,oncc
2026-10-10 06:15:48,2026-10-07,1,4,竣誠駒,東網馬經,網中神,名家推介,https://racing.on.cc/racing/fav/current/rjfavg0001x0.html,news,oncc
2026-10-10 06:15:48,2026-10-07,1,6,競駿勇士,東網馬經,網中神,名家推介,https://racing.on.cc/racing/fav/current/rjfavg0001x0.html,news,oncc
2026-10-10 06:15:48,2026-10-07,9,1,志滿同行,東網馬經,網中神,名家推介,https://racing.on.cc/racing/fav/current/rjfavg0001x0.html,news,oncc
2026-10-10 06:15:48,2026-10-07,9,6,盈妍威楓,東網馬經,網中神,名家推介,https://racing.on.cc/racing/fav/current/rjfavg0001x0.html,news,oncc
2026-10-10 06:15:48,2026-10-07,9,7,星運少爵,東網馬經,網中神,名家推介,https://racing.on.cc/racing/fav/current/rjfavg0001x0.html,news,oncc
2026-10-10 06:15:48,2026-10-07,9,9,烈焰光芒,東網馬經,網中神,名家推介,https://racing.on.cc/racing/fav/current/rjfavg0001x0.html,news,oncc
2026-10-10 06:15:48,2026-10-07,4,1,爆笑,東網馬經,洛飛,名家推介,https://racing.on.cc/racing/fav/current/rjfavg0001x0.html,news,oncc
2026-10-10 06:15:48,2026-10-07,4,3,紅海勁,東網馬經,洛飛,名家推介,https://racing.on.cc/racing/fav/current/rjfavg0001x0.html,news,oncc
2026-10-10 06:15:48,2026-10-07,4,7,妙算強人,東網馬經,洛飛,名家推介,https://racing.on.cc/racing/fav/current/rjfavg0001x0.html,news,oncc
2026-10-10 06:15:48,2026-10-07,4,10,準希望,東網馬經,洛飛,名家推介,https://racing.on.cc/racing/fav/current/rjfavg0001x0.html,news,oncc
2026-10-10 06:15:48,2026-10-07,6,2,龍虎精神,東網馬經,洛飛,名家推介,https://racing.on.cc/racing/fav/current/rjfavg0001x0.html,news,oncc
2026-10-10 06:15:48,2026-10-07,6,4,銳不可當,東網馬經,洛飛,名家推介,https://racing.on.cc/racing/fav/current/rjfavg0001x0.html,news,oncc
2026-10-10 06:15:48,2026-10-07,6,7,文采風流,東網馬經,洛飛,名家推介,https://racing.on.cc/racing/fav/current/rjfavg0001x0.html,news,oncc
2026-10-10 06:15:48,2026-10-07,6,9,後無來者,東網馬經,洛飛,名家推介,https://racing.on.cc/racing/fav/current/rjfavg0001x0.html,news,oncc
2026-10-10 06:15:48,2026-10-11,2,6,朗日雪峰,東網馬經,西門獨,西門獨貼士,https://racing.on.cc/racing/fav/current/rjfavf0101x0.html,news,oncc
2026-10-10 06:15:48,2026-10-11,2,8,陸小鳳,東網馬經,西門獨,西門獨貼士,https://racing.on.cc/racing/fav/current/rjfavf0101x0.html,news,oncc
2026-10-10 06:15:48,2026-10-11,2,10,洛河,東網馬經,西門獨,西門獨貼士,https://racing.on.cc/racing/fav/current/rjfavf0101x0.html,news,oncc
2026-10-10 06:15:48,2026-10-11,2,4,辣得金,東網馬經,西門獨,西門獨貼士,https://racing.on.cc/racing/fav/current/rjfavf0101x0.html,news,oncc
2026-10-10 06:15:48,2026-10-11,2,2,金風萬里,東網馬經,西門獨,西門獨貼士,https://racing.on.cc/racing/fav/current/rjfavf0101x0.html,news,oncc
2026-10-10 06:15:48,2026-10-11,3,2,龍之悅,東網馬經,西門獨,西門獨貼士,https://racing.on.cc/racing/fav/current/rjfavf0101x0.html,news,oncc
2026-10-10 06:15:48,2026-10-11,3,4,滿利時,東網馬經,西門獨,西門獨貼士,https://racing.on.cc/racing/fav/current/rjfavf0101x0.html,news,oncc
2026-10-10 06:15:48,2026-10-11,3,1,跨境駿馬,東網馬經,西門獨,西門獨貼士,https://racing.on.cc/racing/fav/current/rjfavf0101x0.html,news,oncc
2026-10-10 06:15:48,2026-10-11,3,8,小魔怪,東網馬經,西門獨,西門獨貼士,https://racing.on.cc/racing/fav/current/rjfavf0101x0.html,news,oncc
2026-10-10 06:15:48,2026-10-11,3,7,馬寶寶,東網馬經,西門獨,西門獨貼士,https://racing.on.cc/racing/fav/current/rjfavf0101x0.html,news,oncc
2026-10-10 06:15:48,2026-10-11,4,2,致力之城,東網馬經,西門獨,西門獨貼士,https://racing.on.cc/racing/fav/current/rjfavf0101x0.html,news,oncc
2026-10-10 06:15:48,2026-10-11,4,8,肯佩斯,東網馬經,西門獨,西門獨貼士,https://racing.on.cc/racing/fav/current/rjfavf0101x0.html,news,oncc
2026-10-10 06:15:48,2026-10-11,4,9,,東網馬經,西門獨,西門獨貼士,https://racing.on.cc/racing/fav/current/rjfavf0101x0.html,news,oncc
2026-10-10 06:15:48,2026-10-11,4,5,德心知遇,東網馬經,西門獨,西門獨貼士,https://racing.on.cc/racing/fav/current/rjfavf0101x0.html,news,oncc
2026-10-10 06:15:48,2026-10-11,4,1,鑽石星空,東網馬經,西門獨,西門獨貼士,https://racing.on.cc/racing/fav/current/rjfavf0101x0.html,news,oncc
2026-10-10 06:15:48,2026-10-11,5,1,起舞奜奜,東網馬經,西門獨,西門獨貼士,https://racing.on.cc/racing/fav/current/rjfavf0101x0.html,news,oncc
2026-10-10 06:15:48,2026-10-11,5,9,老鼠斑,東網馬經,西門獨,西門獨貼士,https://racing.on.cc/racing/fav/current/rjfavf0101x0.html,news,oncc
2026-10-10 06:15:48,2026-10-11,5,2,文明戰士,東網馬經,西門獨,西門獨貼士,https://racing.on.cc/racing/fav/current/rjfavf0101x0.html,news,oncc
2026-10-10 06:15:48,2026-10-11,5,3,棒棒糖,東網馬經,西門獨,西門獨貼士,https://racing.on.cc/racing/fav/current/rjfavf0101x0.html,news,oncc
2026-10-10 06:15:48,2026-10-11,5,6,穿甲戰鷹,東網馬經,西門獨,西門獨貼士,https://racing.on.cc/racing/fav/current/rjfavf0101x0.html,news,oncc
2026-10-10 06:15:48,2026-10-11,6,3,皇龍天將,東網馬經,西門獨,西門獨貼士,https://racing.on.cc/racing/fav/current/rjfavf0101x0.html,news,oncc
2026-10-10 06:15:48,2026-10-11,6,7,浩然,東網馬經,西門獨,西門獨貼士,https://racing.on.cc/racing/fav/current/rjfavf0101x0.html,news,oncc
2026-10-10 06:15:48,2026-10-11,6,8,鸚姿威鵡,東網馬經,西門獨,西門獨貼士,https://racing.on.cc/racing/fav/current/rjfavf0101x0.html,news,oncc
2026-10-10 06:15:48,2026-10-11,6,2,創寶駒,東網馬經,西門獨,西門獨貼士,https://racing.on.cc/racing/fav/current/rjfavf0101x0.html,news,oncc
2026-10-10 06:15:48,2026-10-11,6,9,快樂共濟,東網馬經,西門獨,西門獨貼士,https://racing.on.cc/racing/fav/current/rjfavf0101x0.html,news,oncc
2026-10-10 06:15:48,2026-10-11,7,10,天福,東網馬經,西門獨,西門獨貼士,https://racing.on.cc/racing/fav/current/rjfavf0101x0.html,news,oncc
2026-10-10 06:15:48,2026-10-11,7,3,活力精神,東網馬經,西門獨,西門獨貼士,https://racing.on.cc/racing/fav/current/rjfavf0101x0.html,news,oncc
2026-10-10 06:15:48,2026-10-11,7,5,步風影,東網馬經,西門獨,西門獨貼士,https://racing.on.cc/racing/fav/current/rjfavf0101x0.html,news,oncc
2026-10-10 06:15:48,2026-10-11,7,4,百威多贏,東網馬經,西門獨,西門獨貼士,https://racing.on.cc/racing/fav/current/rjfavf0101x0.html,news,oncc
2026-10-10 06:15:48,2026-10-11,7,14,開心五月,東網馬經,西門獨,西門獨貼士,https://racing.on.cc/racing/fav/current/rjfavf0101x0.html,news,oncc
2026-10-10 06:15:48,2026-10-11,8,11,華麗再贏,東網馬經,西門獨,西門獨貼士,https://racing.on.cc/racing/fav/current/rjfavf0101x0.html,news,oncc
2026-10-10 06:15:48,2026-10-11,8,1,旌採,東網馬經,西門獨,西門獨貼士,https://racing.on.cc/racing/fav/current/rjfavf0101x0.html,news,oncc
2026-10-10 06:15:48,2026-10-11,8,6,鬥志波,東網馬經,西門獨,西門獨貼士,https://racing.on.cc/racing/fav/current/rjfavf0101x0.html,news,oncc
2026-10-10 06:15:48,2026-10-11,8,7,勤德天下,東網馬經,西門獨,西門獨貼士,https://racing.on.cc/racing/fav/current/rjfavf0101x0.html,news,oncc
2026-10-10 06:15:48,2026-10-11,8,4,睿智多寶,東網馬經,西門獨,西門獨貼士,https://racing.on.cc/racing/fav/current/rjfavf0101x0.html,news,oncc
2026-10-10 06:15:48,2026-10-11,9,1,駿步騰飛,東網馬經,西門獨,西門獨貼士,https://racing.on.cc/racing/fav/current/rjfavf0101x0.html,news,oncc
2026-10-10 06:15:48,2026-10-11,9,4,冷娃,東網馬經,西門獨,西門獨貼士,https://racing.on.cc/racing/fav/current/rjfavf0101x0.html,news,oncc
2026-10-10 06:15:48,2026-10-11,9,10,香港仔,東網馬經,西門獨,西門獨貼士,https://racing.on.cc/racing/fav/current/rjfavf0101x0.html,news,oncc
2026-10-10 06:15:48,2026-10-11,9,8,正本巨星,東網馬經,西門獨,西門獨貼士,https://racing.on.cc/racing/fav/current/rjfavf0101x0.html,news,oncc
2026-10-10 06:15:48,2026-10-11,9,6,精英高球,東網馬經,西門獨,西門獨貼士,https://racing.on.cc/racing/fav/current/rjfavf0101x0.html,news,oncc
2026-10-10 06:15:48,2026-10-11,10,2,泰坦,東網馬經,西門獨,西門獨貼士,https://racing.on.cc/racing/fav/current/rjfavf0101x0.html,news,oncc
2026-10-10 06:15:48,2026-10-11,10,1,同樣美麗,東網馬經,西門獨,西門獨貼士,https://racing.on.cc/racing/fav/current/rjfavf0101x0.html,news,oncc
2026-10-10 06:15:48,2026-10-11,10,5,重情重義,東網馬經,西門獨,西門獨貼士,https://racing.on.cc/racing/fav/current/rjfavf0101x0.html,news,oncc
2026-10-10 06:15:48,2026-10-11,10,9,星月飛雲,東網馬經,西門獨,西門獨貼士,https://racing.on.cc/racing/fav/current/rjfavf0101x0.html,news,oncc
2026-10-10 06:15:48,2026-10-11,10,3,一世美麗,東網馬經,西門獨,西門獨貼士,https://racing.on.cc/racing/fav/current/rjfavf0101x0.html,news,oncc
2026-10-10 06:15:48,2026-10-11,11,3,嘉應奇兵,東網馬經,西門獨,西門獨貼士,https://racing.on.cc/racing/fav/current/rjfavf0101x0.html,news,oncc
2026-10-10 06:15:48,2026-10-11,11,6,興馳千里,東網馬經,西門獨,西門獨貼士,https://racing.on.cc/racing/fav/current/rjfavf0101x0.html,news,oncc
2026-10-10 06:15:48,2026-10-11,11,1,風雲武士,東網馬經,西門獨,西門獨貼士,https://racing.on.cc/racing/fav/current/rjfavf0101x0.html,news,oncc
2026-10-10 06:15:48,2026-10-11,11,2,扶搖勢勁,東網馬經,西門獨,西門獨貼士,https://racing.on.cc/racing/fav/current/rjfavf0101x0.html,news,oncc
2026-10-10 06:15:48,2026-10-11,11,11,寶進,東網馬經,西門獨,西門獨貼士,https://racing.on.cc/racing/fav/current/rjfavf0101x0.html,news,oncc
2026-10-10 06:15:48,2026-10-11,2,7,雙子美麗,東網馬經,諸葛數,西門獨貼士,https://racing.on.cc/racing/fav/current/rjfavf0101x0.html,news,oncc
2026-10-10 06:15:48,2026-10-11,2,1,新力驕,東網馬經,諸葛數,西門獨貼士,https://racing.on.cc/racing/fav/current/rjfavf0101x0.html,news,oncc
2026-10-10 06:15:48,2026-10-11,2,2,金風萬里,東網馬經,諸葛數,西門獨貼士,https://racing.on.cc/racing/fav/current/rjfavf0101x0.html,news,oncc
2026-10-10 06:15:48,2026-10-11,2,10,洛河,東網馬經,諸葛數,西門獨貼士,https://racing.on.cc/racing/fav/current/rjfavf0101x0.html,news,oncc
2026-10-10 06:15:48,2026-10-11,2,4,辣得金,東網馬經,諸葛數,西門獨貼士,https://racing.on.cc/racing/fav/current/rjfavf0101x0.html,news,oncc
2026-10-10 06:15:48,2026-10-11,3,1,跨境駿馬,東網馬經,諸葛數,西門獨貼士,https://racing.on.cc/racing/fav/current/rjfavf0101x0.html,news,oncc
2026-10-10 06:15:48,2026-10-11,3,8,小魔怪,東網馬經,諸葛數,西門獨貼士,https://racing.on.cc/racing/fav/current/rjfavf0101x0.html,news,oncc
2026-10-10 06:15:48,2026-10-11,3,11,源好運,東網馬經,諸葛數,西門獨貼士,https://racing.on.cc/racing/fav/current/rjfavf0101x0.html,news,oncc
2026-10-10 06:15:48,2026-10-11,3,7,馬寶寶,東網馬經,諸葛數,西門獨貼士,https://racing.on.cc/racing/fav/current/rjfavf0101x0.html,news,oncc
2026-10-10 06:15:48,2026-10-11,3,10,奇異歡星,東網馬經,諸葛數,西門獨貼士,https://racing.on.cc/racing/fav/current/rjfavf0101x0.html,news,oncc
2026-10-10 06:15:48,2026-10-11,4,2,致力之城,東網馬經,諸葛數,西門獨貼士,https://racing.on.cc/racing/fav/current/rjfavf0101x0.html,news,oncc
2026-10-10 06:15:48,2026-10-11,4,1,鑽石星空,東網馬經,諸葛數,西門獨貼士,https://racing.on.cc/racing/fav/current/rjfavf0101x0.html,news,oncc
2026-10-10 06:15:48,2026-10-11,4,8,肯佩斯,東網馬經,諸葛數,西門獨貼士,https://racing.on.cc/racing/fav/current/rjfavf0101x0.html,news,oncc
2026-10-10 06:15:48,2026-10-11,4,7,價值傳承,東網馬經,諸葛數,西門獨貼士,https://racing.on.cc/racing/fav/current/rjfavf0101x0.html,news,oncc
2026-10-10 06:15:48,2026-10-11,4,9,,東網馬經,諸葛數,西門獨貼士,https://racing.on.cc/racing/fav/current/rjfavf0101x0.html,news,oncc
2026-10-10 06:15:48,2026-10-11,5,2,文明戰士,東網馬經,諸葛數,西門獨貼士,https://racing.on.cc/racing/fav/current/rjfavf0101x0.html,news,oncc
2026-10-10 06:15:48,2026-10-11,5,7,金玉良言,東網馬經,諸葛數,西門獨貼士,https://racing.on.cc/racing/fav/current/rjfavf0101x0.html,news,oncc
2026-10-10 06:15:48,2026-10-11,5,4,怡傲錢莊,東網馬經,諸葛數,西門獨貼士,https://racing.on.cc/racing/fav/current/rjfavf0101x0.html,news,oncc
2026-10-10 06:15:48,2026-10-11,5,6,穿甲戰鷹,東網馬經,諸葛數,西門獨貼士,https://racing.on.cc/racing/fav/current/rjfavf0101x0.html,news,oncc
2026-10-10 06:15:48,2026-10-11,5,3,棒棒糖,東網馬經,諸葛數,西門獨貼士,https://racing.on.cc/racing/fav/current/rjfavf0101x0.html,news,oncc
2026-10-10 06:15:48,2026-10-11,6,2,創寶駒,東網馬經,諸葛數,西門獨貼士,https://racing.on.cc/racing/fav/current/rjfavf0101x0.html,news,oncc
2026-10-10 06:15:48,2026-10-11,6,7,浩然,東網馬經,諸葛數,西門獨貼士,https://racing.on.cc/racing/fav/current/rjfavf0101x0.html,news,oncc
2026-10-10 06:15:48,2026-10-11,6,10,快樂高球,東網馬經,諸葛數,西門獨貼士,https://racing.on.cc/racing/fav/current/rjfavf0101x0.html,news,oncc
2026-10-10 06:15:48,2026-10-11,6,9,快樂共濟,東網馬經,諸葛數,西門獨貼士,https://racing.on.cc/racing/fav/current/rjfavf0101x0.html,news,oncc
2026-10-10 06:15:48,2026-10-11,6,12,共創歡欣,東網馬經,諸葛數,西門獨貼士,https://racing.on.cc/racing/fav/current/rjfavf0101x0.html,news,oncc
2026-10-10 06:15:48,2026-10-11,7,14,開心五月,東網馬經,諸葛數,西門獨貼士,https://racing.on.cc/racing/fav/current/rjfavf0101x0.html,news,oncc
2026-10-10 06:15:48,2026-10-11,7,3,活力精神,東網馬經,諸葛數,西門獨貼士,https://racing.on.cc/racing/fav/current/rjfavf0101x0.html,news,oncc
2026-10-10 06:15:48,2026-10-11,7,5,步風影,東網馬經,諸葛數,西門獨貼士,https://racing.on.cc/racing/fav/current/rjfavf0101x0.html,news,oncc
2026-10-10 06:15:48,2026-10-11,7,9,震撼人心,東網馬經,諸葛數,西門獨貼士,https://racing.on.cc/racing/fav/current/rjfavf0101x0.html,news,oncc
2026-10-10 06:15:48,2026-10-11,7,8,和光同塵,東網馬經,諸葛數,西門獨貼士,https://racing.on.cc/racing/fav/current/rjfavf0101x0.html,news,oncc
2026-10-10 06:15:48,2026-10-11,8,1,旌採,東網馬經,諸葛數,西門獨貼士,https://racing.on.cc/racing/fav/current/rjfavf0101x0.html,news,oncc
2026-10-10 06:15:48,2026-10-11,8,10,新力飆,東網馬經,諸葛數,西門獨貼士,https://racing.on.cc/racing/fav/current/rjfavf0101x0.html,news,oncc
2026-10-10 06:15:48,2026-10-11,8,12,富裕君子,東網馬經,諸葛數,西門獨貼士,https://racing.on.cc/racing/fav/current/rjfavf0101x0.html,news,oncc
2026-10-10 06:15:48,2026-10-11,8,13,天蓬貓,東網馬經,諸葛數,西門獨貼士,https://racing.on.cc/racing/fav/current/rjfavf0101x0.html,news,oncc
2026-10-10 06:15:48,2026-10-11,8,7,勤德天下,東網馬經,諸葛數,西門獨貼士,https://racing.on.cc/racing/fav/current/rjfavf0101x0.html,news,oncc
2026-10-10 06:15:48,2026-10-11,9,2,閃耀天河,東網馬經,諸葛數,西門獨貼士,https://racing.on.cc/racing/fav/current/rjfavf0101x0.html,news,oncc
2026-10-10 06:15:48,2026-10-11,9,3,開心指數,東網馬經,諸葛數,西門獨貼士,https://racing.on.cc/racing/fav/current/rjfavf0101x0.html,news,oncc
2026-10-10 06:15:48,2026-10-11,9,4,冷娃,東網馬經,諸葛數,西門獨貼士,https://racing.on.cc/racing/fav/current/rjfavf0101x0.html,news,oncc
2026-10-10 06:15:48,2026-10-11,9,1,駿步騰飛,東網馬經,諸葛數,西門獨貼士,https://racing.on.cc/racing/fav/current/rjfavf0101x0.html,news,oncc
2026-10-10 06:15:48,2026-10-11,9,7,大愛無疆,東網馬經,諸葛數,西門獨貼士,https://racing.on.cc/racing/fav/current/rjfavf0101x0.html,news,oncc
2026-10-10 06:15:48,2026-10-11,10,7,潮州精神,東網馬經,諸葛數,西門獨貼士,https://racing.on.cc/racing/fav/current/rjfavf0101x0.html,news,oncc
2026-10-10 06:15:48,2026-10-11,10,2,泰坦,東網馬經,諸葛數,西門獨貼士,https://racing.on.cc/racing/fav/current/rjfavf0101x0.html,news,oncc
2026-10-10 06:15:48,2026-10-11,10,1,同樣美麗,東網馬經,諸葛數,西門獨貼士,https://racing.on.cc/racing/fav/current/rjfavf0101x0.html,news,oncc
2026-10-10 06:15:48,2026-10-11,10,4,大眾福星,東網馬經,諸葛數,西門獨貼士,https://racing.on.cc/racing/fav/current/rjfavf0101x0.html,news,oncc
2026-10-10 06:15:48,2026-10-11,10,14,正本唐心,東網馬經,諸葛數,西門獨貼士,https://racing.on.cc/racing/fav/current/rjfavf0101x0.html,news,oncc
2026-10-10 06:15:48,2026-10-11,11,6,興馳千里,東網馬經,諸葛數,西門獨貼士,https://racing.on.cc/racing/fav/current/rjfavf0101x0.html,news,oncc
2026-10-10 06:15:48,2026-10-11,11,2,扶搖勢勁,東網馬經,諸葛數,西門獨貼士,https://racing.on.cc/racing/fav/current/rjfavf0101x0.html,news,oncc
2026-10-10 06:15:48,2026-10-11,11,3,嘉應奇兵,東網馬經,諸葛數,西門獨貼士,https://racing.on.cc/racing/fav/current/rjfavf0101x0.html,news,oncc
2026-10-10 06:15:48,2026-10-11,11,4,競駿輝煌,東網馬經,諸葛數,西門獨貼士,https://racing.on.cc/racing/fav/current/rjfavf0101x0.html,news,oncc
2026-10-10 06:15:48,2026-10-11,11,7,玩笑,東網馬經,諸葛數,西門獨貼士,https://racing.on.cc/racing/fav/current/rjfavf0101x0.html,news,oncc
2026-10-10 06:15:48,2026-10-11,2,12,不勞而獲,東網馬經,陳志懷,西門獨貼士,https://racing.on.cc/racing/fav/current/rjfavf0101x0.html,news,oncc
2026-10-10 06:15:48,2026-10-11,2,7,雙子美麗,東網馬經,陳志懷,西門獨貼士,https://racing.on.cc/racing/fav/current/rjfavf0101x0.html,news,oncc
2026-10-10 06:15:48,2026-10-11,2,9,歷險大將,東網馬經,陳志懷,西門獨貼士,https://racing.on.cc/racing/fav/current/rjfavf0101x0.html,news,oncc
2026-10-10 06:15:48,2026-10-11,2,3,駿美一生,東網馬經,陳志懷,西門獨貼士,https://racing.on.cc/racing/fav/current/rjfavf0101x0.html,news,oncc
2026-10-10 06:15:48,2026-10-11,2,10,洛河,東網馬經,陳志懷,西門獨貼士,https://racing.on.cc/racing/fav/current/rjfavf0101x0.html,news,oncc
2026-10-10 06:15:48,2026-10-11,3,2,龍之悅,東網馬經,陳志懷,西門獨貼士,https://racing.on.cc/racing/fav/current/rjfavf0101x0.html,news,oncc
2026-10-10 06:15:48,2026-10-11,3,4,滿利時,東網馬經,陳志懷,西門獨貼士,https://racing.on.cc/racing/fav/current/rjfavf0101x0.html,news,oncc
2026-10-10 06:15:48,2026-10-11,3,1,跨境駿馬,東網馬經,陳志懷,西門獨貼士,https://racing.on.cc/racing/fav/current/rjfavf0101x0.html,news,oncc
2026-10-10 06:15:48,2026-10-11,3,8,小魔怪,東網馬經,陳志懷,西門獨貼士,https://racing.on.cc/racing/fav/current/rjfavf0101x0.html,news,oncc
2026-10-10 06:15:48,2026-10-11,3,7,馬寶寶,東網馬經,陳志懷,西門獨貼士,https://racing.on.cc/racing/fav/current/rjfavf0101x0.html,news,oncc
2026-10-10 06:15:48,2026-10-11,4,2,致力之城,東網馬經,陳志懷,西門獨貼士,https://racing.on.cc/racing/fav/current/rjfavf0101x0.html,news,oncc
2026-10-10 06:15:48,2026-10-11,4,1,鑽石星空,東網馬經,陳志懷,西門獨貼士,https://racing.on.cc/racing/fav/current/rjfavf0101x0.html,news,oncc
2026-10-10 06:15:48,2026-10-11,4,8,肯佩斯,東網馬經,陳志懷,西門獨貼士,https://racing.on.cc/racing/fav/current/rjfavf0101x0.html,news,oncc
2026-10-10 06:15:48,2026-10-11,4,9,,東網馬經,陳志懷,西門獨貼士,https://racing.on.cc/racing/fav/current/rjfavf0101x0.html,news,oncc
2026-10-10 06:15:48,2026-10-11,4,7,價值傳承,東網馬經,陳志懷,西門獨貼士,https://racing.on.cc/racing/fav/current/rjfavf0101x0.html,news,oncc
2026-10-10 06:15:48,2026-10-11,5,2,文明戰士,東網馬經,陳志懷,西門獨貼士,https://racing.on.cc/racing/fav/current/rjfavf0101x0.html,news,oncc
2026-10-10 06:15:48,2026-10-11,5,4,怡傲錢莊,東網馬經,陳志懷,西門獨貼士,https://racing.on.cc/racing/fav/current/rjfavf0101x0.html,news,oncc
2026-10-10 06:15:48,2026-10-11,5,6,穿甲戰鷹,東網馬經,陳志懷,西門獨貼士,https://racing.on.cc/racing/fav/current/rjfavf0101x0.html,news,oncc
2026-10-10 06:15:48,2026-10-11,5,8,日馳千里,東網馬經,陳志懷,西門獨貼士,https://racing.on.cc/racing/fav/current/rjfavf0101x0.html,news,oncc
2026-10-10 06:15:48,2026-10-11,5,5,智勝一籌,東網馬經,陳志懷,西門獨貼士,https://racing.on.cc/racing/fav/current/rjfavf0101x0.html,news,oncc
2026-10-10 06:15:48,2026-10-11,6,3,皇龍天將,東網馬經,陳志懷,西門獨貼士,https://racing.on.cc/racing/fav/current/rjfavf0101x0.html,news,oncc
2026-10-10 06:15:48,2026-10-11,6,2,創寶駒,東網馬經,陳志懷,西門獨貼士,https://racing.on.cc/racing/fav/current/rjfavf0101x0.html,news,oncc
2026-10-10 06:15:48,2026-10-11,6,7,浩然,東網馬經,陳志懷,西門獨貼士,https://racing.on.cc/racing/fav/current/rjfavf0101x0.html,news,oncc
2026-10-10 06:15:48,2026-10-11,6,12,共創歡欣,東網馬經,陳志懷,西門獨貼士,https://racing.on.cc/racing/fav/current/rjfavf0101x0.html,news,oncc
2026-10-10 06:15:48,2026-10-11,6,9,快樂共濟,東網馬經,陳志懷,西門獨貼士,https://racing.on.cc/racing/fav/current/rjfavf0101x0.html,news,oncc
2026-10-10 06:15:48,2026-10-11,7,1,喜豐年,東網馬經,陳志懷,西門獨貼士,https://racing.on.cc/racing/fav/current/rjfavf0101x0.html,news,oncc
2026-10-10 06:15:48,2026-10-11,7,14,開心五月,東網馬經,陳志懷,西門獨貼士,https://racing.on.cc/racing/fav/current/rjfavf0101x0.html,news,oncc
2026-10-10 06:15:48,2026-10-11,7,3,活力精神,東網馬經,陳志懷,西門獨貼士,https://racing.on.cc/racing/fav/current/rjfavf0101x0.html,news,oncc
2026-10-10 06:15:48,2026-10-11,7,6,領駿先鋒,東網馬經,陳志懷,西門獨貼士,https://racing.on.cc/racing/fav/current/rjfavf0101x0.html,news,oncc
2026-10-10 06:15:48,2026-10-11,7,9,震撼人心,東網馬經,陳志懷,西門獨貼士,https://racing.on.cc/racing/fav/current/rjfavf0101x0.html,news,oncc
2026-10-10 06:15:48,2026-10-11,8,1,旌採,東網馬經,陳志懷,西門獨貼士,https://racing.on.cc/racing/fav/current/rjfavf0101x0.html,news,oncc
2026-10-10 06:15:48,2026-10-11,8,6,鬥志波,東網馬經,陳志懷,西門獨貼士,https://racing.on.cc/racing/fav/current/rjfavf0101x0.html,news,oncc
2026-10-10 06:15:48,2026-10-11,8,9,金鑽精靈,東網馬經,陳志懷,西門獨貼士,https://racing.on.cc/racing/fav/current/rjfavf0101x0.html,news,oncc
2026-10-10 06:15:48,2026-10-11,8,2,部族高手,東網馬經,陳志懷,西門獨貼士,https://racing.on.cc/racing/fav/current/rjfavf0101x0.html,news,oncc
2026-10-10 06:15:48,2026-10-11,8,11,華麗再贏,東網馬經,陳志懷,西門獨貼士,https://racing.on.cc/racing/fav/current/rjfavf0101x0.html,news,oncc
2026-10-10 06:15:48,2026-10-11,9,3,開心指數,東網馬經,陳志懷,西門獨貼士,https://racing.on.cc/racing/fav/current/rjfavf0101x0.html,news,oncc
2026-10-10 06:15:48,2026-10-11,9,1,駿步騰飛,東網馬經,陳志懷,西門獨貼士,https://racing.on.cc/racing/fav/current/rjfavf0101x0.html,news,oncc
2026-10-10 06:15:48,2026-10-11,9,2,閃耀天河,東網馬經,陳志懷,西門獨貼士,https://racing.on.cc/racing/fav/current/rjfavf0101x0.html,news,oncc
2026-10-10 06:15:48,2026-10-11,9,9,,東網馬經,陳志懷,西門獨貼士,https://racing.on.cc/racing/fav/current/rjfavf0101x0.html,news,oncc
2026-10-10 06:15:48,2026-10-11,9,8,正本巨星,東網馬經,陳志懷,西門獨貼士,https://racing.on.cc/racing/fav/current/rjfavf0101x0.html,news,oncc
2026-10-10 06:15:48,2026-10-11,10,2,泰坦,東網馬經,陳志懷,西門獨貼士,https://racing.on.cc/racing/fav/current/rjfavf0101x0.html,news,oncc
2026-10-10 06:15:48,2026-10-11,10,3,一世美麗,東網馬經,陳志懷,西門獨貼士,https://racing.on.cc/racing/fav/current/rjfavf0101x0.html,news,oncc
2026-10-10 06:15:48,2026-10-11,10,7,潮州精神,東網馬經,陳志懷,西門獨貼士,https://racing.on.cc/racing/fav/current/rjfavf0101x0.html,news,oncc
2026-10-10 06:15:48,2026-10-11,10,9,星月飛雲,東網馬經,陳志懷,西門獨貼士,https://racing.on.cc/racing/fav/current/rjfavf0101x0.html,news,oncc
2026-10-10 06:15:48,2026-10-11,10,5,重情重義,東網馬經,陳志懷,西門獨貼士,https://racing.on.cc/racing/fav/current/rjfavf0101x0.html,news,oncc
2026-10-10 06:15:48,2026-10-11,11,6,興馳千里,東網馬經,陳志懷,西門獨貼士,https://racing.on.cc/racing/fav/current/rjfavf0101x0.html,news,oncc
2026-10-10 06:15:48,2026-10-11,11,11,寶進,東網馬經,陳志懷,西門獨貼士,https://racing.on.cc/racing/fav/current/rjfavf0101x0.html,news,oncc
2026-10-10 06:15:48,2026-10-11,11,8,小霸王,東網馬經,陳志懷,西門獨貼士,https://racing.on.cc/racing/fav/current/rjfavf0101x0.html,news,oncc
2026-10-10 06:15:48,2026-10-11,11,1,風雲武士,東網馬經,陳志懷,西門獨貼士,https://racing.on.cc/racing/fav/current/rjfavf0101x0.html,news,oncc
2026-10-10 06:15:48,2026-10-11,11,2,扶搖勢勁,東網馬經,陳志懷,西門獨貼士,https://racing.on.cc/racing/fav/current/rjfavf0101x0.html,news,oncc
2026-10-10 06:15:48,2026-10-11,2,13,建測精英,東網馬經,明治朗,西門獨貼士,https://racing.on.cc/racing/fav/current/rjfavf0101x0.html,news,oncc
2026-10-10 06:15:48,2026-10-11,2,2,金風萬里,東網馬經,明治朗,西門獨貼士,https://racing.on.cc/racing/fav/current/rjfavf0101x0.html,news,oncc
2026-10-10 06:15:48,2026-10-11,2,1,新力驕,東網馬經,明治朗,西門獨貼士,https://racing.on.cc/racing/fav/current/rjfavf0101x0.html,news,oncc
2026-10-10 06:15:48,2026-10-11,2,12,不勞而獲,東網馬經,明治朗,西門獨貼士,https://racing.on.cc/racing/fav/current/rjfavf0101x0.html,news,oncc
2026-10-10 06:15:48,2026-10-11,2,8,陸小鳳,東網馬經,明治朗,西門獨貼士,https://racing.on.cc/racing/fav/current/rjfavf0101x0.html,news,oncc
2026-10-10 06:15:48,2026-10-11,3,4,滿利時,東網馬經,明治朗,西門獨貼士,https://racing.on.cc/racing/fav/current/rjfavf0101x0.html,news,oncc
2026-10-10 06:15:48,2026-10-11,3,2,龍之悅,東網馬經,明治朗,西門獨貼士,https://racing.on.cc/racing/fav/current/rjfavf0101x0.html,news,oncc
2026-10-10 06:15:48,2026-10-11,3,8,小魔怪,東網馬經,明治朗,西門獨貼士,https://racing.on.cc/racing/fav/current/rjfavf0101x0.html,news,oncc
2026-10-10 06:15:48,2026-10-11,3,3,賢者福星,東網馬經,明治朗,西門獨貼士,https://racing.on.cc/racing/fav/current/rjfavf0101x0.html,news,oncc
2026-10-10 06:15:48,2026-10-11,3,1,跨境駿馬,東網馬經,明治朗,西門獨貼士,https://racing.on.cc/racing/fav/current/rjfavf0101x0.html,news,oncc
2026-10-10 06:15:48,2026-10-11,4,2,致力之城,東網馬經,明治朗,西門獨貼士,https://racing.on.cc/racing/fav/current/rjfavf0101x0.html,news,oncc
2026-10-10 06:15:48,2026-10-11,4,8,肯佩斯,東網馬經,明治朗,西門獨貼士,https://racing.on.cc/racing/fav/current/rjfavf0101x0.html,news,oncc
2026-10-10 06:15:48,2026-10-11,4,6,定風波,東網馬經,明治朗,西門獨貼士,https://racing.on.cc/racing/fav/current/rjfavf0101x0.html,news,oncc
2026-10-10 06:15:48,2026-10-11,4,9,,東網馬經,明治朗,西門獨貼士,https://racing.on.cc/racing/fav/current/rjfavf0101x0.html,news,oncc
2026-10-10 06:15:48,2026-10-11,4,7,價值傳承,東網馬經,明治朗,西門獨貼士,https://racing.on.cc/racing/fav/current/rjfavf0101x0.html,news,oncc
2026-10-10 06:15:48,2026-10-11,5,11,神箭,東網馬經,明治朗,西門獨貼士,https://racing.on.cc/racing/fav/current/rjfavf0101x0.html,news,oncc
2026-10-10 06:15:48,2026-10-11,5,1,起舞奜奜,東網馬經,明治朗,西門獨貼士,https://racing.on.cc/racing/fav/current/rjfavf0101x0.html,news,oncc
2026-10-10 06:15:48,2026-10-11,5,6,穿甲戰鷹,東網馬經,明治朗,西門獨貼士,https://racing.on.cc/racing/fav/current/rjfavf0101x0.html,news,oncc
2026-10-10 06:15:48,2026-10-11,5,2,文明戰士,東網馬經,明治朗,西門獨貼士,https://racing.on.cc/racing/fav/current/rjfavf0101x0.html,news,oncc
2026-10-10 06:15:48,2026-10-11,5,8,日馳千里,東網馬經,明治朗,西門獨貼士,https://racing.on.cc/racing/fav/current/rjfavf0101x0.html,news,oncc
2026-10-10 06:15:48,2026-10-11,6,12,共創歡欣,東網馬經,明治朗,西門獨貼士,https://racing.on.cc/racing/fav/current/rjfavf0101x0.html,news,oncc
2026-10-10 06:15:48,2026-10-11,6,2,創寶駒,東網馬經,明治朗,西門獨貼士,https://racing.on.cc/racing/fav/current/rjfavf0101x0.html,news,oncc
2026-10-10 06:15:48,2026-10-11,6,1,勝於藍,東網馬經,明治朗,西門獨貼士,https://racing.on.cc/racing/fav/current/rjfavf0101x0.html,news,oncc
2026-10-10 06:15:48,2026-10-11,6,7,浩然,東網馬經,明治朗,西門獨貼士,https://racing.on.cc/racing/fav/current/rjfavf0101x0.html,news,oncc
2026-10-10 06:15:48,2026-10-11,6,3,皇龍天將,東網馬經,明治朗,西門獨貼士,https://racing.on.cc/racing/fav/current/rjfavf0101x0.html,news,oncc
2026-10-10 06:15:48,2026-10-11,7,5,步風影,東網馬經,明治朗,西門獨貼士,https://racing.on.cc/racing/fav/current/rjfavf0101x0.html,news,oncc
2026-10-10 06:15:48,2026-10-11,7,14,開心五月,東網馬經,明治朗,西門獨貼士,https://racing.on.cc/racing/fav/current/rjfavf0101x0.html,news,oncc
2026-10-10 06:15:48,2026-10-11,7,3,活力精神,東網馬經,明治朗,西門獨貼士,https://racing.on.cc/racing/fav/current/rjfavf0101x0.html,news,oncc
2026-10-10 06:15:48,2026-10-11,7,9,震撼人心,東網馬經,明治朗,西門獨貼士,https://racing.on.cc/racing/fav/current/rjfavf0101x0.html,news,oncc
2026-10-10 06:15:48,2026-10-11,7,1,喜豐年,東網馬經,明治朗,西門獨貼士,https://racing.on.cc/racing/fav/current/rjfavf0101x0.html,news,oncc
2026-10-10 06:15:48,2026-10-11,8,11,華麗再贏,東網馬經,明治朗,西門獨貼士,https://racing.on.cc/racing/fav/current/rjfavf0101x0.html,news,oncc
2026-10-10 06:15:48,2026-10-11,8,1,旌採,東網馬經,明治朗,西門獨貼士,https://racing.on.cc/racing/fav/current/rjfavf0101x0.html,news,oncc
2026-10-10 06:15:48,2026-10-11,8,8,同樣世界,東網馬經,明治朗,西門獨貼士,https://racing.on.cc/racing/fav/current/rjfavf0101x0.html,news,oncc
2026-10-10 06:15:48,2026-10-11,8,7,勤德天下,東網馬經,明治朗,西門獨貼士,https://racing.on.cc/racing/fav/current/rjfavf0101x0.html,news,oncc
2026-10-10 06:15:48,2026-10-11,8,2,部族高手,東網馬經,明治朗,西門獨貼士,https://racing.on.cc/racing/fav/current/rjfavf0101x0.html,news,oncc
2026-10-10 06:15:48,2026-10-11,9,10,香港仔,東網馬經,明治朗,西門獨貼士,https://racing.on.cc/racing/fav/current/rjfavf0101x0.html,news,oncc
2026-10-10 06:15:48,2026-10-11,9,3,開心指數,東網馬經,明治朗,西門獨貼士,https://racing.on.cc/racing/fav/current/rjfavf0101x0.html,news,oncc
2026-10-10 06:15:48,2026-10-11,9,1,駿步騰飛,東網馬經,明治朗,西門獨貼士,https://racing.on.cc/racing/fav/current/rjfavf0101x0.html,news,oncc
2026-10-10 06:15:48,2026-10-11,9,8,正本巨星,東網馬經,明治朗,西門獨貼士,https://racing.on.cc/racing/fav/current/rjfavf0101x0.html,news,oncc
2026-10-10 06:15:48,2026-10-11,9,12,駿毅快車,東網馬經,明治朗,西門獨貼士,https://racing.on.cc/racing/fav/current/rjfavf0101x0.html,news,oncc
2026-10-10 06:15:48,2026-10-11,10,2,泰坦,東網馬經,明治朗,西門獨貼士,https://racing.on.cc/racing/fav/current/rjfavf0101x0.html,news,oncc
2026-10-10 06:15:48,2026-10-11,10,7,潮州精神,東網馬經,明治朗,西門獨貼士,https://racing.on.cc/racing/fav/current/rjfavf0101x0.html,news,oncc
2026-10-10 06:15:48,2026-10-11,10,9,星月飛雲,東網馬經,明治朗,西門獨貼士,https://racing.on.cc/racing/fav/current/rjfavf0101x0.html,news,oncc
2026-10-10 06:15:48,2026-10-11,10,4,大眾福星,東網馬經,明治朗,西門獨貼士,https://racing.on.cc/racing/fav/current/rjfavf0101x0.html,news,oncc
2026-10-10 06:15:48,2026-10-11,10,5,重情重義,東網馬經,明治朗,西門獨貼士,https://racing.on.cc/racing/fav/current/rjfavf0101x0.html,news,oncc
2026-10-10 06:15:48,2026-10-11,11,11,寶進,東網馬經,明治朗,西門獨貼士,https://racing.on.cc/racing/fav/current/rjfavf0101x0.html,news,oncc
2026-10-10 06:15:48,2026-10-11,11,6,興馳千里,東網馬經,明治朗,西門獨貼士,https://racing.on.cc/racing/fav/current/rjfavf0101x0.html,news,oncc
2026-10-10 06:15:48,2026-10-11,11,1,風雲武士,東網馬經,明治朗,西門獨貼士,https://racing.on.cc/racing/fav/current/rjfavf0101x0.html,news,oncc
2026-10-10 06:15:48,2026-10-11,11,8,小霸王,東網馬經,明治朗,西門獨貼士,https://racing.on.cc/racing/fav/current/rjfavf0101x0.html,news,oncc
2026-10-10 06:15:48,2026-10-11,11,9,熾烈神駒,東網馬經,明治朗,西門獨貼士,https://racing.on.cc/racing/fav/current/rjfavf0101x0.html,news,oncc
2026-10-10 06:15:48,2026-10-11,2,4,辣得金,東網馬經,兆文,西門獨貼士,https://racing.on.cc/racing/fav/current/rjfavf0101x0.html,news,oncc
2026-10-10 06:15:48,2026-10-11,2,10,洛河,東網馬經,兆文,西門獨貼士,https://racing.on.cc/racing/fav/current/rjfavf0101x0.html,news,oncc
2026-10-10 06:15:48,2026-10-11,2,8,陸小鳳,東網馬經,兆文,西門獨貼士,https://racing.on.cc/racing/fav/current/rjfavf0101x0.html,news,oncc
2026-10-10 06:15:48,2026-10-11,2,1,新力驕,東網馬經,兆文,西門獨貼士,https://racing.on.cc/racing/fav/current/rjfavf0101x0.html,news,oncc
2026-10-10 06:15:48,2026-10-11,2,2,金風萬里,東網馬經,兆文,西門獨貼士,https://racing.on.cc/racing/fav/current/rjfavf0101x0.html,news,oncc
2026-10-10 06:15:48,2026-10-11,3,4,滿利時,東網馬經,兆文,西門獨貼士,https://racing.on.cc/racing/fav/current/rjfavf0101x0.html,news,oncc
2026-10-10 06:15:48,2026-10-11,3,8,小魔怪,東網馬經,兆文,西門獨貼士,https://racing.on.cc/racing/fav/current/rjfavf0101x0.html,news,oncc
2026-10-10 06:15:48,2026-10-11,3,9,幸運大夫,東網馬經,兆文,西門獨貼士,https://racing.on.cc/racing/fav/current/rjfavf0101x0.html,news,oncc
2026-10-10 06:15:48,2026-10-11,3,1,跨境駿馬,東網馬經,兆文,西門獨貼士,https://racing.on.cc/racing/fav/current/rjfavf0101x0.html,news,oncc
2026-10-10 06:15:48,2026-10-11,3,2,龍之悅,東網馬經,兆文,西門獨貼士,https://racing.on.cc/racing/fav/current/rjfavf0101x0.html,news,oncc
2026-10-10 06:15:48,2026-10-11,4,2,致力之城,東網馬經,兆文,西門獨貼士,https://racing.on.cc/racing/fav/current/rjfavf0101x0.html,news,oncc
2026-10-10 06:15:48,2026-10-11,4,1,鑽石星空,東網馬經,兆文,西門獨貼士,https://racing.on.cc/racing/fav/current/rjfavf0101x0.html,news,oncc
2026-10-10 06:15:48,2026-10-11,4,6,定風波,東網馬經,兆文,西門獨貼士,https://racing.on.cc/racing/fav/current/rjfavf0101x0.html,news,oncc
2026-10-10 06:15:48,2026-10-11,4,8,肯佩斯,東網馬經,兆文,西門獨貼士,https://racing.on.cc/racing/fav/current/rjfavf0101x0.html,news,oncc
2026-10-10 06:15:48,2026-10-11,4,5,德心知遇,東網馬經,兆文,西門獨貼士,https://racing.on.cc/racing/fav/current/rjfavf0101x0.html,news,oncc
2026-10-10 06:15:48,2026-10-11,5,2,文明戰士,東網馬經,兆文,西門獨貼士,https://racing.on.cc/racing/fav/current/rjfavf0101x0.html,news,oncc
2026-10-10 06:15:48,2026-10-11,5,1,起舞奜奜,東網馬經,兆文,西門獨貼士,https://racing.on.cc/racing/fav/current/rjfavf0101x0.html,news,oncc
2026-10-10 06:15:48,2026-10-11,5,4,怡傲錢莊,東網馬經,兆文,西門獨貼士,https://racing.on.cc/racing/fav/current/rjfavf0101x0.html,news,oncc
2026-10-10 06:15:48,2026-10-11,5,3,棒棒糖,東網馬經,兆文,西門獨貼士,https://racing.on.cc/racing/fav/current/rjfavf0101x0.html,news,oncc
2026-10-10 06:15:48,2026-10-11,5,11,神箭,東網馬經,兆文,西門獨貼士,https://racing.on.cc/racing/fav/current/rjfavf0101x0.html,news,oncc
2026-10-10 06:15:48,2026-10-11,6,8,鸚姿威鵡,東網馬經,兆文,西門獨貼士,https://racing.on.cc/racing/fav/current/rjfavf0101x0.html,news,oncc
2026-10-10 06:15:48,2026-10-11,6,12,共創歡欣,東網馬經,兆文,西門獨貼士,https://racing.on.cc/racing/fav/current/rjfavf0101x0.html,news,oncc
2026-10-10 06:15:48,2026-10-11,6,3,皇龍天將,東網馬經,兆文,西門獨貼士,https://racing.on.cc/racing/fav/current/rjfavf0101x0.html,news,oncc
2026-10-10 06:15:48,2026-10-11,6,2,創寶駒,東網馬經,兆文,西門獨貼士,https://racing.on.cc/racing/fav/current/rjfavf0101x0.html,news,oncc
2026-10-10 06:15:48,2026-10-11,6,10,快樂高球,東網馬經,兆文,西門獨貼士,https://racing.on.cc/racing/fav/current/rjfavf0101x0.html,news,oncc
2026-10-10 06:15:48,2026-10-11,7,6,領駿先鋒,東網馬經,兆文,西門獨貼士,https://racing.on.cc/racing/fav/current/rjfavf0101x0.html,news,oncc
2026-10-10 06:15:48,2026-10-11,7,14,開心五月,東網馬經,兆文,西門獨貼士,https://racing.on.cc/racing/fav/current/rjfavf0101x0.html,news,oncc
2026-10-10 06:15:48,2026-10-11,7,9,震撼人心,東網馬經,兆文,西門獨貼士,https://racing.on.cc/racing/fav/current/rjfavf0101x0.html,news,oncc
2026-10-10 06:15:48,2026-10-11,7,3,活力精神,東網馬經,兆文,西門獨貼士,https://racing.on.cc/racing/fav/current/rjfavf0101x0.html,news,oncc
2026-10-10 06:15:48,2026-10-11,7,5,步風影,東網馬經,兆文,西門獨貼士,https://racing.on.cc/racing/fav/current/rjfavf0101x0.html,news,oncc
2026-10-10 06:15:48,2026-10-11,8,1,旌採,東網馬經,兆文,西門獨貼士,https://racing.on.cc/racing/fav/current/rjfavf0101x0.html,news,oncc
2026-10-10 06:15:48,2026-10-11,8,11,華麗再贏,東網馬經,兆文,西門獨貼士,https://racing.on.cc/racing/fav/current/rjfavf0101x0.html,news,oncc
2026-10-10 06:15:48,2026-10-11,8,3,八仟財陞,東網馬經,兆文,西門獨貼士,https://racing.on.cc/racing/fav/current/rjfavf0101x0.html,news,oncc
2026-10-10 06:15:48,2026-10-11,8,8,同樣世界,東網馬經,兆文,西門獨貼士,https://racing.on.cc/racing/fav/current/rjfavf0101x0.html,news,oncc
2026-10-10 06:15:48,2026-10-11,8,6,鬥志波,東網馬經,兆文,西門獨貼士,https://racing.on.cc/racing/fav/current/rjfavf0101x0.html,news,oncc
2026-10-10 06:15:48,2026-10-11,9,3,開心指數,東網馬經,兆文,西門獨貼士,https://racing.on.cc/racing/fav/current/rjfavf0101x0.html,news,oncc
2026-10-10 06:15:48,2026-10-11,9,4,冷娃,東網馬經,兆文,西門獨貼士,https://racing.on.cc/racing/fav/current/rjfavf0101x0.html,news,oncc
2026-10-10 06:15:48,2026-10-11,9,10,香港仔,東網馬經,兆文,西門獨貼士,https://racing.on.cc/racing/fav/current/rjfavf0101x0.html,news,oncc
2026-10-10 06:15:48,2026-10-11,9,7,大愛無疆,東網馬經,兆文,西門獨貼士,https://racing.on.cc/racing/fav/current/rjfavf0101x0.html,news,oncc
2026-10-10 06:15:48,2026-10-11,9,1,駿步騰飛,東網馬經,兆文,西門獨貼士,https://racing.on.cc/racing/fav/current/rjfavf0101x0.html,news,oncc
2026-10-10 06:15:48,2026-10-11,10,2,泰坦,東網馬經,兆文,西門獨貼士,https://racing.on.cc/racing/fav/current/rjfavf0101x0.html,news,oncc
2026-10-10 06:15:48,2026-10-11,10,3,一世美麗,東網馬經,兆文,西門獨貼士,https://racing.on.cc/racing/fav/current/rjfavf0101x0.html,news,oncc
2026-10-10 06:15:48,2026-10-11,10,7,潮州精神,東網馬經,兆文,西門獨貼士,https://racing.on.cc/racing/fav/current/rjfavf0101x0.html,news,oncc
2026-10-10 06:15:48,2026-10-11,10,5,重情重義,東網馬經,兆文,西門獨貼士,https://racing.on.cc/racing/fav/current/rjfavf0101x0.html,news,oncc
2026-10-10 06:15:48,2026-10-11,10,9,星月飛雲,東網馬經,兆文,西門獨貼士,https://racing.on.cc/racing/fav/current/rjfavf0101x0.html,news,oncc
2026-10-10 06:15:48,2026-10-11,11,6,興馳千里,東網馬經,兆文,西門獨貼士,https://racing.on.cc/racing/fav/current/rjfavf0101x0.html,news,oncc
2026-10-10 06:15:48,2026-10-11,11,2,扶搖勢勁,東網馬經,兆文,西門獨貼士,https://racing.on.cc/racing/fav/current/rjfavf0101x0.html,news,oncc
2026-10-10 06:15:48,2026-10-11,11,11,寶進,東網馬經,兆文,西門獨貼士,https://racing.on.cc/racing/fav/current/rjfavf0101x0.html,news,oncc
2026-10-10 06:15:48,2026-10-11,11,3,嘉應奇兵,東網馬經,兆文,西門獨貼士,https://racing.on.cc/racing/fav/current/rjfavf0101x0.html,news,oncc
2026-10-10 06:15:48,2026-10-11,11,7,玩笑,東網馬經,兆文,西門獨貼士,https://racing.on.cc/racing/fav/current/rjfavf0101x0.html,news,oncc
2026-10-10 06:15:48,2026-10-07,1,9,連連好運,東網馬經,西門獨,西門獨／諸葛數貼士,https://racing.on.cc/racing/fav/current/rjfavf0201x0.html,news,oncc
2026-10-10 06:15:48,2026-10-07,1,1,獎星,東網馬經,西門獨,西門獨／諸葛數貼士,https://racing.on.cc/racing/fav/current/rjfavf0201x0.html,news,oncc
2026-10-10 06:15:48,2026-10-07,1,3,鴻圖大展,東網馬經,西門獨,西門獨／諸葛數貼士,https://racing.on.cc/racing/fav/current/rjfavf0201x0.html,news,oncc
2026-10-10 06:15:48,2026-10-07,1,6,競駿勇士,東網馬經,西門獨,西門獨／諸葛數貼士,https://racing.on.cc/racing/fav/current/rjfavf0201x0.html,news,oncc
2026-10-10 06:15:48,2026-10-07,2,6,千杯敬典,東網馬經,西門獨,西門獨／諸葛數貼士,https://racing.on.cc/racing/fav/current/rjfavf0201x0.html,news,oncc
2026-10-10 06:15:48,2026-10-07,2,10,天下寵兒,東網馬經,西門獨,西門獨／諸葛數貼士,https://racing.on.cc/racing/fav/current/rjfavf0201x0.html,news,oncc
2026-10-10 06:15:48,2026-10-07,2,2,幸運愉快,東網馬經,西門獨,西門獨／諸葛數貼士,https://racing.on.cc/racing/fav/current/rjfavf0201x0.html,news,oncc
2026-10-10 06:15:48,2026-10-07,2,1,本領多好,東網馬經,西門獨,西門獨／諸葛數貼士,https://racing.on.cc/racing/fav/current/rjfavf0201x0.html,news,oncc
2026-10-10 06:15:48,2026-10-07,3,8,金駒永騰,東網馬經,西門獨,西門獨／諸葛數貼士,https://racing.on.cc/racing/fav/current/rjfavf0201x0.html,news,oncc
2026-10-10 06:15:48,2026-10-07,3,6,有情有義,東網馬經,西門獨,西門獨／諸葛數貼士,https://racing.on.cc/racing/fav/current/rjfavf0201x0.html,news,oncc
2026-10-10 06:15:48,2026-10-07,3,4,卓越蒨鋒,東網馬經,西門獨,西門獨／諸葛數貼士,https://racing.on.cc/racing/fav/current/rjfavf0201x0.html,news,oncc
2026-10-10 06:15:48,2026-10-07,3,3,大文豪,東網馬經,西門獨,西門獨／諸葛數貼士,https://racing.on.cc/racing/fav/current/rjfavf0201x0.html,news,oncc
2026-10-10 06:15:48,2026-10-07,4,3,紅海勁,東網馬經,西門獨,西門獨／諸葛數貼士,https://racing.on.cc/racing/fav/current/rjfavf0201x0.html,news,oncc
2026-10-10 06:15:48,2026-10-07,4,8,超開心,東網馬經,西門獨,西門獨／諸葛數貼士,https://racing.on.cc/racing/fav/current/rjfavf0201x0.html,news,oncc
2026-10-10 06:15:48,2026-10-07,4,2,深心星,東網馬經,西門獨,西門獨／諸葛數貼士,https://racing.on.cc/racing/fav/current/rjfavf0201x0.html,news,oncc
2026-10-10 06:15:48,2026-10-07,4,12,瑞祺威楓,東網馬經,西門獨,西門獨／諸葛數貼士,https://racing.on.cc/racing/fav/current/rjfavf0201x0.html,news,oncc
2026-10-10 06:15:48,2026-10-07,5,4,巴閉王,東網馬經,西門獨,西門獨／諸葛數貼士,https://racing.on.cc/racing/fav/current/rjfavf0201x0.html,news,oncc
2026-10-10 06:15:48,2026-10-07,5,8,佐治傳奇,東網馬經,西門獨,西門獨／諸葛數貼士,https://racing.on.cc/racing/fav/current/rjfavf0201x0.html,news,oncc
2026-10-10 06:15:48,2026-10-07,5,6,美麗登場,東網馬經,西門獨,西門獨／諸葛數貼士,https://racing.on.cc/racing/fav/current/rjfavf0201x0.html,news,oncc
2026-10-10 06:15:48,2026-10-07,5,9,赤兔再世,東網馬經,西門獨,西門獨／諸葛數貼士,https://racing.on.cc/racing/fav/current/rjfavf0201x0.html,news,oncc
2026-10-10 06:15:48,2026-10-07,6,10,頑童,東網馬經,西門獨,西門獨／諸葛數貼士,https://racing.on.cc/racing/fav/current/rjfavf0201x0.html,news,oncc
2026-10-10 06:15:48,2026-10-07,6,9,後無來者,東網馬經,西門獨,西門獨／諸葛數貼士,https://racing.on.cc/racing/fav/current/rjfavf0201x0.html,news,oncc
2026-10-10 06:15:48,2026-10-07,6,7,文采風流,東網馬經,西門獨,西門獨／諸葛數貼士,https://racing.on.cc/racing/fav/current/rjfavf0201x0.html,news,oncc
2026-10-10 06:15:48,2026-10-07,6,2,龍虎精神,東網馬經,西門獨,西門獨／諸葛數貼士,https://racing.on.cc/racing/fav/current/rjfavf0201x0.html,news,oncc
2026-10-10 06:15:48,2026-10-07,7,10,天馬行雲,東網馬經,西門獨,西門獨／諸葛數貼士,https://racing.on.cc/racing/fav/current/rjfavf0201x0.html,news,oncc
2026-10-10 06:15:48,2026-10-07,7,1,晨曦儷人,東網馬經,西門獨,西門獨／諸葛數貼士,https://racing.on.cc/racing/fav/current/rjfavf0201x0.html,news,oncc
2026-10-10 06:15:48,2026-10-07,7,11,丞匡掠影,東網馬經,西門獨,西門獨／諸葛數貼士,https://racing.on.cc/racing/fav/current/rjfavf0201x0.html,news,oncc
2026-10-10 06:15:48,2026-10-07,7,5,觀眾之力,東網馬經,西門獨,西門獨／諸葛數貼士,https://racing.on.cc/racing/fav/current/rjfavf0201x0.html,news,oncc
2026-10-10 06:15:48,2026-10-07,8,2,幸運派彩,東網馬經,西門獨,西門獨／諸葛數貼士,https://racing.on.cc/racing/fav/current/rjfavf0201x0.html,news,oncc
2026-10-10 06:15:48,2026-10-07,8,1,一定超,東網馬經,西門獨,西門獨／諸葛數貼士,https://racing.on.cc/racing/fav/current/rjfavf0201x0.html,news,oncc
2026-10-10 06:15:48,2026-10-07,8,6,傲視同群,東網馬經,西門獨,西門獨／諸葛數貼士,https://racing.on.cc/racing/fav/current/rjfavf0201x0.html,news,oncc
2026-10-10 06:15:48,2026-10-07,8,10,財富非凡,東網馬經,西門獨,西門獨／諸葛數貼士,https://racing.on.cc/racing/fav/current/rjfavf0201x0.html,news,oncc
2026-10-10 06:15:48,2026-10-07,9,6,盈妍威楓,東網馬經,西門獨,西門獨／諸葛數貼士,https://racing.on.cc/racing/fav/current/rjfavf0201x0.html,news,oncc
2026-10-10 06:15:48,2026-10-07,9,7,星運少爵,東網馬經,西門獨,西門獨／諸葛數貼士,https://racing.on.cc/racing/fav/current/rjfavf0201x0.html,news,oncc
2026-10-10 06:15:48,2026-10-07,9,1,志滿同行,東網馬經,西門獨,西門獨／諸葛數貼士,https://racing.on.cc/racing/fav/current/rjfavf0201x0.html,news,oncc
2026-10-10 06:15:48,2026-10-07,9,9,烈焰光芒,東網馬經,西門獨,西門獨／諸葛數貼士,https://racing.on.cc/racing/fav/current/rjfavf0201x0.html,news,oncc
2026-10-10 06:15:48,2026-10-07,1,1,獎星,東網馬經,諸葛數,西門獨／諸葛數貼士,https://racing.on.cc/racing/fav/current/rjfavf0201x0.html,news,oncc
2026-10-10 06:15:48,2026-10-07,1,5,蜜蜜送,東網馬經,諸葛數,西門獨／諸葛數貼士,https://racing.on.cc/racing/fav/current/rjfavf0201x0.html,news,oncc
2026-10-10 06:15:48,2026-10-07,1,8,寶成智星,東網馬經,諸葛數,西門獨／諸葛數貼士,https://racing.on.cc/racing/fav/current/rjfavf0201x0.html,news,oncc
2026-10-10 06:15:48,2026-10-07,1,9,連連好運,東網馬經,諸葛數,西門獨／諸葛數貼士,https://racing.on.cc/racing/fav/current/rjfavf0201x0.html,news,oncc
2026-10-10 06:15:48,2026-10-07,2,2,幸運愉快,東網馬經,諸葛數,西門獨／諸葛數貼士,https://racing.on.cc/racing/fav/current/rjfavf0201x0.html,news,oncc
2026-10-10 06:15:48,2026-10-07,2,4,紅錢到,東網馬經,諸葛數,西門獨／諸葛數貼士,https://racing.on.cc/racing/fav/current/rjfavf0201x0.html,news,oncc
2026-10-10 06:15:48,2026-10-07,2,10,天下寵兒,東網馬經,諸葛數,西門獨／諸葛數貼士,https://racing.on.cc/racing/fav/current/rjfavf0201x0.html,news,oncc
2026-10-10 06:15:48,2026-10-07,2,5,環球英雄,東網馬經,諸葛數,西門獨／諸葛數貼士,https://racing.on.cc/racing/fav/current/rjfavf0201x0.html,news,oncc
2026-10-10 06:15:48,2026-10-07,3,4,卓越蒨鋒,東網馬經,諸葛數,西門獨／諸葛數貼士,https://racing.on.cc/racing/fav/current/rjfavf0201x0.html,news,oncc
2026-10-10 06:15:48,2026-10-07,3,6,有情有義,東網馬經,諸葛數,西門獨／諸葛數貼士,https://racing.on.cc/racing/fav/current/rjfavf0201x0.html,news,oncc
2026-10-10 06:15:48,2026-10-07,3,10,康昌之星,東網馬經,諸葛數,西門獨／諸葛數貼士,https://racing.on.cc/racing/fav/current/rjfavf0201x0.html,news,oncc
2026-10-10 06:15:48,2026-10-07,3,1,星願無限,東網馬經,諸葛數,西門獨／諸葛數貼士,https://racing.on.cc/racing/fav/current/rjfavf0201x0.html,news,oncc
2026-10-10 06:15:48,2026-10-07,4,1,爆笑,東網馬經,諸葛數,西門獨／諸葛數貼士,https://racing.on.cc/racing/fav/current/rjfavf0201x0.html,news,oncc
2026-10-10 06:15:48,2026-10-07,4,2,深心星,東網馬經,諸葛數,西門獨／諸葛數貼士,https://racing.on.cc/racing/fav/current/rjfavf0201x0.html,news,oncc
2026-10-10 06:15:48,2026-10-07,4,3,紅海勁,東網馬經,諸葛數,西門獨／諸葛數貼士,https://racing.on.cc/racing/fav/current/rjfavf0201x0.html,news,oncc
2026-10-10 06:15:48,2026-10-07,4,10,準希望,東網馬經,諸葛數,西門獨／諸葛數貼士,https://racing.on.cc/racing/fav/current/rjfavf0201x0.html,news,oncc
2026-10-10 06:15:48,2026-10-07,5,4,巴閉王,東網馬經,諸葛數,西門獨／諸葛數貼士,https://racing.on.cc/racing/fav/current/rjfavf0201x0.html,news,oncc
2026-10-10 06:15:48,2026-10-07,5,8,佐治傳奇,東網馬經,諸葛數,西門獨／諸葛數貼士,https://racing.on.cc/racing/fav/current/rjfavf0201x0.html,news,oncc
2026-10-10 06:15:48,2026-10-07,5,9,赤兔再世,東網馬經,諸葛數,西門獨／諸葛數貼士,https://racing.on.cc/racing/fav/current/rjfavf0201x0.html,news,oncc
2026-10-10 06:15:48,2026-10-07,5,1,鴻圖新星,東網馬經,諸葛數,西門獨／諸葛數貼士,https://racing.on.cc/racing/fav/current/rjfavf0201x0.html,news,oncc
2026-10-10 06:15:48,2026-10-07,6,10,頑童,東網馬經,諸葛數,西門獨／諸葛數貼士,https://racing.on.cc/racing/fav/current/rjfavf0201x0.html,news,oncc
2026-10-10 06:15:48,2026-10-07,6,2,龍虎精神,東網馬經,諸葛數,西門獨／諸葛數貼士,https://racing.on.cc/racing/fav/current/rjfavf0201x0.html,news,oncc
2026-10-10 06:15:48,2026-10-07,6,5,加州勇勝,東網馬經,諸葛數,西門獨／諸葛數貼士,https://racing.on.cc/racing/fav/current/rjfavf0201x0.html,news,oncc
2026-10-10 06:15:48,2026-10-07,6,1,添開心,東網馬經,諸葛數,西門獨／諸葛數貼士,https://racing.on.cc/racing/fav/current/rjfavf0201x0.html,news,oncc
2026-10-10 06:15:48,2026-10-07,7,11,丞匡掠影,東網馬經,諸葛數,西門獨／諸葛數貼士,https://racing.on.cc/racing/fav/current/rjfavf0201x0.html,news,oncc
2026-10-10 06:15:48,2026-10-07,7,2,東來欣賞,東網馬經,諸葛數,西門獨／諸葛數貼士,https://racing.on.cc/racing/fav/current/rjfavf0201x0.html,news,oncc
2026-10-10 06:15:48,2026-10-07,7,1,晨曦儷人,東網馬經,諸葛數,西門獨／諸葛數貼士,https://racing.on.cc/racing/fav/current/rjfavf0201x0.html,news,oncc
2026-10-10 06:15:48,2026-10-07,7,3,快活英雄,東網馬經,諸葛數,西門獨／諸葛數貼士,https://racing.on.cc/racing/fav/current/rjfavf0201x0.html,news,oncc
2026-10-10 06:15:48,2026-10-07,8,1,一定超,東網馬經,諸葛數,西門獨／諸葛數貼士,https://racing.on.cc/racing/fav/current/rjfavf0201x0.html,news,oncc
2026-10-10 06:15:48,2026-10-07,8,2,幸運派彩,東網馬經,諸葛數,西門獨／諸葛數貼士,https://racing.on.cc/racing/fav/current/rjfavf0201x0.html,news,oncc
2026-10-10 06:15:48,2026-10-07,8,3,盈好威楓,東網馬經,諸葛數,西門獨／諸葛數貼士,https://racing.on.cc/racing/fav/current/rjfavf0201x0.html,news,oncc
2026-10-10 06:15:48,2026-10-07,8,12,太子,東網馬經,諸葛數,西門獨／諸葛數貼士,https://racing.on.cc/racing/fav/current/rjfavf0201x0.html,news,oncc
2026-10-10 06:15:48,2026-10-07,9,6,盈妍威楓,東網馬經,諸葛數,西門獨／諸葛數貼士,https://racing.on.cc/racing/fav/current/rjfavf0201x0.html,news,oncc
2026-10-10 06:15:48,2026-10-07,9,1,志滿同行,東網馬經,諸葛數,西門獨／諸葛數貼士,https://racing.on.cc/racing/fav/current/rjfavf0201x0.html,news,oncc
2026-10-10 06:15:48,2026-10-07,9,7,星運少爵,東網馬經,諸葛數,西門獨／諸葛數貼士,https://racing.on.cc/racing/fav/current/rjfavf0201x0.html,news,oncc
2026-10-10 06:15:48,2026-10-07,9,5,傑出雷霆,東網馬經,諸葛數,西門獨／諸葛數貼士,https://racing.on.cc/racing/fav/current/rjfavf0201x0.html,news,oncc
2026-10-10 06:15:48,2026-10-07,1,9,連連好運,東網馬經,陳志懷,西門獨／諸葛數貼士,https://racing.on.cc/racing/fav/current/rjfavf0201x0.html,news,oncc
2026-10-10 06:15:48,2026-10-07,1,1,獎星,東網馬經,陳志懷,西門獨／諸葛數貼士,https://racing.on.cc/racing/fav/current/rjfavf0201x0.html,news,oncc
2026-10-10 06:15:48,2026-10-07,1,4,竣誠駒,東網馬經,陳志懷,西門獨／諸葛數貼士,https://racing.on.cc/racing/fav/current/rjfavf0201x0.html,news,oncc
2026-10-10 06:15:48,2026-10-07,1,11,幸運同行,東網馬經,陳志懷,西門獨／諸葛數貼士,https://racing.on.cc/racing/fav/current/rjfavf0201x0.html,news,oncc
2026-10-10 06:15:48,2026-10-07,2,10,天下寵兒,東網馬經,陳志懷,西門獨／諸葛數貼士,https://racing.on.cc/racing/fav/current/rjfavf0201x0.html,news,oncc
2026-10-10 06:15:48,2026-10-07,2,2,幸運愉快,東網馬經,陳志懷,西門獨／諸葛數貼士,https://racing.on.cc/racing/fav/current/rjfavf0201x0.html,news,oncc
2026-10-10 06:15:48,2026-10-07,2,6,千杯敬典,東網馬經,陳志懷,西門獨／諸葛數貼士,https://racing.on.cc/racing/fav/current/rjfavf0201x0.html,news,oncc
2026-10-10 06:15:48,2026-10-07,2,5,環球英雄,東網馬經,陳志懷,西門獨／諸葛數貼士,https://racing.on.cc/racing/fav/current/rjfavf0201x0.html,news,oncc
2026-10-10 06:15:48,2026-10-07,3,6,有情有義,東網馬經,陳志懷,西門獨／諸葛數貼士,https://racing.on.cc/racing/fav/current/rjfavf0201x0.html,news,oncc
2026-10-10 06:15:48,2026-10-07,3,8,金駒永騰,東網馬經,陳志懷,西門獨／諸葛數貼士,https://racing.on.cc/racing/fav/current/rjfavf0201x0.html,news,oncc
2026-10-10 06:15:48,2026-10-07,3,4,卓越蒨鋒,東網馬經,陳志懷,西門獨／諸葛數貼士,https://racing.on.cc/racing/fav/current/rjfavf0201x0.html,news,oncc
2026-10-10 06:15:48,2026-10-07,3,5,牛精新星,東網馬經,陳志懷,西門獨／諸葛數貼士,https://racing.on.cc/racing/fav/current/rjfavf0201x0.html,news,oncc
2026-10-10 06:15:48,2026-10-07,4,10,準希望,東網馬經,陳志懷,西門獨／諸葛數貼士,https://racing.on.cc/racing/fav/current/rjfavf0201x0.html,news,oncc
2026-10-10 06:15:48,2026-10-07,4,8,超開心,東網馬經,陳志懷,西門獨／諸葛數貼士,https://racing.on.cc/racing/fav/current/rjfavf0201x0.html,news,oncc
2026-10-10 06:15:48,2026-10-07,4,11,焦點,東網馬經,陳志懷,西門獨／諸葛數貼士,https://racing.on.cc/racing/fav/current/rjfavf0201x0.html,news,oncc
2026-10-10 06:15:48,2026-10-07,4,4,先到先得,東網馬經,陳志懷,西門獨／諸葛數貼士,https://racing.on.cc/racing/fav/current/rjfavf0201x0.html,news,oncc
2026-10-10 06:15:48,2026-10-07,5,11,杰遜仔,東網馬經,陳志懷,西門獨／諸葛數貼士,https://racing.on.cc/racing/fav/current/rjfavf0201x0.html,news,oncc
2026-10-10 06:15:48,2026-10-07,5,1,鴻圖新星,東網馬經,陳志懷,西門獨／諸葛數貼士,https://racing.on.cc/racing/fav/current/rjfavf0201x0.html,news,oncc
2026-10-10 06:15:48,2026-10-07,5,4,巴閉王,東網馬經,陳志懷,西門獨／諸葛數貼士,https://racing.on.cc/racing/fav/current/rjfavf0201x0.html,news,oncc
2026-10-10 06:15:48,2026-10-07,5,5,銳目,東網馬經,陳志懷,西門獨／諸葛數貼士,https://racing.on.cc/racing/fav/current/rjfavf0201x0.html,news,oncc
2026-10-10 06:15:48,2026-10-07,6,10,頑童,東網馬經,陳志懷,西門獨／諸葛數貼士,https://racing.on.cc/racing/fav/current/rjfavf0201x0.html,news,oncc
2026-10-10 06:15:48,2026-10-07,6,3,星威心得,東網馬經,陳志懷,西門獨／諸葛數貼士,https://racing.on.cc/racing/fav/current/rjfavf0201x0.html,news,oncc
2026-10-10 06:15:48,2026-10-07,6,2,龍虎精神,東網馬經,陳志懷,西門獨／諸葛數貼士,https://racing.on.cc/racing/fav/current/rjfavf0201x0.html,news,oncc
2026-10-10 06:15:48,2026-10-07,6,5,加州勇勝,東網馬經,陳志懷,西門獨／諸葛數貼士,https://racing.on.cc/racing/fav/current/rjfavf0201x0.html,news,oncc
2026-10-10 06:15:48,2026-10-07,7,5,觀眾之力,東網馬經,陳志懷,西門獨／諸葛數貼士,https://racing.on.cc/racing/fav/current/rjfavf0201x0.html,news,oncc
2026-10-10 06:15:48,2026-10-07,7,2,東來欣賞,東網馬經,陳志懷,西門獨／諸葛數貼士,https://racing.on.cc/racing/fav/current/rjfavf0201x0.html,news,oncc
2026-10-10 06:15:48,2026-10-07,7,11,丞匡掠影,東網馬經,陳志懷,西門獨／諸葛數貼士,https://racing.on.cc/racing/fav/current/rjfavf0201x0.html,news,oncc
2026-10-10 06:15:48,2026-10-07,7,10,天馬行雲,東網馬經,陳志懷,西門獨／諸葛數貼士,https://racing.on.cc/racing/fav/current/rjfavf0201x0.html,news,oncc
2026-10-10 06:15:48,2026-10-07,8,3,盈好威楓,東網馬經,陳志懷,西門獨／諸葛數貼士,https://racing.on.cc/racing/fav/current/rjfavf0201x0.html,news,oncc
2026-10-10 06:15:48,2026-10-07,8,2,幸運派彩,東網馬經,陳志懷,西門獨／諸葛數貼士,https://racing.on.cc/racing/fav/current/rjfavf0201x0.html,news,oncc
2026-10-10 06:15:48,2026-10-07,8,1,一定超,東網馬經,陳志懷,西門獨／諸葛數貼士,https://racing.on.cc/racing/fav/current/rjfavf0201x0.html,news,oncc
2026-10-10 06:15:48,2026-10-07,8,12,太子,東網馬經,陳志懷,西門獨／諸葛數貼士,https://racing.on.cc/racing/fav/current/rjfavf0201x0.html,news,oncc
2026-10-10 06:15:48,2026-10-07,9,7,星運少爵,東網馬經,陳志懷,西門獨／諸葛數貼士,https://racing.on.cc/racing/fav/current/rjfavf0201x0.html,news,oncc
2026-10-10 06:15:48,2026-10-07,9,6,盈妍威楓,東網馬經,陳志懷,西門獨／諸葛數貼士,https://racing.on.cc/racing/fav/current/rjfavf0201x0.html,news,oncc
2026-10-10 06:15:48,2026-10-07,9,1,志滿同行,東網馬經,陳志懷,西門獨／諸葛數貼士,https://racing.on.cc/racing/fav/current/rjfavf0201x0.html,news,oncc
2026-10-10 06:15:48,2026-10-07,9,5,傑出雷霆,東網馬經,陳志懷,西門獨／諸葛數貼士,https://racing.on.cc/racing/fav/current/rjfavf0201x0.html,news,oncc
2026-10-10 06:15:48,2026-10-07,1,9,連連好運,東網馬經,明治朗,西門獨／諸葛數貼士,https://racing.on.cc/racing/fav/current/rjfavf0201x0.html,news,oncc
2026-10-10 06:15:48,2026-10-07,1,1,獎星,東網馬經,明治朗,西門獨／諸葛數貼士,https://racing.on.cc/racing/fav/current/rjfavf0201x0.html,news,oncc
2026-10-10 06:15:48,2026-10-07,1,10,揚威四海,東網馬經,明治朗,西門獨／諸葛數貼士,https://racing.on.cc/racing/fav/current/rjfavf0201x0.html,news,oncc
2026-10-10 06:15:48,2026-10-07,1,11,幸運同行,東網馬經,明治朗,西門獨／諸葛數貼士,https://racing.on.cc/racing/fav/current/rjfavf0201x0.html,news,oncc
2026-10-10 06:15:48,2026-10-07,2,10,天下寵兒,東網馬經,明治朗,西門獨／諸葛數貼士,https://racing.on.cc/racing/fav/current/rjfavf0201x0.html,news,oncc
2026-10-10 06:15:48,2026-10-07,2,2,幸運愉快,東網馬經,明治朗,西門獨／諸葛數貼士,https://racing.on.cc/racing/fav/current/rjfavf0201x0.html,news,oncc
2026-10-10 06:15:48,2026-10-07,2,4,紅錢到,東網馬經,明治朗,西門獨／諸葛數貼士,https://racing.on.cc/racing/fav/current/rjfavf0201x0.html,news,oncc
2026-10-10 06:15:48,2026-10-07,2,12,智勝攻略,東網馬經,明治朗,西門獨／諸葛數貼士,https://racing.on.cc/racing/fav/current/rjfavf0201x0.html,news,oncc
2026-10-10 06:15:48,2026-10-07,3,10,康昌之星,東網馬經,明治朗,西門獨／諸葛數貼士,https://racing.on.cc/racing/fav/current/rjfavf0201x0.html,news,oncc
2026-10-10 06:15:48,2026-10-07,3,4,卓越蒨鋒,東網馬經,明治朗,西門獨／諸葛數貼士,https://racing.on.cc/racing/fav/current/rjfavf0201x0.html,news,oncc
2026-10-10 06:15:48,2026-10-07,3,1,星願無限,東網馬經,明治朗,西門獨／諸葛數貼士,https://racing.on.cc/racing/fav/current/rjfavf0201x0.html,news,oncc
2026-10-10 06:15:48,2026-10-07,3,8,金駒永騰,東網馬經,明治朗,西門獨／諸葛數貼士,https://racing.on.cc/racing/fav/current/rjfavf0201x0.html,news,oncc
2026-10-10 06:15:48,2026-10-07,4,8,超開心,東網馬經,明治朗,西門獨／諸葛數貼士,https://racing.on.cc/racing/fav/current/rjfavf0201x0.html,news,oncc
2026-10-10 06:15:48,2026-10-07,4,2,深心星,東網馬經,明治朗,西門獨／諸葛數貼士,https://racing.on.cc/racing/fav/current/rjfavf0201x0.html,news,oncc
2026-10-10 06:15:48,2026-10-07,4,10,準希望,東網馬經,明治朗,西門獨／諸葛數貼士,https://racing.on.cc/racing/fav/current/rjfavf0201x0.html,news,oncc
2026-10-10 06:15:48,2026-10-07,4,12,瑞祺威楓,東網馬經,明治朗,西門獨／諸葛數貼士,https://racing.on.cc/racing/fav/current/rjfavf0201x0.html,news,oncc
2026-10-10 06:15:48,2026-10-07,5,6,美麗登場,東網馬經,明治朗,西門獨／諸葛數貼士,https://racing.on.cc/racing/fav/current/rjfavf0201x0.html,news,oncc
2026-10-10 06:15:48,2026-10-07,5,4,巴閉王,東網馬經,明治朗,西門獨／諸葛數貼士,https://racing.on.cc/racing/fav/current/rjfavf0201x0.html,news,oncc
2026-10-10 06:15:48,2026-10-07,5,8,佐治傳奇,東網馬經,明治朗,西門獨／諸葛數貼士,https://racing.on.cc/racing/fav/current/rjfavf0201x0.html,news,oncc
2026-10-10 06:15:48,2026-10-07,5,5,銳目,東網馬經,明治朗,西門獨／諸葛數貼士,https://racing.on.cc/racing/fav/current/rjfavf0201x0.html,news,oncc
2026-10-10 06:15:48,2026-10-07,6,4,銳不可當,東網馬經,明治朗,西門獨／諸葛數貼士,https://racing.on.cc/racing/fav/current/rjfavf0201x0.html,news,oncc
2026-10-10 06:15:48,2026-10-07,6,7,文采風流,東網馬經,明治朗,西門獨／諸葛數貼士,https://racing.on.cc/racing/fav/current/rjfavf0201x0.html,news,oncc
2026-10-10 06:15:48,2026-10-07,6,10,頑童,東網馬經,明治朗,西門獨／諸葛數貼士,https://racing.on.cc/racing/fav/current/rjfavf0201x0.html,news,oncc
2026-10-10 06:15:48,2026-10-07,6,2,龍虎精神,東網馬經,明治朗,西門獨／諸葛數貼士,https://racing.on.cc/racing/fav/current/rjfavf0201x0.html,news,oncc
2026-10-10 06:15:48,2026-10-07,7,5,觀眾之力,東網馬經,明治朗,西門獨／諸葛數貼士,https://racing.on.cc/racing/fav/current/rjfavf0201x0.html,news,oncc
2026-10-10 06:15:48,2026-10-07,7,2,東來欣賞,東網馬經,明治朗,西門獨／諸葛數貼士,https://racing.on.cc/racing/fav/current/rjfavf0201x0.html,news,oncc
2026-10-10 06:15:48,2026-10-07,7,9,朗日自強,東網馬經,明治朗,西門獨／諸葛數貼士,https://racing.on.cc/racing/fav/current/rjfavf0201x0.html,news,oncc
2026-10-10 06:15:48,2026-10-07,7,11,丞匡掠影,東網馬經,明治朗,西門獨／諸葛數貼士,https://racing.on.cc/racing/fav/current/rjfavf0201x0.html,news,oncc
2026-10-10 06:15:48,2026-10-07,8,9,大千雄心,東網馬經,明治朗,西門獨／諸葛數貼士,https://racing.on.cc/racing/fav/current/rjfavf0201x0.html,news,oncc
2026-10-10 06:15:48,2026-10-07,8,1,一定超,東網馬經,明治朗,西門獨／諸葛數貼士,https://racing.on.cc/racing/fav/current/rjfavf0201x0.html,news,oncc
2026-10-10 06:15:48,2026-10-07,8,2,幸運派彩,東網馬經,明治朗,西門獨／諸葛數貼士,https://racing.on.cc/racing/fav/current/rjfavf0201x0.html,news,oncc
2026-10-10 06:15:48,2026-10-07,8,12,太子,東網馬經,明治朗,西門獨／諸葛數貼士,https://racing.on.cc/racing/fav/current/rjfavf0201x0.html,news,oncc
2026-10-10 06:15:48,2026-10-07,9,5,傑出雷霆,東網馬經,明治朗,西門獨／諸葛數貼士,https://racing.on.cc/racing/fav/current/rjfavf0201x0.html,news,oncc
2026-10-10 06:15:48,2026-10-07,9,1,志滿同行,東網馬經,明治朗,西門獨／諸葛數貼士,https://racing.on.cc/racing/fav/current/rjfavf0201x0.html,news,oncc
2026-10-10 06:15:48,2026-10-07,9,7,星運少爵,東網馬經,明治朗,西門獨／諸葛數貼士,https://racing.on.cc/racing/fav/current/rjfavf0201x0.html,news,oncc
2026-10-10 06:15:48,2026-10-07,9,2,馬達,東網馬經,明治朗,西門獨／諸葛數貼士,https://racing.on.cc/racing/fav/current/rjfavf0201x0.html,news,oncc
2026-10-10 06:15:48,2026-10-07,1,1,獎星,東網馬經,兆文,西門獨／諸葛數貼士,https://racing.on.cc/racing/fav/current/rjfavf0201x0.html,news,oncc
2026-10-10 06:15:48,2026-10-07,1,9,連連好運,東網馬經,兆文,西門獨／諸葛數貼士,https://racing.on.cc/racing/fav/current/rjfavf0201x0.html,news,oncc
2026-10-10 06:15:48,2026-10-07,1,5,蜜蜜送,東網馬經,兆文,西門獨／諸葛數貼士,https://racing.on.cc/racing/fav/current/rjfavf0201x0.html,news,oncc
2026-10-10 06:15:48,2026-10-07,1,6,競駿勇士,東網馬經,兆文,西門獨／諸葛數貼士,https://racing.on.cc/racing/fav/current/rjfavf0201x0.html,news,oncc
2026-10-10 06:15:48,2026-10-07,2,2,幸運愉快,東網馬經,兆文,西門獨／諸葛數貼士,https://racing.on.cc/racing/fav/current/rjfavf0201x0.html,news,oncc
2026-10-10 06:15:48,2026-10-07,2,10,天下寵兒,東網馬經,兆文,西門獨／諸葛數貼士,https://racing.on.cc/racing/fav/current/rjfavf0201x0.html,news,oncc
2026-10-10 06:15:48,2026-10-07,2,4,紅錢到,東網馬經,兆文,西門獨／諸葛數貼士,https://racing.on.cc/racing/fav/current/rjfavf0201x0.html,news,oncc
2026-10-10 06:15:48,2026-10-07,2,5,環球英雄,東網馬經,兆文,西門獨／諸葛數貼士,https://racing.on.cc/racing/fav/current/rjfavf0201x0.html,news,oncc
2026-10-10 06:15:48,2026-10-07,3,8,金駒永騰,東網馬經,兆文,西門獨／諸葛數貼士,https://racing.on.cc/racing/fav/current/rjfavf0201x0.html,news,oncc
2026-10-10 06:15:48,2026-10-07,3,4,卓越蒨鋒,東網馬經,兆文,西門獨／諸葛數貼士,https://racing.on.cc/racing/fav/current/rjfavf0201x0.html,news,oncc
2026-10-10 06:15:48,2026-10-07,3,1,星願無限,東網馬經,兆文,西門獨／諸葛數貼士,https://racing.on.cc/racing/fav/current/rjfavf0201x0.html,news,oncc
2026-10-10 06:15:48,2026-10-07,3,6,有情有義,東網馬經,兆文,西門獨／諸葛數貼士,https://racing.on.cc/racing/fav/current/rjfavf0201x0.html,news,oncc
2026-10-10 06:15:48,2026-10-07,4,10,準希望,東網馬經,兆文,西門獨／諸葛數貼士,https://racing.on.cc/racing/fav/current/rjfavf0201x0.html,news,oncc
2026-10-10 06:15:48,2026-10-07,4,8,超開心,東網馬經,兆文,西門獨／諸葛數貼士,https://racing.on.cc/racing/fav/current/rjfavf0201x0.html,news,oncc
2026-10-10 06:15:48,2026-10-07,4,2,深心星,東網馬經,兆文,西門獨／諸葛數貼士,https://racing.on.cc/racing/fav/current/rjfavf0201x0.html,news,oncc
2026-10-10 06:15:48,2026-10-07,4,1,爆笑,東網馬經,兆文,西門獨／諸葛數貼士,https://racing.on.cc/racing/fav/current/rjfavf0201x0.html,news,oncc
2026-10-10 06:15:48,2026-10-07,5,4,巴閉王,東網馬經,兆文,西門獨／諸葛數貼士,https://racing.on.cc/racing/fav/current/rjfavf0201x0.html,news,oncc
2026-10-10 06:15:48,2026-10-07,5,8,佐治傳奇,東網馬經,兆文,西門獨／諸葛數貼士,https://racing.on.cc/racing/fav/current/rjfavf0201x0.html,news,oncc
2026-10-10 06:15:48,2026-10-07,5,1,鴻圖新星,東網馬經,兆文,西門獨／諸葛數貼士,https://racing.on.cc/racing/fav/current/rjfavf0201x0.html,news,oncc
2026-10-10 06:15:48,2026-10-07,5,5,銳目,東網馬經,兆文,西門獨／諸葛數貼士,https://racing.on.cc/racing/fav/current/rjfavf0201x0.html,news,oncc
2026-10-10 06:15:48,2026-10-07,6,9,後無來者,東網馬經,兆文,西門獨／諸葛數貼士,https://racing.on.cc/racing/fav/current/rjfavf0201x0.html,news,oncc
2026-10-10 06:15:48,2026-10-07,6,10,頑童,東網馬經,兆文,西門獨／諸葛數貼士,https://racing.on.cc/racing/fav/current/rjfavf0201x0.html,news,oncc
2026-10-10 06:15:48,2026-10-07,6,2,龍虎精神,東網馬經,兆文,西門獨／諸葛數貼士,https://racing.on.cc/racing/fav/current/rjfavf0201x0.html,news,oncc
2026-10-10 06:15:48,2026-10-07,6,5,加州勇勝,東網馬經,兆文,西門獨／諸葛數貼士,https://racing.on.cc/racing/fav/current/rjfavf0201x0.html,news,oncc
2026-10-10 06:15:48,2026-10-07,7,5,觀眾之力,東網馬經,兆文,西門獨／諸葛數貼士,https://racing.on.cc/racing/fav/current/rjfavf0201x0.html,news,oncc
2026-10-10 06:15:48,2026-10-07,7,2,東來欣賞,東網馬經,兆文,西門獨／諸葛數貼士,https://racing.on.cc/racing/fav/current/rjfavf0201x0.html,news,oncc
2026-10-10 06:15:48,2026-10-07,7,11,丞匡掠影,東網馬經,兆文,西門獨／諸葛數貼士,https://racing.on.cc/racing/fav/current/rjfavf0201x0.html,news,oncc
2026-10-10 06:15:48,2026-10-07,7,7,耀寶,東網馬經,兆文,西門獨／諸葛數貼士,https://racing.on.cc/racing/fav/current/rjfavf0201x0.html,news,oncc
2026-10-10 06:15:48,2026-10-07,8,1,一定超,東網馬經,兆文,西門獨／諸葛數貼士,https://racing.on.cc/racing/fav/current/rjfavf0201x0.html,news,oncc
2026-10-10 06:15:48,2026-10-07,8,2,幸運派彩,東網馬經,兆文,西門獨／諸葛數貼士,https://racing.on.cc/racing/fav/current/rjfavf0201x0.html,news,oncc
2026-10-10 06:15:48,2026-10-07,8,10,財富非凡,東網馬經,兆文,西門獨／諸葛數貼士,https://racing.on.cc/racing/fav/current/rjfavf0201x0.html,news,oncc
2026-10-10 06:15:48,2026-10-07,8,5,自動自覺,東網馬經,兆文,西門獨／諸葛數貼士,https://racing.on.cc/racing/fav/current/rjfavf0201x0.html,news,oncc
2026-10-10 06:15:48,2026-10-07,9,7,星運少爵,東網馬經,兆文,西門獨／諸葛數貼士,https://racing.on.cc/racing/fav/current/rjfavf0201x0.html,news,oncc
2026-10-10 06:15:48,2026-10-07,9,1,志滿同行,東網馬經,兆文,西門獨／諸葛數貼士,https://racing.on.cc/racing/fav/current/rjfavf0201x0.html,news,oncc
2026-10-10 06:15:48,2026-10-07,9,9,烈焰光芒,東網馬經,兆文,西門獨／諸葛數貼士,https://racing.on.cc/racing/fav/current/rjfavf0201x0.html,news,oncc
2026-10-10 06:15:48,2026-10-07,9,5,傑出雷霆,東網馬經,兆文,西門獨／諸葛數貼士,https://racing.on.cc/racing/fav/current/rjfavf0201x0.html,news,oncc
2026-10-10 06:15:48,2026-10-07,1,4,竣誠駒,東網馬經,東網馬經,東網馬經,https://racing.on.cc/racing/fav/current/rjfavf0301x0.html,news,oncc
2026-10-10 06:15:48,2026-10-07,1,1,獎星,東網馬經,東網馬經,東網馬經,https://racing.on.cc/racing/fav/current/rjfavf0301x0.html,news,oncc
2026-10-10 06:15:48,2026-10-07,1,6,競駿勇士,東網馬經,東網馬經,東網馬經,https://racing.on.cc/racing/fav/current/rjfavf0301x0.html,news,oncc
2026-10-10 06:15:48,2026-10-07,1,9,連連好運,東網馬經,東網馬經,東網馬經,https://racing.on.cc/racing/fav/current/rjfavf0301x0.html,news,oncc
2026-10-10 06:15:48,2026-10-07,2,2,幸運愉快,東網馬經,東網馬經,東網馬經,https://racing.on.cc/racing/fav/current/rjfavf0301x0.html,news,oncc
2026-10-10 06:15:48,2026-10-07,2,4,紅錢到,東網馬經,東網馬經,東網馬經,https://racing.on.cc/racing/fav/current/rjfavf0301x0.html,news,oncc
2026-10-10 06:15:48,2026-10-07,2,6,千杯敬典,東網馬經,東網馬經,東網馬經,https://racing.on.cc/racing/fav/current/rjfavf0301x0.html,news,oncc
2026-10-10 06:15:48,2026-10-07,2,10,天下寵兒,東網馬經,東網馬經,東網馬經,https://racing.on.cc/racing/fav/current/rjfavf0301x0.html,news,oncc
2026-10-10 06:15:48,2026-10-07,3,1,星願無限,東網馬經,東網馬經,東網馬經,https://racing.on.cc/racing/fav/current/rjfavf0301x0.html,news,oncc
2026-10-10 06:15:48,2026-10-07,3,4,卓越蒨鋒,東網馬經,東網馬經,東網馬經,https://racing.on.cc/racing/fav/current/rjfavf0301x0.html,news,oncc
2026-10-10 06:15:48,2026-10-07,3,6,有情有義,東網馬經,東網馬經,東網馬經,https://racing.on.cc/racing/fav/current/rjfavf0301x0.html,news,oncc
2026-10-10 06:15:48,2026-10-07,3,10,康昌之星,東網馬經,東網馬經,東網馬經,https://racing.on.cc/racing/fav/current/rjfavf0301x0.html,news,oncc
2026-10-10 06:15:48,2026-10-07,4,2,深心星,東網馬經,東網馬經,東網馬經,https://racing.on.cc/racing/fav/current/rjfavf0301x0.html,news,oncc
2026-10-10 06:15:48,2026-10-07,4,8,超開心,東網馬經,東網馬經,東網馬經,https://racing.on.cc/racing/fav/current/rjfavf0301x0.html,news,oncc
2026-10-10 06:15:48,2026-10-07,4,10,準希望,東網馬經,東網馬經,東網馬經,https://racing.on.cc/racing/fav/current/rjfavf0301x0.html,news,oncc
2026-10-10 06:15:48,2026-10-07,4,3,紅海勁,東網馬經,東網馬經,東網馬經,https://racing.on.cc/racing/fav/current/rjfavf0301x0.html,news,oncc
2026-10-10 06:15:48,2026-10-07,5,4,巴閉王,東網馬經,東網馬經,東網馬經,https://racing.on.cc/racing/fav/current/rjfavf0301x0.html,news,oncc
2026-10-10 06:15:48,2026-10-07,5,6,美麗登場,東網馬經,東網馬經,東網馬經,https://racing.on.cc/racing/fav/current/rjfavf0301x0.html,news,oncc
2026-10-10 06:15:48,2026-10-07,5,8,佐治傳奇,東網馬經,東網馬經,東網馬經,https://racing.on.cc/racing/fav/current/rjfavf0301x0.html,news,oncc
2026-10-10 06:15:48,2026-10-07,5,9,赤兔再世,東網馬經,東網馬經,東網馬經,https://racing.on.cc/racing/fav/current/rjfavf0301x0.html,news,oncc
2026-10-10 06:15:48,2026-10-07,6,2,龍虎精神,東網馬經,東網馬經,東網馬經,https://racing.on.cc/racing/fav/current/rjfavf0301x0.html,news,oncc
2026-10-10 06:15:48,2026-10-07,6,9,後無來者,東網馬經,東網馬經,東網馬經,https://racing.on.cc/racing/fav/current/rjfavf0301x0.html,news,oncc
2026-10-10 06:15:48,2026-10-07,6,10,頑童,東網馬經,東網馬經,東網馬經,https://racing.on.cc/racing/fav/current/rjfavf0301x0.html,news,oncc
2026-10-10 06:15:48,2026-10-07,6,4,銳不可當,東網馬經,東網馬經,東網馬經,https://racing.on.cc/racing/fav/current/rjfavf0301x0.html,news,oncc
2026-10-10 06:15:48,2026-10-07,7,9,朗日自強,東網馬經,東網馬經,東網馬經,https://racing.on.cc/racing/fav/current/rjfavf0301x0.html,news,oncc
2026-10-10 06:15:48,2026-10-07,7,3,快活英雄,東網馬經,東網馬經,東網馬經,https://racing.on.cc/racing/fav/current/rjfavf0301x0.html,news,oncc
2026-10-10 06:15:48,2026-10-07,7,4,幸運星球,東網馬經,東網馬經,東網馬經,https://racing.on.cc/racing/fav/current/rjfavf0301x0.html,news,oncc
2026-10-10 06:15:48,2026-10-07,7,11,丞匡掠影,東網馬經,東網馬經,東網馬經,https://racing.on.cc/racing/fav/current/rjfavf0301x0.html,news,oncc
2026-10-10 06:15:48,2026-10-07,8,2,幸運派彩,東網馬經,東網馬經,東網馬經,https://racing.on.cc/racing/fav/current/rjfavf0301x0.html,news,oncc
2026-10-10 06:15:48,2026-10-07,8,1,一定超,東網馬經,東網馬經,東網馬經,https://racing.on.cc/racing/fav/current/rjfavf0301x0.html,news,oncc
2026-10-10 06:15:48,2026-10-07,8,3,盈好威楓,東網馬經,東網馬經,東網馬經,https://racing.on.cc/racing/fav/current/rjfavf0301x0.html,news,oncc
2026-10-10 06:15:48,2026-10-07,8,12,太子,東網馬經,東網馬經,東網馬經,https://racing.on.cc/racing/fav/current/rjfavf0301x0.html,news,oncc
2026-10-10 06:15:48,2026-10-07,9,1,志滿同行,東網馬經,東網馬經,東網馬經,https://racing.on.cc/racing/fav/current/rjfavf0301x0.html,news,oncc
2026-10-10 06:15:48,2026-10-07,9,7,星運少爵,東網馬經,東網馬經,東網馬經,https://racing.on.cc/racing/fav/current/rjfavf0301x0.html,news,oncc
2026-10-10 06:15:48,2026-10-07,9,8,可靠大師,東網馬經,東網馬經,東網馬經,https://racing.on.cc/racing/fav/current/rjfavf0301x0.html,news,oncc
2026-10-10 06:15:48,2026-10-07,9,9,烈焰光芒,東網馬經,東網馬經,東網馬經,https://racing.on.cc/racing/fav/current/rjfavf0301x0.html,news,oncc
2026-10-10 06:15:48,2026-10-10,,,泰坦,星島頭條,岑健龍欣賞兩騎師 名下馬「泰坦」進步爭出,岑健龍欣賞兩騎師 名下馬「泰坦」進步爭出頭,https://www.stheadline.com/realtime-racing/3624538/岑健龍欣賞兩騎師-名下馬泰坦進步爭出頭,news,
2026-10-10 06:15:48,2026-10-10,,,蜜蜜送,星島頭條,岑健龍欣賞兩騎師 名下馬「泰坦」進步爭出,岑健龍欣賞兩騎師 名下馬「泰坦」進步爭出頭,https://www.stheadline.com/realtime-racing/3624538/岑健龍欣賞兩騎師-名下馬泰坦進步爭出頭,news,
